run_id,run_timestamp,governance_item_id,rule_id,rule_name,business_name,severity,status,records_evaluated,passed_count,failed_count,error_count,error_message,records_shorter_than_4,records_longer_than_11,blank_policy_numbers,null_policy_numbers,distinct_company_codes,distinct_account_numbers,distinct_company_account_combinations,duplicate_combinations,records_involved_in_duplicates,blank_company_codes,null_company_codes,blank_account_numbers,null_account_numbers,valid_company_references,missing_company_references,blank_company_references,null_company_references,references_to_duplicated_quikcomp,distinct_group_numbers,duplicate_group_numbers,blank_group_numbers,null_group_numbers,populated_billing_names,blank_billing_names,null_billing_names,records_matching_expected_value,records_with_other_value,blank_values,null_values,unreadable_values
DG-20260718_102405_823544,2026-07-18 10:24:05,DG-QUIKLIST,DG-QUIKLIST-001,Validate Unique QuikList Group Number,Group Number Must Be Unique,Critical,FAIL,2,0,2,0,,,,,,,,,,2,,,,,,,,,,1,1,0,0,,,,,,,,
DG-20260718_102405_823544,2026-07-18 10:24:05,DG-QUIKLIST,DG-QUIKLIST-002,Validate QuikList Company Reference,QuikList Company Code Must Exist in QuikComp,Critical,FAIL,2,0,2,0,,,,,,,,,,,,,,,0,1,0,0,1,,,,,,,,,,,,
DG-20260718_102405_823544,2026-07-18 10:24:05,DG-QUIKLIST,DG-QUIKLIST-003,Validate Required QuikList Billing Name,Group Billing Name Must Be Populated,Critical,FAIL,2,1,1,0,,,,,,,,,,,,,,,,,,,,,,,,1,1,0,,,,,
DG-20260718_102405_823544,2026-07-18 10:24:05,DG-QUIKLIST,DG-QUIKLIST-004,Validate QuikList MSORT Default,Group Bill Sort Must Default to N,Error,FAIL,2,1,1,0,,,,,,,,,,,,,,,,,,,,,,,,,,,1,1,0,0,0
DG-20260718_102405_823544,2026-07-18 10:24:05,DG-QUIKLIST,DG-QUIKLIST-005,Validate QuikList MLAPSEL Default,Life Lapse Days Must Default to Zero,Error,FAIL,2,1,1,0,,,,,,,,,,,,,,,,,,,,,,,,,,,1,1,0,0,0
DG-20260718_102405_823544,2026-07-18 10:24:05,DG-QUIKLIST,DG-QUIKLIST-006,Validate QuikList MLAPSEH Default,Health and Accident Lapse Days Must Default to Zero,Error,FAIL,2,1,1,0,,,,,,,,,,,,,,,,,,,,,,,,,,,1,1,0,0,0
DG-20260718_102405_823544,2026-07-18 10:24:05,DG-QUIKLIST,DG-QUIKLIST-007,Validate QuikList MSTATUS Default,Group Status Must Default to Active,Error,FAIL,2,1,1,0,,,,,,,,,,,,,,,,,,,,,,,,,,,1,1,0,0,0
DG-20260718_102405_823544,2026-07-18 10:24:05,DG-QUIKLIST,DG-QUIKLIST-008,Validate QuikList MBILLDAY Default,Group Bill Day Must Default to Zero,Error,FAIL,2,1,1,0,,,,,,,,,,,,,,,,,,,,,,,,,,,1,1,0,0,0
DG-20260718_102405_823544,2026-07-18 10:24:05,DG-QUIKLIST,DG-QUIKLIST-009,Validate QuikList MBILLMODE Default,Group Bill Mode Must Default to Zero,Error,FAIL,2,1,1,0,,,,,,,,,,,,,,,,,,,,,,,,,,,1,1,0,0,0
