PLAN,KEY_TABLE,MORT,ETIMORT,NFOINT,INTMETHCV,RSVINT,RSVMETH,INTMETHTV,STOREMEANS,CALCMIDS,NOTES
10.822,QuikPlCv,,,,,,,,,,OBQ-2 — fill before QLAdmin load
100GDB,QuikPlCv,,,,,,,,,,OBQ-2 — fill before QLAdmin load
10101G,QuikPlCv,,,,,,,,,,OBQ-2 — fill before QLAdmin load
103PFN,QuikPlCv,,,,,,,,,,OBQ-2 — fill before QLAdmin load
103PFS,QuikPlCv,,,,,,,,,,OBQ-2 — fill before QLAdmin load
103PMN,QuikPlCv,,,,,,,,,,OBQ-2 — fill before QLAdmin load
103PMS,QuikPlCv,,,,,,,,,,OBQ-2 — fill before QLAdmin load
103R1F,QuikPlCv,,,,,,,,,,OBQ-2 — fill before QLAdmin load
103R1M,QuikPlCv,,,,,,,,,,OBQ-2 — fill before QLAdmin load
103R2G,QuikPlCv,,,,,,,,,,OBQ-2 — fill before QLAdmin load
103R5F,QuikPlCv,,,,,,,,,,OBQ-2 — fill before QLAdmin load
103R5M,QuikPlCv,,,,,,,,,,OBQ-2 — fill before QLAdmin load
103R6G,QuikPlCv,,,,,,,,,,OBQ-2 — fill before QLAdmin load
103RWG,QuikPlCv,,,,,,,,,,OBQ-2 — fill before QLAdmin load
103X1F,QuikPlCv,,,,,,,,,,OBQ-2 — fill before QLAdmin load
103X1M,QuikPlCv,,,,,,,,,,OBQ-2 — fill before QLAdmin load
103X5F,QuikPlCv,,,,,,,,,,OBQ-2 — fill before QLAdmin load
103X5M,QuikPlCv,,,,,,,,,,OBQ-2 — fill before QLAdmin load
109PFN,QuikPlCv,,,,,,,,,,OBQ-2 — fill before QLAdmin load
109PFS,QuikPlCv,,,,,,,,,,OBQ-2 — fill before QLAdmin load
109PMN,QuikPlCv,,,,,,,,,,OBQ-2 — fill before QLAdmin load
109PMS,QuikPlCv,,,,,,,,,,OBQ-2 — fill before QLAdmin load
109R2G,QuikPlCv,,,,,,,,,,OBQ-2 — fill before QLAdmin load
109R6G,QuikPlCv,,,,,,,,,,OBQ-2 — fill before QLAdmin load
109RWG,QuikPlCv,,,,,,,,,,OBQ-2 — fill before QLAdmin load
10A6N,QuikPlCv,,,,,,,,,,OBQ-2 — fill before QLAdmin load
10ABFN,QuikPlCv,,,,,,,,,,OBQ-2 — fill before QLAdmin load
10ABFS,QuikPlCv,,,,,,,,,,OBQ-2 — fill before QLAdmin load
10ABMN,QuikPlCv,,,,,,,,,,OBQ-2 — fill before QLAdmin load
10ABMS,QuikPlCv,,,,,,,,,,OBQ-2 — fill before QLAdmin load
10ALP2,QuikPlCv,,,,,,,,,,OBQ-2 — fill before QLAdmin load
10ALP6,QuikPlCv,,,,,,,,,,OBQ-2 — fill before QLAdmin load
10B1FN,QuikPlCv,,,,,,,,,,OBQ-2 — fill before QLAdmin load
10B1FS,QuikPlCv,,,,,,,,,,OBQ-2 — fill before QLAdmin load
10B1MN,QuikPlCv,,,,,,,,,,OBQ-2 — fill before QLAdmin load
10B1MS,QuikPlCv,,,,,,,,,,OBQ-2 — fill before QLAdmin load
10B2FN,QuikPlCv,,,,,,,,,,OBQ-2 — fill before QLAdmin load
10B2FS,QuikPlCv,,,,,,,,,,OBQ-2 — fill before QLAdmin load
10B2MN,QuikPlCv,,,,,,,,,,OBQ-2 — fill before QLAdmin load
10B2MS,QuikPlCv,,,,,,,,,,OBQ-2 — fill before QLAdmin load
10BA6B,QuikPlCv,,,,,,,,,,OBQ-2 — fill before QLAdmin load
10BA6N,QuikPlCv,,,,,,,,,,OBQ-2 — fill before QLAdmin load
10BLFN,QuikPlCv,,,,,,,,,,OBQ-2 — fill before QLAdmin load
10BLFS,QuikPlCv,,,,,,,,,,OBQ-2 — fill before QLAdmin load
10BLMN,QuikPlCv,,,,,,,,,,OBQ-2 — fill before QLAdmin load
10BLMS,QuikPlCv,,,,,,,,,,OBQ-2 — fill before QLAdmin load
10CP05,QuikPlCv,,,,,,,,,,OBQ-2 — fill before QLAdmin load
10CP10,QuikPlCv,,,,,,,,,,OBQ-2 — fill before QLAdmin load
10CP20,QuikPlCv,,,,,,,,,,OBQ-2 — fill before QLAdmin load
10CPSP,QuikPlCv,,,,,,,,,,OBQ-2 — fill before QLAdmin load
10DPFN,QuikPlCv,,,,,,,,,,OBQ-2 — fill before QLAdmin load
10DPFS,QuikPlCv,,,,,,,,,,OBQ-2 — fill before QLAdmin load
10DPMN,QuikPlCv,,,,,,,,,,OBQ-2 — fill before QLAdmin load
10DPMS,QuikPlCv,,,,,,,,,,OBQ-2 — fill before QLAdmin load
10DR2G,QuikPlCv,,,,,,,,,,OBQ-2 — fill before QLAdmin load
10DR6G,QuikPlCv,,,,,,,,,,OBQ-2 — fill before QLAdmin load
10DRWG,QuikPlCv,,,,,,,,,,OBQ-2 — fill before QLAdmin load
10DX1F,QuikPlCv,,,,,,,,,,OBQ-2 — fill before QLAdmin load
10DX1M,QuikPlCv,,,,,,,,,,OBQ-2 — fill before QLAdmin load
10DX5F,QuikPlCv,,,,,,,,,,OBQ-2 — fill before QLAdmin load
10DX5M,QuikPlCv,,,,,,,,,,OBQ-2 — fill before QLAdmin load
10FW5,QuikPlCv,,,,,,,,,,OBQ-2 — fill before QLAdmin load
10HPFN,QuikPlCv,,,,,,,,,,OBQ-2 — fill before QLAdmin load
10HPFS,QuikPlCv,,,,,,,,,,OBQ-2 — fill before QLAdmin load
10HPMN,QuikPlCv,,,,,,,,,,OBQ-2 — fill before QLAdmin load
10HPMS,QuikPlCv,,,,,,,,,,OBQ-2 — fill before QLAdmin load
10HR2G,QuikPlCv,,,,,,,,,,OBQ-2 — fill before QLAdmin load
10HR6G,QuikPlCv,,,,,,,,,,OBQ-2 — fill before QLAdmin load
10HRWG,QuikPlCv,,,,,,,,,,OBQ-2 — fill before QLAdmin load
10IFF1,QuikPlCv,,,,,,,,,,OBQ-2 — fill before QLAdmin load
10IFF5,QuikPlCv,,,,,,,,,,OBQ-2 — fill before QLAdmin load
10IFFS,QuikPlCv,,,,,,,,,,OBQ-2 — fill before QLAdmin load
10LPI2,QuikPlCv,,,,,,,,,,OBQ-2 — fill before QLAdmin load
10LPI6,QuikPlCv,,,,,,,,,,OBQ-2 — fill before QLAdmin load
10LPIS,QuikPlCv,,,,,,,,,,OBQ-2 — fill before QLAdmin load
10P7FN,QuikPlCv,,,,,,,,,,OBQ-2 — fill before QLAdmin load
10P7FS,QuikPlCv,,,,,,,,,,OBQ-2 — fill before QLAdmin load
10P7MN,QuikPlCv,,,,,,,,,,OBQ-2 — fill before QLAdmin load
10P7MS,QuikPlCv,,,,,,,,,,OBQ-2 — fill before QLAdmin load
10P8FJ,QuikPlCv,,,,,,,,,,OBQ-2 — fill before QLAdmin load
10P8FN,QuikPlCv,,,,,,,,,,OBQ-2 — fill before QLAdmin load
10P8FS,QuikPlCv,,,,,,,,,,OBQ-2 — fill before QLAdmin load
10P8MJ,QuikPlCv,,,,,,,,,,OBQ-2 — fill before QLAdmin load
10P8MN,QuikPlCv,,,,,,,,,,OBQ-2 — fill before QLAdmin load
10P8MS,QuikPlCv,,,,,,,,,,OBQ-2 — fill before QLAdmin load
10P9FJ,QuikPlCv,,,,,,,,,,OBQ-2 — fill before QLAdmin load
10P9FN,QuikPlCv,,,,,,,,,,OBQ-2 — fill before QLAdmin load
10P9FS,QuikPlCv,,,,,,,,,,OBQ-2 — fill before QLAdmin load
10P9MJ,QuikPlCv,,,,,,,,,,OBQ-2 — fill before QLAdmin load
10P9MN,QuikPlCv,,,,,,,,,,OBQ-2 — fill before QLAdmin load
10P9MS,QuikPlCv,,,,,,,,,,OBQ-2 — fill before QLAdmin load
10PLP,QuikPlCv,,,,,,,,,,OBQ-2 — fill before QLAdmin load
10PLP6,QuikPlCv,,,,,,,,,,OBQ-2 — fill before QLAdmin load
10Q1FN,QuikPlCv,,,,,,,,,,OBQ-2 — fill before QLAdmin load
10Q1FS,QuikPlCv,,,,,,,,,,OBQ-2 — fill before QLAdmin load
10Q1MN,QuikPlCv,,,,,,,,,,OBQ-2 — fill before QLAdmin load
10Q1MS,QuikPlCv,,,,,,,,,,OBQ-2 — fill before QLAdmin load
10Q2FN,QuikPlCv,,,,,,,,,,OBQ-2 — fill before QLAdmin load
10Q2FS,QuikPlCv,,,,,,,,,,OBQ-2 — fill before QLAdmin load
10Q2MN,QuikPlCv,,,,,,,,,,OBQ-2 — fill before QLAdmin load
10Q2MS,QuikPlCv,,,,,,,,,,OBQ-2 — fill before QLAdmin load
10Q3FN,QuikPlCv,,,,,,,,,,OBQ-2 — fill before QLAdmin load
10Q3FS,QuikPlCv,,,,,,,,,,OBQ-2 — fill before QLAdmin load
10Q3MN,QuikPlCv,,,,,,,,,,OBQ-2 — fill before QLAdmin load
10Q3MS,QuikPlCv,,,,,,,,,,OBQ-2 — fill before QLAdmin load
10QLFN,QuikPlCv,,,,,,,,,,OBQ-2 — fill before QLAdmin load
10QLFS,QuikPlCv,,,,,,,,,,OBQ-2 — fill before QLAdmin load
10QLMN,QuikPlCv,,,,,,,,,,OBQ-2 — fill before QLAdmin load
10QLMS,QuikPlCv,,,,,,,,,,OBQ-2 — fill before QLAdmin load
10R28,QuikPlCv,,,,,,,,,,OBQ-2 — fill before QLAdmin load
10R28A,QuikPlCv,,,,,,,,,,OBQ-2 — fill before QLAdmin load
10R28G,QuikPlCv,,,,,,,,,,OBQ-2 — fill before QLAdmin load
10R29G,QuikPlCv,,,,,,,,,,OBQ-2 — fill before QLAdmin load
10R68,QuikPlCv,,,,,,,,,,OBQ-2 — fill before QLAdmin load
10R68G,QuikPlCv,,,,,,,,,,OBQ-2 — fill before QLAdmin load
10R69G,QuikPlCv,,,,,,,,,,OBQ-2 — fill before QLAdmin load
10RW18,QuikPlCv,,,,,,,,,,OBQ-2 — fill before QLAdmin load
10RW28,QuikPlCv,,,,,,,,,,OBQ-2 — fill before QLAdmin load
10RW8,QuikPlCv,,,,,,,,,,OBQ-2 — fill before QLAdmin load
10RW8A,QuikPlCv,,,,,,,,,,OBQ-2 — fill before QLAdmin load
10RW8G,QuikPlCv,,,,,,,,,,OBQ-2 — fill before QLAdmin load
10RW9G,QuikPlCv,,,,,,,,,,OBQ-2 — fill before QLAdmin load
10S28G,QuikPlCv,,,,,,,,,,OBQ-2 — fill before QLAdmin load
10TAFA,QuikPlCv,,,,,,,,,,OBQ-2 — fill before QLAdmin load
10TAFB,QuikPlCv,,,,,,,,,,OBQ-2 — fill before QLAdmin load
10TAFC,QuikPlCv,,,,,,,,,,OBQ-2 — fill before QLAdmin load
10TAFD,QuikPlCv,,,,,,,,,,OBQ-2 — fill before QLAdmin load
9057G,QuikPlCv,,,,,,,,,,OBQ-2 — fill before QLAdmin load
10.822,QuikPlTv,,,,,,,,,,OBQ-2 — shared QuikTvs/QuikNps key
10057,QuikPlTv,,,,,,,,,,OBQ-2 — shared QuikTvs/QuikNps key
100GDB,QuikPlTv,,,,,,,,,,OBQ-2 — shared QuikTvs/QuikNps key
1010,QuikPlTv,,,,,,,,,,OBQ-2 — shared QuikTvs/QuikNps key
10101G,QuikPlTv,,,,,,,,,,OBQ-2 — shared QuikTvs/QuikNps key
103PFN,QuikPlTv,,,,,,,,,,OBQ-2 — shared QuikTvs/QuikNps key
103PFS,QuikPlTv,,,,,,,,,,OBQ-2 — shared QuikTvs/QuikNps key
103PMN,QuikPlTv,,,,,,,,,,OBQ-2 — shared QuikTvs/QuikNps key
103PMS,QuikPlTv,,,,,,,,,,OBQ-2 — shared QuikTvs/QuikNps key
103R1F,QuikPlTv,,,,,,,,,,OBQ-2 — shared QuikTvs/QuikNps key
103R1M,QuikPlTv,,,,,,,,,,OBQ-2 — shared QuikTvs/QuikNps key
103R2G,QuikPlTv,,,,,,,,,,OBQ-2 — shared QuikTvs/QuikNps key
103R5F,QuikPlTv,,,,,,,,,,OBQ-2 — shared QuikTvs/QuikNps key
103R5M,QuikPlTv,,,,,,,,,,OBQ-2 — shared QuikTvs/QuikNps key
103R6G,QuikPlTv,,,,,,,,,,OBQ-2 — shared QuikTvs/QuikNps key
103RWG,QuikPlTv,,,,,,,,,,OBQ-2 — shared QuikTvs/QuikNps key
103X1F,QuikPlTv,,,,,,,,,,OBQ-2 — shared QuikTvs/QuikNps key
103X1M,QuikPlTv,,,,,,,,,,OBQ-2 — shared QuikTvs/QuikNps key
103X5F,QuikPlTv,,,,,,,,,,OBQ-2 — shared QuikTvs/QuikNps key
103X5M,QuikPlTv,,,,,,,,,,OBQ-2 — shared QuikTvs/QuikNps key
109PFN,QuikPlTv,,,,,,,,,,OBQ-2 — shared QuikTvs/QuikNps key
109PFS,QuikPlTv,,,,,,,,,,OBQ-2 — shared QuikTvs/QuikNps key
109PMN,QuikPlTv,,,,,,,,,,OBQ-2 — shared QuikTvs/QuikNps key
109PMS,QuikPlTv,,,,,,,,,,OBQ-2 — shared QuikTvs/QuikNps key
109R2G,QuikPlTv,,,,,,,,,,OBQ-2 — shared QuikTvs/QuikNps key
109R6G,QuikPlTv,,,,,,,,,,OBQ-2 — shared QuikTvs/QuikNps key
109RWG,QuikPlTv,,,,,,,,,,OBQ-2 — shared QuikTvs/QuikNps key
10A6N,QuikPlTv,,,,,,,,,,OBQ-2 — shared QuikTvs/QuikNps key
10ABFN,QuikPlTv,,,,,,,,,,OBQ-2 — shared QuikTvs/QuikNps key
10ABFS,QuikPlTv,,,,,,,,,,OBQ-2 — shared QuikTvs/QuikNps key
10ABMN,QuikPlTv,,,,,,,,,,OBQ-2 — shared QuikTvs/QuikNps key
10ABMS,QuikPlTv,,,,,,,,,,OBQ-2 — shared QuikTvs/QuikNps key
10ALP2,QuikPlTv,,,,,,,,,,OBQ-2 — shared QuikTvs/QuikNps key
10ALP6,QuikPlTv,,,,,,,,,,OBQ-2 — shared QuikTvs/QuikNps key
10B1FN,QuikPlTv,,,,,,,,,,OBQ-2 — shared QuikTvs/QuikNps key
10B1FS,QuikPlTv,,,,,,,,,,OBQ-2 — shared QuikTvs/QuikNps key
10B1MN,QuikPlTv,,,,,,,,,,OBQ-2 — shared QuikTvs/QuikNps key
10B1MS,QuikPlTv,,,,,,,,,,OBQ-2 — shared QuikTvs/QuikNps key
10B2FN,QuikPlTv,,,,,,,,,,OBQ-2 — shared QuikTvs/QuikNps key
10B2FS,QuikPlTv,,,,,,,,,,OBQ-2 — shared QuikTvs/QuikNps key
10B2MN,QuikPlTv,,,,,,,,,,OBQ-2 — shared QuikTvs/QuikNps key
10B2MS,QuikPlTv,,,,,,,,,,OBQ-2 — shared QuikTvs/QuikNps key
10BA5N,QuikPlTv,,,,,,,,,,OBQ-2 — shared QuikTvs/QuikNps key
10BA6B,QuikPlTv,,,,,,,,,,OBQ-2 — shared QuikTvs/QuikNps key
10BA6N,QuikPlTv,,,,,,,,,,OBQ-2 — shared QuikTvs/QuikNps key
10BLFN,QuikPlTv,,,,,,,,,,OBQ-2 — shared QuikTvs/QuikNps key
10BLFS,QuikPlTv,,,,,,,,,,OBQ-2 — shared QuikTvs/QuikNps key
10BLMN,QuikPlTv,,,,,,,,,,OBQ-2 — shared QuikTvs/QuikNps key
10BLMS,QuikPlTv,,,,,,,,,,OBQ-2 — shared QuikTvs/QuikNps key
10CP05,QuikPlTv,,,,,,,,,,OBQ-2 — shared QuikTvs/QuikNps key
10CP10,QuikPlTv,,,,,,,,,,OBQ-2 — shared QuikTvs/QuikNps key
10CP20,QuikPlTv,,,,,,,,,,OBQ-2 — shared QuikTvs/QuikNps key
10CPSP,QuikPlTv,,,,,,,,,,OBQ-2 — shared QuikTvs/QuikNps key
10DPFN,QuikPlTv,,,,,,,,,,OBQ-2 — shared QuikTvs/QuikNps key
10DPFS,QuikPlTv,,,,,,,,,,OBQ-2 — shared QuikTvs/QuikNps key
10DPMN,QuikPlTv,,,,,,,,,,OBQ-2 — shared QuikTvs/QuikNps key
10DPMS,QuikPlTv,,,,,,,,,,OBQ-2 — shared QuikTvs/QuikNps key
10DR2G,QuikPlTv,,,,,,,,,,OBQ-2 — shared QuikTvs/QuikNps key
10DR6G,QuikPlTv,,,,,,,,,,OBQ-2 — shared QuikTvs/QuikNps key
10DRWG,QuikPlTv,,,,,,,,,,OBQ-2 — shared QuikTvs/QuikNps key
10DX1F,QuikPlTv,,,,,,,,,,OBQ-2 — shared QuikTvs/QuikNps key
10DX1M,QuikPlTv,,,,,,,,,,OBQ-2 — shared QuikTvs/QuikNps key
10DX5F,QuikPlTv,,,,,,,,,,OBQ-2 — shared QuikTvs/QuikNps key
10DX5M,QuikPlTv,,,,,,,,,,OBQ-2 — shared QuikTvs/QuikNps key
10FW5,QuikPlTv,,,,,,,,,,OBQ-2 — shared QuikTvs/QuikNps key
10HPFN,QuikPlTv,,,,,,,,,,OBQ-2 — shared QuikTvs/QuikNps key
10HPFS,QuikPlTv,,,,,,,,,,OBQ-2 — shared QuikTvs/QuikNps key
10HPMN,QuikPlTv,,,,,,,,,,OBQ-2 — shared QuikTvs/QuikNps key
10HPMS,QuikPlTv,,,,,,,,,,OBQ-2 — shared QuikTvs/QuikNps key
10HR2G,QuikPlTv,,,,,,,,,,OBQ-2 — shared QuikTvs/QuikNps key
10HR6G,QuikPlTv,,,,,,,,,,OBQ-2 — shared QuikTvs/QuikNps key
10HRWG,QuikPlTv,,,,,,,,,,OBQ-2 — shared QuikTvs/QuikNps key
10IFF1,QuikPlTv,,,,,,,,,,OBQ-2 — shared QuikTvs/QuikNps key
10IFF5,QuikPlTv,,,,,,,,,,OBQ-2 — shared QuikTvs/QuikNps key
10IFFS,QuikPlTv,,,,,,,,,,OBQ-2 — shared QuikTvs/QuikNps key
10LPI2,QuikPlTv,,,,,,,,,,OBQ-2 — shared QuikTvs/QuikNps key
10LPI6,QuikPlTv,,,,,,,,,,OBQ-2 — shared QuikTvs/QuikNps key
10LPIS,QuikPlTv,,,,,,,,,,OBQ-2 — shared QuikTvs/QuikNps key
10P7FN,QuikPlTv,,,,,,,,,,OBQ-2 — shared QuikTvs/QuikNps key
10P7FS,QuikPlTv,,,,,,,,,,OBQ-2 — shared QuikTvs/QuikNps key
10P7MN,QuikPlTv,,,,,,,,,,OBQ-2 — shared QuikTvs/QuikNps key
10P7MS,QuikPlTv,,,,,,,,,,OBQ-2 — shared QuikTvs/QuikNps key
10P8FJ,QuikPlTv,,,,,,,,,,OBQ-2 — shared QuikTvs/QuikNps key
10P8FN,QuikPlTv,,,,,,,,,,OBQ-2 — shared QuikTvs/QuikNps key
10P8FS,QuikPlTv,,,,,,,,,,OBQ-2 — shared QuikTvs/QuikNps key
10P8MJ,QuikPlTv,,,,,,,,,,OBQ-2 — shared QuikTvs/QuikNps key
10P8MN,QuikPlTv,,,,,,,,,,OBQ-2 — shared QuikTvs/QuikNps key
10P8MS,QuikPlTv,,,,,,,,,,OBQ-2 — shared QuikTvs/QuikNps key
10P9FJ,QuikPlTv,,,,,,,,,,OBQ-2 — shared QuikTvs/QuikNps key
10P9FN,QuikPlTv,,,,,,,,,,OBQ-2 — shared QuikTvs/QuikNps key
10P9FS,QuikPlTv,,,,,,,,,,OBQ-2 — shared QuikTvs/QuikNps key
10P9MJ,QuikPlTv,,,,,,,,,,OBQ-2 — shared QuikTvs/QuikNps key
10P9MN,QuikPlTv,,,,,,,,,,OBQ-2 — shared QuikTvs/QuikNps key
10P9MS,QuikPlTv,,,,,,,,,,OBQ-2 — shared QuikTvs/QuikNps key
10PLP,QuikPlTv,,,,,,,,,,OBQ-2 — shared QuikTvs/QuikNps key
10PLP6,QuikPlTv,,,,,,,,,,OBQ-2 — shared QuikTvs/QuikNps key
10Q1FN,QuikPlTv,,,,,,,,,,OBQ-2 — shared QuikTvs/QuikNps key
10Q1FS,QuikPlTv,,,,,,,,,,OBQ-2 — shared QuikTvs/QuikNps key
10Q1MN,QuikPlTv,,,,,,,,,,OBQ-2 — shared QuikTvs/QuikNps key
10Q1MS,QuikPlTv,,,,,,,,,,OBQ-2 — shared QuikTvs/QuikNps key
10Q2FN,QuikPlTv,,,,,,,,,,OBQ-2 — shared QuikTvs/QuikNps key
10Q2FS,QuikPlTv,,,,,,,,,,OBQ-2 — shared QuikTvs/QuikNps key
10Q2MN,QuikPlTv,,,,,,,,,,OBQ-2 — shared QuikTvs/QuikNps key
10Q2MS,QuikPlTv,,,,,,,,,,OBQ-2 — shared QuikTvs/QuikNps key
10Q3FN,QuikPlTv,,,,,,,,,,OBQ-2 — shared QuikTvs/QuikNps key
10Q3FS,QuikPlTv,,,,,,,,,,OBQ-2 — shared QuikTvs/QuikNps key
10Q3MN,QuikPlTv,,,,,,,,,,OBQ-2 — shared QuikTvs/QuikNps key
10Q3MS,QuikPlTv,,,,,,,,,,OBQ-2 — shared QuikTvs/QuikNps key
10QLFN,QuikPlTv,,,,,,,,,,OBQ-2 — shared QuikTvs/QuikNps key
10QLFS,QuikPlTv,,,,,,,,,,OBQ-2 — shared QuikTvs/QuikNps key
10QLMN,QuikPlTv,,,,,,,,,,OBQ-2 — shared QuikTvs/QuikNps key
10QLMS,QuikPlTv,,,,,,,,,,OBQ-2 — shared QuikTvs/QuikNps key
10R28,QuikPlTv,,,,,,,,,,OBQ-2 — shared QuikTvs/QuikNps key
10R28A,QuikPlTv,,,,,,,,,,OBQ-2 — shared QuikTvs/QuikNps key
10R28G,QuikPlTv,,,,,,,,,,OBQ-2 — shared QuikTvs/QuikNps key
10R29G,QuikPlTv,,,,,,,,,,OBQ-2 — shared QuikTvs/QuikNps key
10R68,QuikPlTv,,,,,,,,,,OBQ-2 — shared QuikTvs/QuikNps key
10R68G,QuikPlTv,,,,,,,,,,OBQ-2 — shared QuikTvs/QuikNps key
10R69G,QuikPlTv,,,,,,,,,,OBQ-2 — shared QuikTvs/QuikNps key
10RW18,QuikPlTv,,,,,,,,,,OBQ-2 — shared QuikTvs/QuikNps key
10RW28,QuikPlTv,,,,,,,,,,OBQ-2 — shared QuikTvs/QuikNps key
10RW8,QuikPlTv,,,,,,,,,,OBQ-2 — shared QuikTvs/QuikNps key
10RW8A,QuikPlTv,,,,,,,,,,OBQ-2 — shared QuikTvs/QuikNps key
10RW8G,QuikPlTv,,,,,,,,,,OBQ-2 — shared QuikTvs/QuikNps key
10RW9G,QuikPlTv,,,,,,,,,,OBQ-2 — shared QuikTvs/QuikNps key
10S28G,QuikPlTv,,,,,,,,,,OBQ-2 — shared QuikTvs/QuikNps key
10SLPW,QuikPlTv,,,,,,,,,,OBQ-2 — shared QuikTvs/QuikNps key
10TAFA,QuikPlTv,,,,,,,,,,OBQ-2 — shared QuikTvs/QuikNps key
10TAFB,QuikPlTv,,,,,,,,,,OBQ-2 — shared QuikTvs/QuikNps key
10TAFC,QuikPlTv,,,,,,,,,,OBQ-2 — shared QuikTvs/QuikNps key
10TAFD,QuikPlTv,,,,,,,,,,OBQ-2 — shared QuikTvs/QuikNps key
9057G,QuikPlTv,,,,,,,,,,OBQ-2 — shared QuikTvs/QuikNps key
