MPOLICY,MSURRDATE,MSURRAMT
010713707C,20180419,128.50
010713707C,20190419,128.50
010713707C,20200419,128.50
010713707C,20210419,128.50
010713707C,20220419,128.50
010713707C,20230419,128.50
010713707C,20240419,128.50
010713707C,20250419,128.50
010713707C,20260419,128.50
010715467C,20180514,1129.00
010715467C,20190514,1129.00
010715467C,20200514,1129.00
010715467C,20210514,1129.00
010715467C,20220514,1129.00
010715467C,20230514,1129.00
010715467C,20240514,1129.00
010715467C,20250514,1129.00
010715467C,20260514,1129.00
010716973C,20180510,263.00
010716973C,20190510,263.00
010716973C,20200510,263.00
010716973C,20210510,263.00
010716973C,20220510,263.00
010716973C,20230510,263.00
010716973C,20240510,263.00
010716973C,20250510,263.00
010716973C,20260510,263.00
010716974C,20180510,246.75
010716974C,20190510,246.75
010716974C,20200510,246.75
010717034C,20180511,320.20
010717034C,20190511,320.20
010717034C,20200511,320.20
010717034C,20210511,320.20
010717034C,20220511,320.20
010717034C,20230511,320.20
010717034C,20240511,320.20
010717034C,20250511,320.20
010717034C,20260511,320.20
010717447C,20230523,1242.00
010717447C,20240523,1242.00
010717447C,20250523,1242.00
010717447C,20260523,1242.00
010718276C,20180622,1634.00
010718276C,20190622,1634.00
010718276C,20200622,1634.00
010718276C,20210622,1634.00
010718276C,20220622,1634.00
010718276C,20230622,1634.00
010718276C,20240622,1634.00
010718276C,20250622,1634.00
010718277C,20180604,585.50
010718277C,20190604,585.50
010718277C,20200604,585.50
010718277C,20210604,585.50
010718277C,20220604,585.50
010718277C,20230604,585.50
010718277C,20240604,585.50
010718277C,20250604,585.50
010718495C,20180602,1095.75
010718495C,20190602,1095.75
010718495C,20200602,1095.75
010719553C,20180611,134.75
010719553C,20190611,134.75
010719553C,20200611,134.75
010719553C,20210611,134.75
010719553C,20220611,134.75
010719553C,20230611,134.75
010719553C,20240611,134.75
010719553C,20250611,134.75
010719815C,20180803,246.75
010719815C,20190803,246.75
010719815C,20200803,246.75
010719815C,20210803,246.75
010719815C,20220803,246.75
010719815C,20230803,246.75
010719815C,20240803,246.75
010719815C,20250803,246.75
010720759C,20180618,279.25
010720759C,20190618,279.25
010720759C,20200618,279.25
010720759C,20210618,279.25
010720759C,20220618,279.25
010720759C,20230618,279.25
010720759C,20240618,279.25
010720759C,20250618,279.25
010722734C,20180710,912.00
010722734C,20190710,912.00
010722734C,20200710,912.00
010722734C,20210710,912.00
010722734C,20220710,912.00
010722734C,20230710,912.00
010722734C,20240710,912.00
010722734C,20250710,912.00
010723386C,20180718,752.00
010723386C,20190718,752.00
010723386C,20200718,752.00
010723386C,20210718,752.00
010723386C,20220718,752.00
010723386C,20230718,752.00
010723386C,20240718,752.00
010723386C,20250718,752.00
010723387C,20180718,509.00
010723387C,20190718,509.00
010723387C,20200718,509.00
010723387C,20210718,509.00
010723387C,20220718,509.00
010723387C,20230718,509.00
010723387C,20240718,509.00
010723387C,20250718,509.00
010723388C,20180718,768.53
010723388C,20190718,768.53
010723388C,20200718,768.53
010723388C,20210718,768.53
010723388C,20220718,768.53
010723523C,20180726,222.25
010723523C,20190726,222.25
010723523C,20200726,222.25
010723523C,20210726,222.25
010723523C,20220726,222.25
010723523C,20230726,222.25
010723523C,20240726,222.25
010723523C,20250726,222.25
010723524C,20180718,517.00
010723524C,20190718,517.00
010723524C,20200718,517.00
010723524C,20210718,517.00
010723524C,20220718,517.00
010723524C,20230718,517.00
010723524C,20240718,517.00
010723524C,20250718,517.00
010724403C,20180801,1184.00
010724403C,20190801,1184.00
010724403C,20200801,1184.00
010724403C,20210801,1184.00
010724510C,20180801,633.50
010724510C,20190801,633.50
010724510C,20200801,633.50
010724510C,20210801,633.50
010724510C,20220801,633.50
010724510C,20230801,633.50
010724510C,20240801,633.50
010724510C,20250801,633.50
010726922C,20180820,134.75
010726922C,20190820,134.75
010726922C,20200820,134.75
010726922C,20210820,134.75
010726922C,20220820,134.75
010726922C,20230820,134.75
010726922C,20240820,134.75
010726922C,20250820,134.75
010728696C,20180902,131.50
010728696C,20190902,131.50
010728696C,20200902,131.50
010728696C,20210902,131.50
010728696C,20220902,131.50
010728696C,20230902,131.50
010729500C,20180913,181.00
010729500C,20190913,181.00
010729500C,20200913,181.00
010729500C,20210913,181.00
010729500C,20220913,181.00
010729500C,20230913,181.00
010729500C,20240913,181.00
010729500C,20250913,181.00
010729999C,20181009,373.75
010729999C,20191009,373.75
010729999C,20201009,373.75
010729999C,20211009,373.75
010729999C,20221009,373.75
010729999C,20231009,373.75
010729999C,20241009,373.75
010729999C,20251009,373.75
010731608C,20181008,271.00
010731608C,20191008,271.00
010731608C,20201008,271.00
010731608C,20211008,271.00
010732270C,20221010,125.75
010732270C,20231010,125.75
010732270C,20241010,125.75
010732270C,20251010,125.75
010732276C,20221010,150.25
010732276C,20231010,150.25
010732276C,20241010,150.25
010732276C,20251010,150.25
010732278C,20181010,253.25
010732278C,20191010,253.25
010732278C,20201010,253.25
010732278C,20211010,253.25
010732278C,20221010,253.25
010732278C,20231010,253.25
010732280C,20181010,246.75
010732280C,20191010,246.75
010732280C,20201010,246.75
010732280C,20211010,246.75
010732280C,20221010,246.75
010732280C,20231010,246.75
010732280C,20241010,246.75
010732280C,20251010,246.75
010736736C,20201209,134.75
010736736C,20211209,134.75
010736736C,20221209,134.75
010736736C,20231209,134.75
010736736C,20241209,134.75
010736736C,20251209,134.75
010737378C,20181205,325.50
010737378C,20191205,325.50
010737378C,20201205,325.50
010737378C,20211205,325.50
010737378C,20221205,325.50
010737378C,20231205,325.50
010737378C,20241205,325.50
010737378C,20251205,325.50
010738207C,20181228,1420.00
010738207C,20191228,1420.00
010738207C,20201228,1420.00
010738207C,20211228,1420.00
010738207C,20221228,1420.00
010738207C,20231228,1420.00
010738207C,20241228,1420.00
010738207C,20251228,1420.00
010738672C,20180101,358.00
010738672C,20190101,358.00
010738672C,20200101,358.00
010738672C,20210101,358.00
010738672C,20220101,358.00
010738672C,20230101,358.00
010738672C,20240101,358.00
010738672C,20250101,358.00
010738672C,20260101,358.00
010740836C,20180128,163.20
010740836C,20190128,163.20
010741302C,20210126,150.25
010741302C,20220126,150.25
010741302C,20230126,150.25
010741302C,20240126,150.25
010741302C,20250126,150.25
010741302C,20260126,150.25
010741334C,20210126,169.75
010741334C,20220126,169.75
010741334C,20230126,169.75
010741334C,20240126,169.75
010741334C,20250126,169.75
010741334C,20260126,169.75
010742814C,20180211,155.75
010743074C,20180220,246.12
010743638C,20180227,269.65
010743638C,20190227,269.65
010743638C,20200227,269.65
010743638C,20210227,269.65
010743638C,20220227,269.65
010743638C,20230227,269.65
010743638C,20240227,269.65
010743638C,20250227,269.65
010744412C,20180306,217.20
010744412C,20190306,217.20
010744412C,20200306,217.20
010744412C,20210306,217.20
010744412C,20220306,217.20
010745456C,20180315,128.50
010745456C,20190315,128.50
010745456C,20200315,128.50
010745456C,20210315,128.50
010745456C,20220315,128.50
010745456C,20230315,128.50
010745456C,20240315,128.50
010745456C,20250315,128.50
010745456C,20260315,128.50
010745750C,20180322,125.75
010745750C,20190322,125.75
010745750C,20200322,125.75
010745750C,20210322,125.75
010745750C,20220322,125.75
010745750C,20230322,125.75
010745750C,20240322,125.75
010745750C,20250322,125.75
010745750C,20260322,125.75
010745751C,20180322,335.45
010745751C,20190322,335.45
010745751C,20200322,335.45
010745751C,20210322,335.45
010745751C,20220322,335.45
010745751C,20230322,335.45
010745751C,20240322,335.45
010745751C,20250322,335.45
010745751C,20260322,335.45
010746005C,20180325,179.35
010746005C,20190325,179.35
010746005C,20200325,179.35
010746005C,20210325,179.35
010746005C,20220325,179.35
010746424C,20180328,188.10
010746424C,20190328,188.10
010746424C,20200328,188.10
010746846C,20200328,271.00
010746846C,20210328,271.00
010746846C,20220328,271.00
010746846C,20230328,271.00
010746846C,20240328,271.00
010746846C,20250328,271.00
010746846C,20260328,271.00
010747186C,20180407,847.00
010747186C,20190407,847.00
010747186C,20200407,847.00
010747186C,20210407,847.00
010747186C,20220407,847.00
010747241C,20180408,351.20
010747636C,20230410,134.75
010747636C,20240410,134.75
010747636C,20250410,134.75
010747636C,20260410,134.75
010748070C,20180520,155.75
010748334C,20180415,114.50
010748334C,20190415,114.50
010748334C,20200415,114.50
010748334C,20210415,114.50
010748334C,20220415,114.50
010748334C,20230415,114.50
010748334C,20240415,114.50
010748334C,20250415,114.50
010748334C,20260415,114.50
010748335C,20180415,164.50
010748335C,20190415,164.50
010748335C,20200415,164.50
010748335C,20210415,164.50
010748335C,20220415,164.50
010748335C,20230415,164.50
010748335C,20240415,164.50
010748335C,20250415,164.50
010748335C,20260415,164.50
010748404C,20180415,369.70
010748517C,20180422,217.20
010748556C,20180421,121.00
010748556C,20190421,121.00
010748556C,20200421,121.00
010748556C,20210421,121.00
010748556C,20220421,121.00
010748556C,20230421,121.00
010748556C,20240421,121.00
010748556C,20250421,121.00
010748556C,20260421,121.00
010749038C,20180425,226.50
010749038C,20190425,226.50
010749038C,20200425,226.50
010749038C,20210425,226.50
010749038C,20220425,226.50
010749038C,20230425,226.50
010749038C,20240425,226.50
010749038C,20250425,226.50
010749038C,20260425,226.50
010749042C,20180425,146.00
010749042C,20190425,146.00
010749463C,20180424,321.50
010749463C,20190424,321.50
010749463C,20200424,321.50
010749463C,20210424,321.50
010749463C,20220424,321.50
010749463C,20230424,321.50
010749463C,20240424,321.50
010749463C,20250424,321.50
010749463C,20260424,321.50
010749842C,20180615,263.00
010749842C,20190615,263.00
010749842C,20200615,263.00
010749842C,20210615,263.00
010749842C,20220615,263.00
010749842C,20230615,263.00
010749842C,20240615,263.00
010749842C,20250615,263.00
010749843C,20180615,287.25
010749843C,20190615,287.25
010749843C,20200615,287.25
010749843C,20210615,287.25
010749843C,20220615,287.25
010749843C,20230615,287.25
010749843C,20240615,287.25
010749843C,20250615,287.25
010749849C,20180504,112.75
010749849C,20190504,112.75
010749849C,20200504,112.75
010749849C,20210504,112.75
010749849C,20220504,112.75
010749849C,20230504,112.75
010749849C,20240504,112.75
010749849C,20250504,112.75
010749849C,20260504,112.75
010749906C,20180506,115.22
010749906C,20190506,115.22
010749906C,20200506,115.22
010749906C,20210506,115.22
010749906C,20220506,115.22
010749906C,20230506,115.22
010749968C,20180509,163.20
010749968C,20190509,163.20
010749968C,20200509,163.20
010749968C,20210509,163.20
010749968C,20220509,163.20
010750755C,20180514,121.00
010750755C,20190514,121.00
010750755C,20200514,121.00
010750755C,20210514,121.00
010750755C,20220514,121.00
010750755C,20230514,121.00
010752580C,20180601,238.50
010752580C,20190601,238.50
010752580C,20200601,238.50
010752580C,20210601,238.50
010752580C,20220601,238.50
010752580C,20230601,238.50
010752580C,20240601,238.50
010752580C,20250601,238.50
010752702C,20180605,279.25
010752702C,20190605,279.25
010752702C,20200605,279.25
010752702C,20210605,279.25
010752702C,20220605,279.25
010752702C,20230605,279.25
010752702C,20240605,279.25
010752702C,20250605,279.25
010753409C,20210612,121.00
010753409C,20220612,121.00
010753409C,20230612,121.00
010753409C,20240612,121.00
010753409C,20250612,121.00
010753687C,20180611,179.35
010753687C,20190611,179.35
010753687C,20200611,179.35
010753687C,20210611,179.35
010753687C,20220611,179.35
010753687C,20230611,179.35
010753687C,20240611,179.35
010754359C,20180527,390.25
010754359C,20190527,390.25
010754359C,20200527,390.25
010754359C,20210527,390.25
010754359C,20220527,390.25
010754359C,20230527,390.25
010754359C,20240527,390.25
010754359C,20250527,390.25
010754485C,20180203,678.50
010754485C,20190203,678.50
010754485C,20200203,678.50
010754485C,20210203,678.50
010754485C,20220203,678.50
010754485C,20230203,678.50
010754485C,20240203,678.50
010754485C,20250203,678.50
010754485C,20260203,678.50
010754898C,20180701,440.10
010754898C,20190701,440.10
010754898C,20200701,440.10
010754898C,20210701,440.10
010754898C,20220701,440.10
010754898C,20230701,440.10
010754898C,20240701,440.10
010755152C,20180626,241.09
010755152C,20190626,241.09
010755152C,20200626,241.09
010755152C,20210626,241.09
010755152C,20220626,241.09
010755152C,20230626,241.09
010755152C,20240626,241.09
010755152C,20250626,241.09
010756020C,20180701,163.20
010756020C,20190701,163.20
010756020C,20200701,163.20
010756024C,20180715,458.75
010756024C,20190715,458.75
010756024C,20200715,458.75
010756024C,20210715,458.75
010756024C,20220715,458.75
010756024C,20230715,458.75
010756024C,20240715,458.75
010756033C,20180701,197.35
010756033C,20190701,197.35
010756033C,20200701,197.35
010756033C,20210701,197.35
010756033C,20220701,197.35
010756033C,20230701,197.35
010756540C,20230708,187.75
010756916C,20180804,329.25
010756916C,20190804,329.25
010756916C,20200804,329.25
010756916C,20210804,329.25
010756916C,20220804,329.25
010756916C,20230804,329.25
010756916C,20240804,329.25
010756916C,20250804,329.25
010756925C,20180805,214.25
010756925C,20190805,214.25
010756925C,20200805,214.25
010756925C,20210805,214.25
010756925C,20220805,214.25
010756925C,20230805,214.25
010756925C,20240805,214.25
010756925C,20250805,214.25
010756938C,20180718,390.25
010756938C,20190718,390.25
010756938C,20200718,390.25
010756938C,20210718,390.25
010756938C,20220718,390.25
010756938C,20230718,390.25
010757042C,20180712,206.95
010757042C,20190712,206.95
010757042C,20200712,206.95
010757071C,20180714,219.40
010757071C,20190714,219.40
010757071C,20200714,219.40
010757071C,20210714,219.40
010757071C,20220714,219.40
010757071C,20230714,219.40
010757071C,20240714,219.40
010757071C,20250714,219.40
010757607C,20180718,115.75
010757607C,20190718,115.75
010757607C,20200718,115.75
010757607C,20210718,115.75
010757607C,20220718,115.75
010757607C,20230718,115.75
010757607C,20240718,115.75
010757607C,20250718,115.75
010757801C,20180719,537.40
010757801C,20190719,537.40
010757801C,20200719,537.40
010757801C,20210719,537.40
010757801C,20220719,537.40
010757801C,20230719,537.40
010757801C,20240719,537.40
010757801C,20250719,537.40
010757840C,20180816,355.25
010757840C,20190816,355.25
010757840C,20200816,355.25
010757840C,20210816,355.25
010757840C,20220816,355.25
010757840C,20230816,355.25
010757840C,20240816,355.25
010757840C,20250816,355.25
010758520C,20180801,571.00
010758520C,20190801,571.00
010758540C,20180801,181.00
010758540C,20190801,181.00
010758540C,20200801,181.00
010758540C,20210801,181.00
010758540C,20220801,181.00
010758540C,20230801,181.00
010758540C,20240801,181.00
010758540C,20250801,181.00
010758549C,20180801,268.48
010758550C,20180801,218.48
010758550C,20190801,218.48
010758550C,20200801,218.48
010758573C,20180810,373.75
010758573C,20190810,373.75
010758573C,20200810,373.75
010758573C,20210810,373.75
010758573C,20220810,373.75
010758573C,20230810,373.75
010758573C,20240810,373.75
010759008C,20180801,154.75
010759008C,20190801,154.75
010759008C,20200801,154.75
010759008C,20210801,154.75
010759008C,20220801,154.75
010759008C,20230801,154.75
010759008C,20240801,154.75
010759008C,20250801,154.75
010759385C,20180802,179.35
010759385C,20190802,179.35
010759385C,20200802,179.35
010759385C,20210802,179.35
010759385C,20220802,179.35
010759385C,20230802,179.35
010759385C,20240802,179.35
010759385C,20250802,179.35
010759541C,20180801,296.00
010759541C,20190801,296.00
010759541C,20200801,296.00
010759541C,20210801,296.00
010759541C,20220801,296.00
010759541C,20230801,296.00
010759541C,20240801,296.00
010759541C,20250801,296.00
010759550C,20180801,349.00
010759550C,20190801,349.00
010759550C,20200801,349.00
010759550C,20210801,349.00
010759550C,20220801,349.00
010759550C,20230801,349.00
010759550C,20240801,349.00
010759550C,20250801,349.00
010759559C,20180801,171.05
010759932C,20180807,329.25
010759932C,20190807,329.25
010759932C,20200807,329.25
010759932C,20210807,329.25
010759932C,20220818,329.25
010760160C,20180901,305.80
010760160C,20190901,305.80
010760160C,20200901,305.80
010760160C,20210901,305.80
010760160C,20220901,305.80
010760160C,20230901,305.80
010760160C,20240901,305.80
010760160C,20250901,305.80
010760294C,20180901,340.25
010760294C,20190901,340.25
010760295C,20180901,214.25
010760295C,20190901,214.25
010760295C,20200901,214.25
010760295C,20210901,214.25
010760295C,20220901,214.25
010760295C,20230901,214.25
010760295C,20240901,214.25
010760295C,20250901,214.25
010760298C,20180901,458.75
010760298C,20190901,458.75
010760298C,20200901,458.75
010760298C,20210901,458.75
010760298C,20220901,458.75
010760298C,20230901,458.75
010760298C,20240901,458.75
010760298C,20250901,458.75
010760840C,20181001,358.20
010760840C,20191001,358.20
010760851C,20180923,415.24
010760851C,20190923,415.24
010760851C,20200923,415.24
010760851C,20210923,415.24
010760851C,20220923,415.24
010760851C,20230923,415.24
010760851C,20240923,415.24
010760851C,20250923,415.24
010760865C,20181001,281.98
010760865C,20191001,281.98
010761639C,20180901,271.00
010761673C,20180901,187.00
010761673C,20190901,187.00
010761673C,20200901,187.00
010761673C,20210901,187.00
010761673C,20220901,187.00
010761673C,20230901,187.00
010761673C,20240901,187.00
010761673C,20250901,187.00
010761870C,20180901,150.25
010761870C,20190901,150.25
010761870C,20200901,150.25
010761874C,20180901,253.34
010761874C,20190901,253.34
010761874C,20200901,253.34
010761882C,20180901,548.00
010761882C,20200825,369.89
010762068C,20180826,287.89
010762068C,20190826,287.89
010762068C,20200826,287.89
010762068C,20210826,287.89
010762068C,20220826,287.89
010762068C,20230826,287.89
010762068C,20240826,287.89
010762068C,20250826,287.89
010762319C,20210827,199.75
010763006C,20180907,424.60
010763006C,20190907,424.60
010763006C,20200907,424.60
010763006C,20210907,424.60
010763006C,20220907,424.60
010763006C,20230907,424.60
010763378C,20180919,121.00
010763378C,20190919,121.00
010763378C,20200919,121.00
010763378C,20210919,121.00
010763378C,20220919,121.00
010763378C,20230919,121.00
010763378C,20240919,121.00
010763450C,20180901,188.10
010763450C,20190901,188.10
010763450C,20200901,188.10
010763450C,20210901,188.10
010763450C,20220901,188.10
010764120C,20181001,260.35
010764120C,20191001,260.35
010764120C,20201001,260.35
010764120C,20211001,260.35
010764121C,20181001,367.64
010764121C,20191001,367.64
010764121C,20201001,367.64
010764121C,20211001,367.64
010764121C,20221001,367.64
010764121C,20231001,367.64
010764319C,20180915,154.75
010764319C,20190915,154.75
010764319C,20200915,154.75
010764319C,20210915,154.75
010764319C,20220915,154.75
010764319C,20230915,154.75
010764319C,20240915,154.75
010764319C,20250915,154.75
010764368C,20181001,609.40
010764368C,20191001,609.40
010764368C,20201001,609.40
010764368C,20211001,609.40
010764368C,20221001,609.40
010764368C,20231001,609.40
010764368C,20241001,609.40
010764368C,20251001,609.40
010764369C,20181001,350.20
010764369C,20191001,350.20
010764369C,20201001,350.20
010764369C,20211001,350.20
010764369C,20221001,350.20
010764369C,20231001,350.20
010764369C,20241001,350.20
010764369C,20251001,350.20
010764374C,20181001,260.35
010764374C,20191001,260.35
010764385C,20181001,256.53
010764385C,20191001,256.53
010764385C,20201001,256.53
010764400C,20181001,266.29
010764684C,20180919,128.50
010764684C,20190919,128.50
010764684C,20200919,128.50
010764684C,20210919,128.50
010764684C,20220919,128.50
010764684C,20230919,128.50
010764684C,20240919,128.50
010764684C,20250919,128.50
010764810C,20180915,169.75
010764810C,20190915,169.75
010764810C,20200915,169.75
010764810C,20210915,169.75
010764810C,20220915,169.75
010764810C,20230915,169.75
010764810C,20240915,169.75
010764810C,20250915,169.75
010764812C,20180915,388.90
010764812C,20190915,388.90
010764812C,20200915,388.90
010764812C,20210915,388.90
010764812C,20220915,388.90
010764812C,20231004,388.90
010764818C,20180915,193.25
010764818C,20190915,193.25
010764818C,20200915,193.25
010764818C,20210915,193.25
010764818C,20220915,193.25
010764818C,20230915,193.25
010764818C,20240915,193.25
010764818C,20250915,193.25
010764837C,20181001,179.35
010764837C,20191001,179.35
010764837C,20201001,179.35
010764837C,20211001,179.35
010764837C,20221001,179.35
010764837C,20231001,179.35
010764837C,20241001,179.35
010764842C,20181001,179.35
010764842C,20191001,179.35
010765198C,20181001,492.36
010765318C,20181015,248.20
010765318C,20191015,248.20
010765318C,20201015,248.20
010765318C,20211015,248.20
010765318C,20221015,248.20
010765318C,20231015,248.20
010765318C,20241015,248.20
010765318C,20251015,248.20
010765320C,20181015,305.25
010765320C,20191015,305.25
010765320C,20201015,305.25
010765320C,20211015,305.25
010765320C,20221015,305.25
010765320C,20231015,305.25
010765320C,20241015,305.25
010765320C,20251015,305.25
010765339C,20181001,894.25
010765339C,20191001,894.25
010765339C,20201001,894.25
010765339C,20211001,894.25
010765339C,20221001,894.25
010765339C,20231001,894.25
010765339C,20241001,894.25
010765339C,20251001,894.25
010766554C,20181003,279.25
010766554C,20191003,279.25
010766554C,20201003,279.25
010766554C,20211003,279.25
010766554C,20221003,279.25
010766554C,20231003,279.25
010766554C,20241003,279.25
010766554C,20251003,279.25
010766898C,20181101,321.50
010766898C,20191101,321.50
010766898C,20201101,321.50
010766898C,20211101,321.50
010766898C,20221101,321.50
010766898C,20231101,321.50
010766898C,20241101,321.50
010766898C,20251101,321.50
010766910C,20181101,333.70
010766910C,20191101,333.70
010766910C,20201101,333.70
010767172C,20181011,1024.00
010767172C,20191011,1024.00
010767172C,20201011,1024.00
010767172C,20211011,1024.00
010767172C,20221011,1024.00
010767172C,20231011,1024.00
010767172C,20241011,1024.00
010767172C,20251011,1024.00
010767770C,20211011,128.50
010767770C,20221011,128.50
010767770C,20231011,128.50
010767770C,20241011,128.50
010767770C,20251011,128.50
010768067C,20181015,112.75
010768067C,20191015,112.75
010768067C,20201015,112.75
010768067C,20211015,112.75
010768067C,20221015,112.75
010768067C,20231015,112.75
010768067C,20241015,112.75
010768067C,20251015,112.75
010768069C,20181017,188.10
010768339C,20181018,263.20
010768339C,20191018,263.20
010769176C,20181115,369.70
010769176C,20191115,369.70
010769176C,20201115,369.70
010769176C,20211115,369.70
010769190C,20171101,175.25
010769190C,20181101,175.25
010769190C,20191101,175.25
010769190C,20201101,175.25
010769190C,20211101,175.25
010769190C,20221101,175.25
010769190C,20231101,175.25
010769190C,20241101,175.25
010769190C,20251101,175.25
010769195C,20181115,235.78
010769195C,20191115,235.78
010769195C,20201115,235.78
010769195C,20211115,235.78
010769195C,20221115,235.78
010769195C,20231115,235.78
010769195C,20241115,235.78
010769195C,20251115,235.78
010769227C,20181101,390.25
010769227C,20191101,390.25
010769232C,20181115,343.25
010769232C,20191115,343.25
010769232C,20201115,343.25
010769232C,20211115,343.25
010769232C,20221115,343.25
010769232C,20231115,343.25
010769232C,20241115,343.25
010769232C,20251115,343.25
010770062C,20181116,317.10
010770062C,20191116,317.10
010770062C,20201116,317.10
010770062C,20211116,317.10
010770844C,20181115,206.75
010770844C,20191115,206.75
010770844C,20201115,206.75
010770844C,20211115,206.75
010770844C,20221115,206.75
010770844C,20231115,206.75
010770844C,20241115,206.75
010770844C,20251115,206.75
010770865C,20181115,306.04
010770865C,20191115,306.04
010770865C,20201115,306.04
010770865C,20211115,306.04
010770865C,20221115,306.04
010771070C,20181113,272.40
010771070C,20191113,272.40
010771070C,20201113,272.40
010771070C,20211113,272.40
010771532C,20181201,390.25
010771532C,20191201,390.25
010771532C,20201201,390.25
010771532C,20211201,390.25
010771532C,20221201,390.25
010771532C,20231201,390.25
010771532C,20241201,390.25
010771532C,20251201,390.25
010771832C,20181115,343.25
010771832C,20191115,343.25
010771832C,20201115,343.25
010771832C,20211115,343.25
010771832C,20221115,343.25
010771832C,20231115,343.25
010771832C,20241115,343.25
010771832C,20251115,343.25
010771833C,20181115,458.75
010771833C,20191115,458.75
010771833C,20201115,458.75
010771833C,20211115,458.75
010771833C,20221115,458.75
010771833C,20231115,458.75
010771833C,20241115,458.75
010771833C,20251115,458.75
010772668C,20181123,164.30
010772898C,20181126,458.75
010772898C,20191126,458.75
010772898C,20201126,458.75
010772898C,20211126,458.75
010772898C,20221126,458.75
010772898C,20231126,458.75
010772898C,20241126,458.75
010772957C,20181126,214.25
010772957C,20191126,214.25
010772957C,20201126,214.25
010772957C,20211126,214.25
010772957C,20221126,214.25
010772957C,20231126,214.25
010772957C,20241126,214.25
010772957C,20251126,214.25
010773107C,20171201,259.20
010773107C,20181201,259.20
010773107C,20191201,259.20
010773107C,20201201,259.20
010773107C,20211201,259.20
010773107C,20221201,259.20
010773107C,20231201,259.20
010773468C,20181205,179.35
010773468C,20191205,179.35
010773468C,20201205,179.35
010773468C,20211205,179.35
010773681C,20181201,297.52
010773681C,20191201,297.52
010773681C,20201201,297.52
010773681C,20211201,297.52
010773681C,20221201,297.52
010773681C,20231201,297.52
010773681C,20241201,297.52
010773681C,20251201,297.52
010773856C,20181205,287.02
010773856C,20191205,287.02
010774490C,20181210,246.75
010774490C,20191210,246.75
010774490C,20201210,246.75
010774490C,20211210,246.75
010774490C,20221210,246.75
010774490C,20231210,246.75
010774490C,20241210,246.75
010774490C,20251210,246.75
010774527C,20181210,358.00
010774527C,20191210,358.00
010774527C,20201210,358.00
010774527C,20211210,358.00
010774527C,20221210,358.00
010774527C,20231210,358.00
010774527C,20241210,358.00
010774527C,20251210,358.00
010774772C,20181216,448.00
010774772C,20191216,448.00
010774772C,20201216,448.00
010774772C,20211216,448.00
010774772C,20221216,448.00
010774772C,20231216,448.00
010774772C,20241216,448.00
010774772C,20251216,448.00
010774773C,20181216,604.50
010774773C,20191216,604.50
010774773C,20201216,604.50
010774773C,20211216,604.50
010774773C,20221216,604.50
010774773C,20231216,604.50
010774794C,20180116,268.48
010774794C,20190116,268.48
010774794C,20200116,268.48
010774794C,20210116,268.48
010774794C,20220116,268.48
010774794C,20230116,268.48
010774794C,20240116,268.48
010774794C,20250116,268.48
010774973C,20201215,175.25
010774973C,20211215,175.25
010774973C,20221215,175.25
010774973C,20231215,175.25
010774973C,20241215,175.25
010774973C,20251215,175.25
010775244C,20181218,642.50
010775244C,20191218,642.50
010775244C,20201218,642.50
010775244C,20211218,642.50
010775244C,20221218,642.50
010775244C,20231218,642.50
010775244C,20241218,642.50
010775244C,20251218,642.50
010775323C,20181228,281.98
010775323C,20191228,281.98
010775418C,20181219,238.50
010775418C,20191219,238.50
010775418C,20201219,238.50
010775418C,20211219,238.50
010775418C,20221219,238.50
010775418C,20231219,238.50
010775418C,20241219,238.50
010775418C,20251219,238.50
010775722C,20181220,134.75
010775722C,20191220,134.75
010775722C,20201220,134.75
010775722C,20211220,134.75
010775722C,20221220,134.75
010775722C,20231220,134.75
010775722C,20241220,134.75
010775722C,20251220,134.75
010775723C,20180114,123.25
010775723C,20190114,123.25
010775723C,20200114,123.25
010775723C,20210114,123.25
010775723C,20220114,123.25
010775723C,20230114,123.25
010775723C,20240114,123.25
010775723C,20250114,123.25
010775723C,20260114,123.25
010776027C,20181227,2233.00
010776027C,20191227,2233.00
010776442C,20180113,271.00
010776442C,20190113,271.00
010776442C,20200113,271.00
010776445C,20180216,753.70
010776445C,20190216,753.70
010776445C,20200216,753.70
010776445C,20210216,753.70
010776445C,20220216,753.70
010776445C,20230216,753.70
010776445C,20240216,753.70
010776450C,20180113,298.75
010776450C,20190113,298.75
010776450C,20200113,298.75
010776450C,20210113,298.75
010776450C,20220113,298.75
010776450C,20230113,298.75
010776450C,20240113,298.75
010776450C,20250113,298.75
010776502C,20180102,169.75
010776502C,20190102,169.75
010776502C,20200102,169.75
010776502C,20210102,169.75
010776502C,20220102,169.75
010776502C,20230102,169.75
010776502C,20240102,169.75
010776502C,20250102,169.75
010776502C,20260102,169.75
010776651C,20180115,439.60
010776651C,20190115,485.28
010776651C,20200115,485.28
010776651C,20210115,485.28
010776651C,20220115,485.28
010776651C,20230115,485.28
010776651C,20240115,485.28
010776651C,20250115,485.28
010776651C,20260115,485.28
010776672C,20190115,217.20
010776672C,20200115,217.20
010776672C,20210115,217.20
010776672C,20220115,217.20
010776672C,20230115,217.20
010776672C,20240115,217.20
010776813C,20180115,171.05
010776813C,20190115,171.05
010776813C,20200115,171.05
010776813C,20210115,171.05
010776813C,20220115,171.05
010776813C,20230115,171.05
010776814C,20180115,250.90
010776814C,20190115,250.90
010776814C,20200115,250.90
010776831C,20180115,661.65
010776831C,20190115,661.65
010776831C,20200115,661.65
010776831C,20210115,661.65
010776831C,20220115,661.65
010776831C,20230115,661.65
010776831C,20240115,661.65
010776831C,20250115,661.65
010776831C,20260115,661.65
010776832C,20180115,430.65
010776832C,20190115,430.65
010776832C,20200115,430.65
010776832C,20210115,430.65
010776832C,20220115,430.65
010776832C,20230115,430.65
010776832C,20240115,430.65
010776832C,20250115,430.65
010776832C,20260115,430.65
010777059C,20180205,502.00
010777059C,20190205,502.00
010777059C,20200205,502.00
010777059C,20210205,502.00
010777059C,20220205,502.00
010777059C,20230205,502.00
010777059C,20240205,502.00
010777793C,20180310,309.06
010777793C,20190310,309.06
010777793C,20200310,309.06
010777793C,20210310,309.06
010777793C,20220310,309.06
010777793C,20230310,309.06
010778142C,20180123,227.90
010778142C,20190123,227.90
010778464C,20180114,423.14
010778464C,20190114,423.14
010778464C,20200114,423.14
010778464C,20210114,423.14
010778464C,20220114,423.14
010778464C,20230114,423.14
010778464C,20240114,423.14
010778464C,20250114,423.14
010778464C,20260114,423.14
010778474C,20180203,188.10
010778474C,20190203,188.10
010778474C,20200203,188.10
010778474C,20210203,188.10
010778653C,20180123,287.25
010778653C,20190123,287.25
010778653C,20200123,287.25
010778653C,20210123,287.25
010778653C,20220123,287.25
010778653C,20230123,287.25
010778653C,20240123,287.25
010778653C,20250123,287.25
010778653C,20260123,287.25
010779031C,20180306,626.00
010779031C,20190306,626.00
010779031C,20200306,626.00
010779031C,20210306,626.00
010779031C,20220306,626.00
010779031C,20230306,626.00
010779031C,20240306,626.00
010779031C,20250306,626.00
010779031C,20260306,626.00
010779074C,20180223,677.40
010779074C,20190223,677.40
010779074C,20200223,677.40
010779074C,20210223,677.40
010779074C,20220223,677.40
010779191C,20180127,407.50
010779191C,20190127,407.50
010779551C,20180201,138.25
010779551C,20190201,138.25
010779551C,20200201,138.25
010779551C,20210201,138.25
010779551C,20220201,138.25
010779551C,20230201,138.25
010779551C,20240201,138.25
010779551C,20250201,138.25
010779551C,20260201,138.25
010779552C,20180201,175.25
010779552C,20190201,175.25
010780003C,20180207,231.82
010780003C,20190207,231.82
010780131C,20180203,188.10
010780393C,20180201,159.50
010780393C,20190201,159.50
010780393C,20200201,159.50
010780393C,20210201,159.50
010780393C,20220201,159.50
010780393C,20230201,159.50
010780393C,20240201,159.50
010780393C,20250201,159.50
010780393C,20260201,159.50
010780403C,20180226,752.80
010780403C,20190226,752.80
010780591C,20230209,1361.40
010780591C,20230207,1357.00
010780591C,20240209,1357.00
010780591C,20250209,1357.00
010780591C,20260209,1357.00
010780791C,20181210,272.40
010780791C,20191210,272.40
010780791C,20201210,272.40
010780791C,20211210,272.40
010780791C,20221210,272.40
010781128C,20180218,357.08
010781128C,20190218,357.08
010781128C,20200218,357.08
010781128C,20210218,357.08
010781128C,20220218,357.08
010781128C,20230218,357.08
010781128C,20240218,357.08
010781128C,20250218,357.08
010781128C,20260218,357.08
010781713C,20180213,678.50
010781713C,20190213,678.50
010781713C,20200213,678.50
010781713C,20210213,678.50
010782062C,20180218,187.00
010782062C,20190218,187.00
010782062C,20200218,187.00
010782062C,20210218,187.00
010782062C,20220218,187.00
010782062C,20230218,187.00
010782062C,20240218,187.00
010782062C,20250218,187.00
010782062C,20260218,187.00
010782064C,20180226,164.50
010782064C,20190226,164.50
010782064C,20200226,164.50
010782064C,20210226,164.50
010782064C,20220226,164.50
010782064C,20230226,164.50
010782064C,20240226,164.50
010782064C,20250226,164.50
010782064C,20260226,164.50
010782640C,20180218,164.50
010782640C,20190218,164.50
010782640C,20200218,164.50
010782640C,20210218,164.50
010782640C,20220218,164.50
010782640C,20230218,164.50
010782640C,20240218,164.50
010782640C,20250218,164.50
010782640C,20260218,164.50
010782822C,20180301,197.35
010783278C,20180313,296.00
010783278C,20190313,296.00
010783278C,20200313,296.00
010783278C,20210313,296.00
010783278C,20220313,296.00
010783278C,20230313,296.00
010783278C,20240313,296.00
010783278C,20250313,296.00
010783278C,20260313,296.00
010783502C,20180523,239.15
010783502C,20190523,239.15
010783502C,20200523,239.15
010783502C,20210523,239.15
010783785C,20180227,187.00
010783785C,20190227,187.00
010783785C,20200227,187.00
010783785C,20210227,187.00
010783785C,20220227,187.00
010783785C,20230227,187.00
010783785C,20240227,187.00
010783785C,20250227,187.00
010783785C,20260227,187.00
010783786C,20180227,206.75
010783786C,20190227,206.75
010783786C,20200227,206.75
010783786C,20210227,206.75
010783786C,20220227,206.75
010783786C,20230227,206.75
010783786C,20240227,206.75
010783786C,20250227,206.75
010783786C,20260227,206.75
010783867C,20180307,321.50
010783867C,20190307,321.50
010783867C,20200307,321.50
010783867C,20210307,321.50
010783867C,20220307,321.50
010783867C,20230307,321.50
010783867C,20240307,321.50
010783867C,20250307,321.50
010783867C,20260307,321.50
010783883C,20180316,667.45
010783883C,20190316,667.45
010783883C,20200316,667.45
010784045C,20180226,263.20
010784054C,20180304,453.30
010784074C,20180311,361.50
010784074C,20190311,361.50
010784074C,20200311,361.50
010784074C,20210311,361.50
010784074C,20220311,361.50
010784074C,20230311,361.50
010784074C,20240311,361.50
010784075C,20180305,119.00
010784075C,20190305,119.00
010784075C,20200305,119.00
010784075C,20210305,119.00
010784075C,20220305,119.00
010784075C,20230305,119.00
010784075C,20240305,119.00
010784075C,20250305,119.00
010784075C,20260305,119.00
010784261C,20180305,753.00
010784261C,20190305,753.00
010784261C,20200305,753.00
010784370C,20180525,427.25
010784370C,20190525,427.25
010784370C,20200525,427.25
010784370C,20210525,427.25
010784370C,20220525,427.25
010784370C,20230525,427.25
010784370C,20240525,427.25
010784370C,20250525,427.25
010784370C,20260525,427.25
010784372C,20180311,226.41
010784372C,20190311,226.41
010784372C,20200311,226.41
010784372C,20210311,226.41
010784372C,20220311,226.41
010784529C,20180404,338.80
010784529C,20190404,338.80
010784529C,20200404,338.80
010784529C,20210404,338.80
010784529C,20220404,338.80
010784529C,20230404,338.80
010784914C,20180303,353.80
010784914C,20190303,353.80
010784914C,20200303,353.80
010784914C,20210303,353.80
010784914C,20220303,353.80
010784914C,20230303,353.80
010784914C,20240303,353.80
010784914C,20250303,353.80
010784914C,20260303,353.80
010784918C,20180310,171.63
010784922C,20180317,315.60
010784922C,20190317,315.60
010784936C,20180314,458.60
010784936C,20190314,458.60
010784936C,20200314,458.60
010784936C,20210314,458.60
010784936C,20220314,458.60
010784936C,20230314,458.60
010784936C,20240314,458.60
010784936C,20250314,458.60
010784936C,20260314,458.60
010784946C,20180305,217.20
010784946C,20190305,217.20
010784946C,20200305,217.20
010784946C,20210305,217.20
010784950C,20180314,442.90
010784950C,20190314,442.90
010785163C,20180212,879.00
010785163C,20190212,879.00
010785163C,20200212,879.00
010785163C,20210212,879.00
010785163C,20220212,879.00
010785163C,20230212,879.00
010785163C,20240212,879.00
010785163C,20250212,879.00
010785163C,20260212,879.00
010785164C,20180310,236.64
010785164C,20190310,236.64
010785164C,20200310,236.64
010785324C,20180318,103.50
010785324C,20190318,103.50
010785324C,20200318,103.50
010785324C,20210318,103.50
010785324C,20220318,103.50
010785324C,20230318,103.50
010785324C,20240318,103.50
010785324C,20250318,103.50
010785324C,20260318,103.50
010785777C,20180404,352.51
010786015C,20180318,388.90
010786015C,20190318,388.90
010786015C,20200318,388.90
010786015C,20210318,388.90
010786015C,20220318,388.90
010786015C,20230318,388.90
010786015C,20240318,388.90
010786152C,20180318,217.20
010786152C,20190318,217.20
010786152C,20200318,217.20
010786152C,20210318,217.20
010786152C,20220318,217.20
010786153C,20180512,155.75
010786153C,20190512,155.75
010786237C,20180319,142.10
010786237C,20190319,142.10
010786237C,20200319,142.10
010786237C,20210319,142.10
010786237C,20220319,142.10
010786237C,20230319,142.10
010786237C,20240319,142.10
010786240C,20180326,299.58
010786240C,20190326,299.58
010786312C,20180326,298.64
010786312C,20190326,298.64
010786312C,20200326,298.64
010786312C,20210326,298.64
010786312C,20220326,298.64
010786312C,20230326,298.64
010786316C,20180415,254.75
010786316C,20190415,254.75
010786316C,20200415,254.75
010786316C,20210415,254.75
010786316C,20220415,254.75
010786316C,20230415,254.75
010786316C,20240415,254.75
010786316C,20250415,254.75
010786316C,20260415,254.75
010786324C,20180404,217.20
010786490C,20180326,688.06
010786800C,20200312,213.00
010786800C,20210312,213.00
010786800C,20220312,213.00
010786800C,20230312,213.00
010786800C,20240312,213.00
010786800C,20250312,213.00
010786800C,20260312,213.00
010787147C,20180415,479.75
010787147C,20190415,479.75
010787147C,20200415,479.75
010787147C,20210415,479.75
010787147C,20220415,479.75
010787147C,20230415,479.75
010787237C,20180402,373.75
010787237C,20190402,373.75
010787237C,20200402,373.75
010787237C,20210402,373.75
010787237C,20220402,373.75
010787237C,20230402,373.75
010787237C,20240402,373.75
010787237C,20250402,373.75
010787237C,20260402,373.75
010787513C,20180403,279.25
010787513C,20190403,279.25
010787513C,20200403,279.25
010787513C,20210403,279.25
010787513C,20220403,279.25
010787513C,20230403,279.25
010787513C,20240403,279.25
010787513C,20250403,279.25
010787513C,20260403,279.25
010787560C,20240328,163.20
010787560C,20250328,163.20
010787560C,20260328,163.20
010787639C,20180414,548.00
010787639C,20190414,548.00
010787639C,20200414,548.00
010787639C,20210414,548.00
010787639C,20220414,548.00
010787639C,20230414,548.00
010787639C,20240414,548.00
010787762C,20180401,123.25
010787762C,20190401,123.25
010787762C,20200401,123.25
010787762C,20210401,123.25
010787762C,20220401,123.25
010787762C,20230401,123.25
010787762C,20240401,123.25
010787762C,20250401,123.25
010787952C,20180407,214.25
010787952C,20190407,214.25
010787952C,20200407,214.25
010787952C,20210407,214.25
010787952C,20220407,214.25
010787952C,20230407,214.25
010787952C,20240407,214.25
010787952C,20250407,214.25
010787952C,20260407,214.25
010788679C,20180404,148.70
010788679C,20190404,148.70
010788679C,20200404,148.70
010788679C,20210404,148.70
010788679C,20220404,148.70
010788679C,20230404,148.70
010789095C,20180409,142.10
010789095C,20190409,142.10
010789095C,20200409,142.10
010789095C,20210409,142.10
010789095C,20220409,142.10
010789213C,20180409,304.00
010789213C,20190409,304.00
010789213C,20200409,304.00
010789213C,20210409,304.00
010789213C,20220409,304.00
010789213C,20230409,304.00
010789213C,20240409,304.00
010789213C,20250409,304.00
010789213C,20260409,304.00
010789348C,20210410,179.35
010789348C,20220410,198.00
010789348C,20230410,198.00
010789348C,20240410,198.00
010789348C,20250410,198.00
010789351C,20180601,1409.50
010789351C,20190601,1409.50
010789351C,20200601,1409.50
010789351C,20210601,1409.50
010789351C,20220601,1409.50
010789351C,20230601,1409.50
010789351C,20240601,1409.50
010789546C,20230417,298.75
010789546C,20240417,298.75
010789546C,20250417,298.75
010789546C,20260417,298.75
010789992C,20230407,252.25
010789992C,20240407,252.25
010790077C,20180414,113.50
010790077C,20190414,113.50
010790077C,20200414,113.50
010790077C,20210414,113.50
010790077C,20220414,113.50
010790077C,20230414,113.50
010790077C,20240414,113.50
010790077C,20250414,113.50
010790077C,20260414,113.50
010790176C,20180415,642.40
010790176C,20190415,642.40
010790176C,20200415,642.40
010790176C,20210415,642.40
010790176C,20220415,642.40
010790287C,20180417,214.25
010790287C,20190417,214.25
010790287C,20200417,214.25
010790287C,20210417,214.25
010790287C,20220417,214.25
010790287C,20230417,214.25
010790287C,20240417,214.25
010790287C,20250417,214.25
010790287C,20260417,214.25
010791323C,20180418,117.25
010791323C,20190418,117.25
010791323C,20200418,117.25
010791323C,20210418,117.25
010791323C,20220418,117.25
010791323C,20230418,117.25
010791323C,20240418,117.25
010791323C,20250418,117.25
010791323C,20260418,117.25
010791405C,20180418,121.00
010791405C,20190418,121.00
010791405C,20200418,121.00
010791405C,20210418,121.00
010791405C,20220418,121.00
010791405C,20230418,121.00
010791405C,20240418,121.00
010791405C,20250418,121.00
010791405C,20260418,121.00
010792884C,20180507,484.50
010792884C,20190507,484.50
010792884C,20200507,484.50
010792884C,20210507,484.50
010792884C,20220507,484.50
010792884C,20230507,484.50
010792884C,20240507,484.50
010792884C,20250507,484.50
010792884C,20260507,484.50
010792961C,20180515,193.25
010792961C,20190515,193.25
010792961C,20200515,193.25
010792961C,20210515,193.25
010792961C,20220515,193.25
010792961C,20230515,193.25
010792961C,20240515,193.25
010792961C,20250515,193.25
010792961C,20260515,193.25
010792997C,20180515,294.33
010792997C,20190515,294.33
010792997C,20200515,294.33
010792997C,20210515,294.33
010793582C,20180715,716.00
010793582C,20190715,716.00
010793582C,20200715,716.00
010793727C,20180515,263.20
010793727C,20190515,263.20
010793727C,20200515,263.20
010793727C,20210515,263.20
010793727C,20220515,263.20
010793737C,20180520,206.95
010793737C,20190520,206.95
010793737C,20200520,206.95
010793737C,20210520,206.95
010793830C,20180523,206.75
010793830C,20190523,206.75
010793830C,20200523,206.75
010793830C,20210523,206.75
010793830C,20220523,206.75
010793830C,20230523,206.75
010793830C,20240523,206.75
010793830C,20250523,206.75
010793830C,20260523,206.75
010794098C,20180514,448.75
010794098C,20190514,448.75
010794098C,20200514,448.75
010794098C,20210514,448.75
010794098C,20220514,448.75
010794098C,20230514,448.75
010794098C,20240514,448.75
010794098C,20250514,448.75
010794098C,20260514,448.75
010794099C,20180516,314.75
010794099C,20190516,314.75
010794099C,20200516,314.75
010794099C,20210516,314.75
010794099C,20220516,314.75
010794099C,20230516,314.75
010794099C,20240516,314.75
010794099C,20250516,314.75
010794099C,20260516,314.75
010794112C,20180523,642.50
010794112C,20190523,642.50
010794112C,20200523,642.50
010794112C,20210523,642.50
010794116C,20180523,448.75
010794116C,20190523,448.75
010794116C,20200523,448.75
010794116C,20210523,448.75
010794116C,20220523,448.75
010794116C,20230523,448.75
010794116C,20240523,448.75
010794265C,20180516,246.75
010794265C,20190516,246.75
010794265C,20200516,246.75
010794265C,20210516,246.75
010794265C,20220516,246.75
010794265C,20230516,246.75
010794265C,20240516,246.75
010794265C,20250516,246.75
010794265C,20260516,246.75
010794514C,20180601,328.78
010794514C,20190601,328.78
010794514C,20200601,328.78
010794514C,20210601,328.78
010794514C,20220601,328.78
010794514C,20230601,328.78
010794514C,20240601,328.78
010794514C,20250601,328.78
010794518C,20180601,318.25
010794520C,20180520,171.05
010794730C,20180601,187.00
010794730C,20190601,187.00
010794730C,20200601,187.00
010794730C,20210601,187.00
010794730C,20220601,187.00
010794730C,20230601,187.00
010794730C,20240601,187.00
010794730C,20250601,187.00
010794731C,20180601,230.50
010794731C,20190601,230.50
010794731C,20200601,230.50
010794731C,20210601,230.50
010794731C,20220601,230.50
010794731C,20230601,230.50
010794731C,20240601,230.50
010794731C,20250601,230.50
010794751C,20180601,150.25
010794751C,20190601,150.25
010794751C,20200601,150.25
010794751C,20210601,150.25
010794751C,20220601,150.25
010794751C,20230601,150.25
010794751C,20240601,150.25
010794751C,20250601,150.25
010795361C,20180527,934.50
010795361C,20190527,934.50
010795361C,20200527,934.50
010795361C,20210527,934.50
010795361C,20220527,934.50
010795361C,20230527,934.50
010795361C,20240527,934.50
010795361C,20250527,934.50
010795361C,20260527,934.50
010795564C,20180701,298.75
010795564C,20190701,298.75
010795564C,20200701,298.75
010795564C,20210701,298.75
010795564C,20220701,298.75
010795564C,20230701,298.75
010795564C,20240701,298.75
010795609C,20180503,164.50
010795612C,20180603,287.24
010795612C,20190603,287.24
010795612C,20200603,287.24
010795612C,20210603,287.24
010795612C,20220603,287.24
010795612C,20230603,287.24
010795612C,20240603,287.24
010795618C,20180701,303.60
010795618C,20190701,303.60
010795898C,20180528,164.50
010795898C,20190528,164.50
010795898C,20200528,164.50
010795898C,20210528,164.50
010795898C,20220528,164.50
010795898C,20230528,164.50
010795898C,20240528,164.50
010795898C,20250528,164.50
010795898C,20260528,164.50
010796355C,20180602,722.50
010796355C,20190602,722.50
010796355C,20200602,722.50
010796355C,20210602,722.50
010796355C,20220602,722.50
010796355C,20230602,722.50
010796355C,20240602,722.50
010796355C,20250602,722.50
010796356C,20180602,287.25
010796356C,20190602,287.25
010796356C,20200602,287.25
010796356C,20210602,287.25
010796356C,20220602,287.25
010796356C,20230602,287.25
010796356C,20240602,287.25
010796356C,20250602,287.25
010796707C,20180605,246.60
010796707C,20190605,246.60
010796707C,20200605,246.60
010796707C,20210605,246.60
010796707C,20220605,246.60
010796707C,20230605,246.60
010796707C,20240605,246.60
010796707C,20250605,246.60
010796908C,20190606,290.75
010796912C,20180716,179.25
010796912C,20190716,179.25
010796912C,20200716,179.25
010796912C,20210716,179.25
010796912C,20220716,179.25
010796912C,20230716,179.25
010796912C,20240716,179.25
010796912C,20250716,179.25
010796916C,20180605,112.75
010796916C,20190605,112.75
010796916C,20200605,112.75
010796916C,20210605,112.75
010796916C,20220605,112.75
010796916C,20230605,112.75
010796916C,20240605,112.75
010796916C,20250605,112.75
010797766C,20230616,1357.00
010797766C,20240616,1357.00
010797766C,20250616,1357.00
010797831C,20180613,123.25
010797831C,20190613,123.25
010797831C,20200613,123.25
010797831C,20210613,123.25
010797831C,20220613,123.25
010797831C,20230613,123.25
010797831C,20240613,123.25
010797831C,20250613,123.25
010797832C,20180613,121.00
010797832C,20190613,121.00
010797832C,20200613,121.00
010797832C,20210613,121.00
010797832C,20220613,121.00
010797832C,20230613,121.00
010797832C,20240613,121.00
010797832C,20250613,121.00
010797922C,20180521,300.76
010797922C,20190521,300.76
010797922C,20200521,300.76
010797922C,20210521,300.76
010798029C,20180805,238.50
010798029C,20190805,238.50
010798029C,20200805,238.50
010798029C,20210805,238.50
010798029C,20220805,238.50
010798029C,20230805,238.50
010798029C,20240805,238.50
010798029C,20250805,238.50
010798030C,20180613,164.50
010798030C,20190613,164.50
010798030C,20200613,164.50
010798030C,20210613,164.50
010798030C,20220613,164.50
010798030C,20230613,164.50
010798030C,20240613,164.50
010798030C,20250613,164.50
010798031C,20180613,473.40
010798031C,20190613,473.40
010798462C,20180624,318.25
010799173C,20180720,315.17
010799173C,20190720,315.17
010799487C,20180701,198.70
010799487C,20190701,198.70
010799487C,20200701,198.70
010799487C,20210701,198.70
010799487C,20220701,198.70
010799487C,20230701,198.70
010799487C,20240701,198.70
010799487C,20250701,198.70
010799590C,20180701,458.75
010799590C,20190701,458.75
010799590C,20200701,458.75
010799590C,20210701,458.75
010799590C,20220701,458.75
010799590C,20230701,458.75
010799590C,20240701,458.75
010799590C,20250701,458.75
010799675C,20180709,934.50
010799675C,20190709,934.50
010799675C,20200709,934.50
010799675C,20210709,934.50
010799675C,20220709,934.50
010799675C,20230709,934.50
010799675C,20240709,934.50
010799675C,20250709,934.50
010799821C,20180627,501.40
010799821C,20190627,501.40
010799821C,20200627,501.40
010799895C,20180625,179.35
010800286C,20180701,121.00
010800286C,20190701,121.00
010800286C,20200701,121.00
010800286C,20210701,121.00
010800286C,20220701,121.00
010800286C,20230701,121.00
010800286C,20240701,121.00
010800286C,20250701,121.00
010800881C,20180623,501.00
010800881C,20190623,501.00
010800881C,20200623,501.00
010800881C,20210623,501.00
010800881C,20220623,501.00
010800881C,20230623,501.00
010800881C,20240623,501.00
010800881C,20250623,501.00
010801256C,20180714,210.55
010801256C,20190714,210.55
010801256C,20200714,210.55
010801256C,20210714,210.55
010801256C,20220714,210.55
010801256C,20230714,210.55
010801256C,20240714,210.55
010801256C,20250714,210.55
010801734C,20180828,368.20
010801734C,20190828,368.20
010801734C,20200828,368.20
010802045C,20180718,411.25
010802045C,20190718,411.25
010802045C,20200718,411.25
010802045C,20210718,411.25
010802045C,20220718,411.25
010802045C,20230718,411.25
010802045C,20240718,411.25
010802045C,20250718,411.25
010802188C,20180811,250.90
010802188C,20190811,250.90
010802626C,20180801,407.50
010802626C,20190801,407.50
010802626C,20200801,407.50
010802626C,20210801,407.50
010802626C,20220801,407.50
010802626C,20230801,407.50
010802626C,20240801,407.50
010802626C,20250801,407.50
010802627C,20180717,157.28
010802646C,20180723,388.90
010802646C,20190723,388.90
010802646C,20200723,388.90
010802646C,20210723,388.90
010802646C,20220723,388.90
010802649C,20180723,409.40
010802649C,20190723,409.40
010802649C,20200723,409.40
010802649C,20210723,409.40
010802649C,20220723,409.40
010802649C,20230723,409.40
010802649C,20240723,409.40
010802649C,20250723,409.40
010803044C,20180724,329.25
010803044C,20190724,329.25
010803044C,20200724,329.25
010803044C,20210724,329.25
010803044C,20220724,329.25
010803044C,20230724,329.25
010803649C,20180902,388.75
010803649C,20190902,388.75
010803649C,20200902,388.75
010803649C,20210902,388.75
010803649C,20220902,388.75
010803649C,20230902,388.75
010803649C,20240902,388.75
010803649C,20250902,388.75
010803672C,20180715,230.50
010803672C,20190715,230.50
010803672C,20200715,230.50
010803672C,20210715,230.50
010803672C,20220715,230.50
010803672C,20230715,230.50
010803672C,20240715,230.50
010803672C,20250715,230.50
010803676C,20180801,128.50
010803676C,20190801,128.50
010803676C,20200801,128.50
010803676C,20210801,128.50
010803676C,20220801,128.50
010803676C,20230801,128.50
010803676C,20240801,128.50
010803676C,20250801,128.50
010803682C,20180801,303.60
010803682C,20190801,303.60
010803682C,20200801,303.60
010803770C,20180801,206.95
010803770C,20190801,206.95
010803776C,20181104,196.75
010803776C,20191104,196.75
010803776C,20201104,196.75
010803776C,20211104,196.75
010803776C,20221104,196.75
010803776C,20231104,196.75
010803776C,20241104,196.75
010803776C,20251104,196.75
010804327C,20230801,321.50
010804327C,20240801,321.50
010804327C,20250801,321.50
010804489C,20180718,217.20
010804489C,20190718,217.20
010804489C,20200718,217.20
010804489C,20210718,217.20
010804489C,20220718,217.20
010804489C,20230718,217.20
010804588C,20180726,287.25
010804588C,20190726,287.25
010804588C,20200726,287.25
010804588C,20210726,287.25
010804588C,20220726,287.25
010804588C,20230726,287.25
010804588C,20240726,287.25
010804588C,20250726,287.25
010804616C,20180801,314.75
010804616C,20190801,314.75
010804616C,20200801,314.75
010804616C,20210801,314.75
010804616C,20220801,314.75
010804616C,20230801,314.75
010804616C,20240801,314.75
010804616C,20250801,314.75
010804853C,20180801,134.75
010804853C,20190801,134.75
010804853C,20200801,134.75
010804853C,20210801,134.75
010804853C,20220801,134.75
010804853C,20230801,134.75
010804853C,20240801,134.75
010804853C,20250801,134.75
010804854C,20180801,131.50
010804854C,20190801,131.50
010804854C,20200801,131.50
010804854C,20210801,131.50
010804854C,20220801,131.50
010804854C,20230801,131.50
010805039C,20180910,294.08
010805041C,20180801,642.50
010805041C,20190801,642.50
010805041C,20200801,642.50
010805041C,20210801,642.50
010805041C,20220801,642.50
010805041C,20230801,642.50
010805041C,20240801,642.50
010805041C,20250801,642.50
010806155C,20180901,420.93
010806155C,20190901,420.93
010806155C,20200901,420.93
010806653C,20220815,187.00
010806653C,20230815,187.00
010806653C,20240815,187.00
010806653C,20250815,187.00
010807493C,20180822,608.75
010807518C,20180822,168.50
010807518C,20190822,168.50
010807518C,20200822,168.50
010807518C,20210822,168.50
010807518C,20220822,168.50
010807518C,20230822,168.50
010807518C,20240822,168.50
010807518C,20250822,168.50
010807698C,20180825,179.35
010807698C,20190825,179.35
010807698C,20200825,179.35
010807720C,20190815,142.10
010807720C,20200815,142.10
010807720C,20210815,142.10
010807720C,20220815,142.10
010807722C,20180819,125.00
010807722C,20190819,125.00
010807722C,20200819,125.00
010807722C,20210819,125.00
010807722C,20220819,125.00
010807722C,20230819,125.00
010807722C,20240819,125.00
010807722C,20250819,125.00
010807868C,20180819,227.90
010807868C,20190819,227.90
010807941C,20190911,411.25
010807941C,20200911,411.25
010807941C,20210911,411.25
010807941C,20220911,411.25
010807941C,20230911,411.25
010807941C,20240911,411.25
010807941C,20250911,411.25
010807946C,20180805,246.75
010807946C,20190805,246.75
010807946C,20200805,246.75
010807946C,20210805,246.75
010807946C,20220805,246.75
010807946C,20230805,246.75
010807946C,20240805,246.75
010807946C,20250805,246.75
010807963C,20180820,678.50
010807963C,20190820,678.50
010807963C,20200820,678.50
010807963C,20210820,678.50
010807963C,20220820,678.50
010807963C,20230820,678.50
010807963C,20240820,678.50
010807963C,20250820,678.50
010808545C,20180901,577.00
010808545C,20190901,577.00
010808545C,20200901,577.00
010808545C,20210901,577.00
010808545C,20220901,577.00
010808545C,20230901,577.00
010808545C,20240901,577.00
010808545C,20250901,577.00
010808553C,20180901,401.65
010808553C,20190901,401.65
010808553C,20200901,401.65
010808553C,20210901,401.65
010808553C,20220901,401.65
010808553C,20230901,401.65
010808553C,20240901,401.65
010808553C,20250901,401.65
010808831C,20180826,138.25
010808831C,20190826,138.25
010808831C,20200826,138.25
010808831C,20210826,138.25
010808831C,20220826,138.25
010808831C,20230826,138.25
010808831C,20240826,138.25
010808831C,20250826,138.25
010808901C,20180815,199.75
010808901C,20190815,199.75
010808901C,20200815,199.75
010809361C,20180915,141.31
010809361C,20190915,141.31
010809361C,20200915,141.31
010809361C,20210915,141.31
010809361C,20220915,141.31
010809361C,20230915,141.31
010809361C,20240915,141.31
010809361C,20250915,141.31
010809739C,20180908,386.44
010809739C,20190908,386.44
010809739C,20200908,386.44
010809739C,20210908,386.44
010809739C,20220908,386.44
010809739C,20230908,386.44
010809977C,20180903,138.25
010809977C,20190903,138.25
010809977C,20200903,138.25
010809977C,20210903,138.25
010809977C,20220903,138.25
010809977C,20230903,138.25
010809977C,20240903,138.25
010809977C,20250903,138.25
010810228C,20180821,163.20
010810228C,20190821,163.20
010810228C,20200821,163.20
010810228C,20210821,163.20
010810228C,20220821,163.20
010810228C,20230821,163.20
010810228C,20240821,163.20
010810691C,20191020,179.35
010810691C,20201020,179.35
010810691C,20211020,179.35
010810691C,20221020,179.35
010810691C,20231020,179.35
010810691C,20241020,179.35
010811306C,20180922,358.48
010811306C,20190922,358.48
010811306C,20200922,358.48
010811382C,20180922,269.65
010811382C,20190922,269.65
010811382C,20200922,269.65
010811382C,20210922,269.65
010811382C,20220922,269.65
010811382C,20230922,269.65
010811382C,20240922,269.65
010811382C,20250922,269.65
010811385C,20180922,321.50
010811385C,20190922,321.50
010811385C,20200922,321.50
010811385C,20210922,321.50
010811385C,20220922,321.50
010811385C,20230922,321.50
010811385C,20240922,321.50
010811385C,20250922,321.50
010811386C,20180922,265.40
010811386C,20190922,265.40
010811386C,20200922,265.40
010811386C,20210922,265.40
010811386C,20220922,265.40
010811386C,20230922,265.40
010811386C,20240922,265.40
010811386C,20250922,265.40
010811998C,20180915,548.00
010811998C,20190915,548.00
010811998C,20200915,548.00
010811998C,20210915,548.00
010811998C,20220915,548.00
010812079C,20180911,188.10
010812079C,20190911,188.10
010812225C,20181112,488.50
010812225C,20191112,488.50
010812225C,20201112,488.50
010812225C,20211112,488.50
010812225C,20221112,488.50
010812225C,20231112,488.50
010812225C,20241112,488.50
010812225C,20251112,488.50
010813196C,20180915,254.75
010813196C,20190915,254.75
010813286C,20181001,326.32
010813286C,20191001,326.32
010813286C,20201001,326.32
010813286C,20211001,326.32
010813286C,20221001,326.32
010813286C,20231001,326.32
010813286C,20241001,326.32
010813387C,20181002,689.80
010813387C,20191002,689.80
010813387C,20201002,689.80
010813387C,20211002,689.80
010813387C,20221002,689.80
010813387C,20231002,689.80
010813387C,20241002,689.80
010813387C,20251002,689.80
010813388C,20181002,406.90
010813388C,20191002,406.90
010813388C,20201002,406.90
010813388C,20211002,406.90
010813388C,20221002,406.90
010813388C,20231002,406.90
010813388C,20241002,406.90
010813388C,20251002,406.90
010813391C,20181101,332.52
010813391C,20191101,332.52
010813391C,20201101,332.52
010813391C,20211101,332.52
010813392C,20181001,373.75
010813392C,20191001,373.75
010813392C,20201001,373.75
010813392C,20211001,373.75
010813392C,20221001,373.75
010813392C,20231001,373.75
010813392C,20241001,373.75
010813392C,20251001,373.75
010813427C,20210926,112.75
010813955C,20181007,505.50
010813955C,20191007,505.50
010813955C,20201007,505.50
010813955C,20211007,505.50
010813955C,20221007,505.50
010813955C,20231007,505.50
010813955C,20241007,505.50
010813955C,20251007,505.50
010814115C,20181001,230.50
010814115C,20191001,230.50
010814115C,20201001,230.50
010814115C,20211001,230.50
010814115C,20221001,230.50
010814115C,20231001,230.50
010814115C,20241001,230.50
010814115C,20251001,230.50
010814362C,20181010,254.75
010814362C,20191010,254.75
010814362C,20201010,254.75
010814362C,20211010,254.75
010814362C,20221010,254.75
010814362C,20231010,254.75
010814362C,20241010,254.75
010814362C,20251010,254.75
010814389C,20181006,263.00
010814389C,20191006,263.00
010814390C,20181006,263.00
010814390C,20191006,263.00
010814390C,20201006,263.00
010814390C,20211006,263.00
010814390C,20221006,263.00
010814390C,20231006,263.00
010814390C,20241006,263.00
010814390C,20251006,263.00
010814693C,20181010,424.15
010814693C,20191010,424.15
010814693C,20201010,424.15
010814693C,20211010,424.15
010814693C,20221010,424.15
010814693C,20231010,424.15
010814693C,20241010,424.15
010814693C,20251010,424.15
010814931C,20181005,112.75
010814931C,20191005,112.75
010814931C,20201005,112.75
010814931C,20211005,112.75
010814931C,20221005,112.75
010814931C,20231005,112.75
010814931C,20241005,112.75
010814931C,20251005,112.75
010814933C,20181015,411.96
010815236C,20181002,174.51
010815236C,20191002,174.51
010815236C,20201002,174.51
010815236C,20211002,174.51
010815236C,20221002,174.51
010815236C,20231212,176.67
010815236C,20241002,176.67
010815236C,20251002,176.67
010815523C,20181001,164.50
010815523C,20191001,164.50
010815523C,20201001,164.50
010815523C,20211001,164.50
010815523C,20221001,164.50
010815523C,20231001,164.50
010815523C,20241001,164.50
010815523C,20251001,164.50
010815524C,20181001,181.00
010815524C,20191001,181.00
010815524C,20201001,181.00
010815524C,20211001,181.00
010815524C,20221001,181.00
010815524C,20231001,181.00
010815524C,20241001,181.00
010815524C,20251001,181.00
010815642C,20181017,315.18
010815642C,20191017,315.18
010815642C,20201017,315.18
010815642C,20211017,315.18
010815642C,20221017,315.18
010815642C,20231017,315.18
010815642C,20241017,315.18
010815642C,20251017,315.18
010815680C,20171015,358.00
010815680C,20181015,358.00
010815680C,20191015,358.00
010815680C,20201015,358.00
010815680C,20211015,358.00
010815680C,20221015,358.00
010815680C,20231015,358.00
010815680C,20241015,358.00
010815680C,20251015,358.00
010815681C,20171101,298.75
010815681C,20181101,298.75
010815681C,20191101,298.75
010815681C,20201101,298.75
010815681C,20211101,298.75
010815681C,20221101,298.75
010815681C,20231101,298.75
010815681C,20241101,298.75
010815681C,20251101,298.75
010815946C,20181020,314.50
010815946C,20191020,314.50
010815946C,20201020,314.50
010815946C,20211020,314.50
010815946C,20221020,314.50
010815946C,20231020,314.50
010815946C,20241020,314.50
010815946C,20251020,314.50
010816070C,20181015,317.10
010816070C,20191015,317.10
010816070C,20201015,317.10
010816070C,20211015,317.10
010816070C,20221015,317.10
010816156C,20181013,206.95
010816156C,20191013,206.95
010816928C,20181017,287.25
010816928C,20191017,287.25
010816969C,20181106,181.90
010816969C,20191106,181.90
010816969C,20201106,181.90
010816969C,20211106,181.90
010816969C,20221106,181.90
010816969C,20231106,181.90
010816990C,20181020,148.70
010816990C,20191020,148.70
010816990C,20201020,148.70
010816990C,20211020,148.70
010816990C,20221020,148.70
010816990C,20231020,148.70
010816990C,20241020,148.70
010816990C,20251020,148.70
010816991C,20181020,239.15
010816991C,20191020,239.15
010816991C,20201020,239.15
010816991C,20211020,239.15
010816991C,20221020,239.15
010816991C,20231020,239.15
010816991C,20241020,239.15
010816991C,20251020,239.15
010817091C,20181022,239.15
010817091C,20191022,239.15
010817304C,20221022,296.00
010817304C,20231022,296.00
010817304C,20241022,296.00
010817304C,20251022,296.00
010817345C,20181107,388.75
010817366C,20181023,154.75
010817366C,20191023,154.75
010817366C,20201023,154.75
010817366C,20211023,154.75
010817366C,20221023,154.75
010817366C,20231023,154.75
010817366C,20241023,154.75
010817366C,20251023,154.75
010817367C,20181023,128.50
010817367C,20191023,128.50
010817367C,20201023,128.50
010817367C,20211023,128.50
010817367C,20221023,128.50
010817367C,20231023,128.50
010817367C,20241023,128.50
010817367C,20251023,128.50
010817500C,20181021,333.70
010817500C,20191021,333.70
010817808C,20241101,279.25
010817808C,20251101,279.25
010817956C,20181104,148.70
010817956C,20191104,148.70
010817956C,20201104,148.70
010817956C,20211104,148.70
010817956C,20221104,148.70
010817956C,20231104,148.70
010817956C,20241104,148.70
010818531C,20181120,433.50
010818531C,20191120,433.50
010818531C,20201120,433.50
010818531C,20211120,433.50
010818531C,20221120,433.50
010818531C,20231120,433.50
010818531C,20241120,433.50
010818531C,20251120,433.50
010818580C,20181110,549.50
010818580C,20191110,549.50
010818580C,20201110,549.50
010818580C,20211110,549.50
010819280C,20181119,373.75
010819280C,20191119,373.75
010819280C,20201119,373.75
010819280C,20211119,373.75
010819280C,20221119,373.75
010819280C,20231119,373.75
010819280C,20241119,373.75
010819280C,20251119,373.75
010820635C,20181117,577.00
010820635C,20191117,577.00
010820635C,20201117,577.00
010820635C,20211117,577.00
010820635C,20221117,577.00
010820635C,20231117,577.00
010820635C,20241117,577.00
010821385C,20181202,318.58
010821385C,20191202,318.58
010821385C,20201202,318.58
010821435C,20181202,351.20
010821435C,20191202,351.20
010822046C,20181211,175.30
010822046C,20191211,175.30
010822097C,20181203,797.50
010822097C,20191203,797.50
010822097C,20201203,797.50
010822097C,20211203,797.50
010822097C,20221203,797.50
010822097C,20231203,797.50
010822097C,20241203,797.50
010822097C,20251203,797.50
010822098C,20181203,254.75
010822098C,20191203,254.75
010822098C,20201203,254.75
010822098C,20211203,254.75
010822098C,20221203,254.75
010822098C,20231203,254.75
010822098C,20241203,254.75
010822098C,20251203,254.75
010822330C,20181217,303.60
010822330C,20191217,303.60
010822330C,20201217,303.60
010822330C,20211217,303.60
010822330C,20221217,303.60
010822330C,20231217,303.60
010822330C,20241217,303.60
010822330C,20251217,303.60
010822851C,20180112,296.00
010822851C,20190112,296.00
010822851C,20200112,296.00
010822851C,20210112,296.00
010822851C,20220112,296.00
010822851C,20230112,296.00
010822851C,20240112,296.00
010822851C,20250112,296.00
010822851C,20260112,296.00
010823095C,20181217,301.40
010823335C,20181209,254.75
010823335C,20191209,254.75
010823335C,20201209,254.75
010823335C,20211209,254.75
010823335C,20221209,254.75
010823335C,20231209,254.75
010823335C,20241209,254.75
010823335C,20251209,254.75
010824297C,20181227,358.00
010824297C,20191227,358.00
010824297C,20201227,358.00
010824297C,20211227,358.00
010824297C,20221227,358.00
010824297C,20231227,358.00
010824297C,20241227,358.00
010824297C,20251227,358.00
010824299C,20180101,169.75
010824299C,20190101,169.75
010824299C,20200101,169.75
010824299C,20210101,169.75
010824299C,20220101,169.75
010824299C,20230101,169.75
010824709C,20180101,246.75
010824709C,20190101,246.75
010824709C,20200101,246.75
010824709C,20210101,246.75
010824709C,20220101,246.75
010824709C,20230101,246.75
010824709C,20240101,246.75
010824709C,20250101,246.75
010824709C,20260101,246.75
010825353C,20200108,632.25
010825353C,20210108,632.25
010825353C,20220108,632.25
010825353C,20230108,632.25
010825353C,20240108,632.25
010825353C,20250108,632.25
010825353C,20260108,632.25
010825434C,20180201,217.20
010825434C,20190201,217.20
010825434C,20200201,217.20
010825434C,20210201,217.20
010825434C,20220201,217.20
010825434C,20230201,217.20
010825438C,20180123,241.09
010825438C,20190123,241.09
010825438C,20200123,241.09
010825438C,20210123,241.09
010825438C,20230227,482.18
010825719C,20180108,119.00
010825719C,20190108,119.00
010825719C,20200108,119.00
010825719C,20210108,119.00
010825719C,20220108,119.00
010825719C,20230108,119.00
010825719C,20240108,119.00
010825719C,20250108,119.00
010825719C,20260108,119.00
010825759C,20180113,113.50
010825759C,20190113,113.50
010825759C,20200113,113.50
010825759C,20210113,113.50
010825759C,20220113,113.50
010825759C,20230113,113.50
010825759C,20240113,113.50
010825759C,20250113,113.50
010825759C,20260113,113.50
010826524C,20210121,419.50
010826524C,20220121,419.50
010826524C,20230121,419.50
010826524C,20240121,419.50
010826524C,20250121,419.50
010826524C,20260121,419.50
010826532C,20180201,318.25
010826532C,20190201,318.25
010826810C,20180205,522.00
010826810C,20190205,522.00
010826810C,20200205,522.00
010826810C,20210205,522.00
010827590C,20180223,300.76
010827590C,20190223,300.76
010828369C,20180203,279.25
010828369C,20190203,279.25
010828369C,20240203,279.25
010828369C,20250203,279.25
010828369C,20260203,279.25
010828370C,20260203,214.25
010828463C,20180128,217.20
010828463C,20190128,217.20
010828463C,20200128,217.20
010829942C,20180211,217.20
010830094C,20180219,147.85
010830094C,20190219,147.85
010830094C,20200219,147.85
010830094C,20210219,147.85
010830094C,20220219,147.85
010830094C,20230219,147.85
010830094C,20240219,147.85
010830094C,20250219,147.85
010830094C,20260219,147.85
010830310C,20180218,121.00
010830310C,20190218,121.00
010832205C,20180310,112.75
010832205C,20190310,112.75
010832205C,20200310,112.75
010832205C,20210310,112.75
010832205C,20220310,112.75
010832681C,20180313,263.20
010832681C,20190313,263.20
010832681C,20200313,263.20
010832681C,20210313,263.20
010833639C,20180318,301.40
010833740C,20180401,250.90
010833740C,20190401,250.90
010833740C,20200401,250.90
010833991C,20180113,271.00
010833991C,20190113,271.00
010833991C,20200113,271.00
010833991C,20210113,271.00
010833991C,20220113,271.00
010833991C,20230113,271.00
010833991C,20240113,271.00
010833991C,20250113,271.00
010833991C,20260113,271.00
010834096C,20180326,171.05
010834096C,20190326,171.05
010834574C,20200401,246.75
010834574C,20210401,246.75
010834574C,20220401,246.75
010834574C,20230401,246.75
010834574C,20240401,246.75
010834574C,20250401,246.75
010834574C,20260401,246.75
010834575C,20200401,325.50
010834575C,20210401,325.50
010834575C,20220401,325.50
010834575C,20230401,325.50
010834575C,20240401,325.50
010834575C,20250401,325.50
010834575C,20260401,325.50
010836252C,20180414,217.00
010836252C,20190414,217.00
010836252C,20200414,217.00
010836252C,20210414,217.00
010836252C,20220414,217.00
010836252C,20230414,217.00
010836252C,20240414,217.00
010836252C,20250414,217.00
010836252C,20260414,217.00
010838710C,20180505,121.00
010838710C,20190505,121.00
010838710C,20200505,121.00
010838710C,20210505,121.00
010838710C,20220505,121.00
010838710C,20230505,121.00
010838710C,20240505,121.00
010838710C,20250505,121.00
010838710C,20260505,121.00
010839122C,20180511,128.50
010839122C,20190511,128.50
010839122C,20200511,128.50
010839122C,20210511,128.50
010839122C,20220511,128.50
010839122C,20230511,128.50
010839122C,20240511,128.50
010839122C,20250511,128.50
010839122C,20260511,128.50
010839714C,20180512,241.09
010840404C,20180605,1025.50
010840404C,20190605,1025.50
010840404C,20200605,1025.50
010840404C,20210605,1025.50
010840404C,20220605,1025.50
010840404C,20230605,1025.50
010840404C,20240605,1025.50
010840404C,20250605,1025.50
010840776C,20180526,369.70
010840848C,20180526,292.87
010840848C,20190526,292.87
010841424C,20180602,263.20
010841424C,20190602,263.20
010842016C,20230701,437.20
010842016C,20240701,437.20
010842016C,20250701,437.20
010842017C,20230701,423.40
010842017C,20240701,423.40
010842017C,20250701,423.40
010842315C,20180615,309.06
010842315C,20190615,309.06
010842315C,20200615,309.06
010842315C,20210615,309.06
010842315C,20220615,309.06
010842315C,20230615,309.06
010842315C,20240615,309.06
010842315C,20250615,309.06
010842857C,20210616,200.50
010842857C,20220616,200.50
010842857C,20230616,200.50
010842857C,20240616,200.50
010842857C,20250616,200.50
010843137C,20180521,206.95
010843137C,20190521,206.95
010843137C,20200521,206.95
010843137C,20210521,206.95
010843137C,20220521,206.95
010843137C,20230521,206.95
010843241C,20180621,1075.50
010843241C,20190621,1075.50
010843241C,20200621,1075.50
010843241C,20210621,1075.50
010843241C,20220621,1075.50
010843241C,20230621,1075.50
010843241C,20240621,1075.50
010843241C,20250621,1075.50
010844324C,20180701,585.50
010844324C,20190701,585.50
010844324C,20200701,585.50
010844324C,20210701,585.50
010844324C,20220701,585.50
010844324C,20230701,585.50
010844324C,20240701,585.50
010844324C,20250701,585.50
010844402C,20180702,169.75
010844402C,20190702,169.75
010844402C,20200702,169.75
010844402C,20210702,169.75
010844402C,20220702,169.75
010844402C,20230702,169.75
010844402C,20240702,169.75
010844402C,20250702,169.75
010844403C,20180702,154.75
010844403C,20190702,154.75
010844403C,20200702,154.75
010844403C,20210702,154.75
010844403C,20220702,154.75
010844403C,20230702,154.75
010844403C,20240702,154.75
010844403C,20250702,154.75
010845094C,20180709,276.10
010845099C,20180706,112.75
010845099C,20190706,112.75
010845099C,20200706,112.75
010845099C,20210706,112.75
010845099C,20220706,112.75
010845099C,20230706,112.75
010845099C,20240706,112.75
010845099C,20250706,112.75
010845307C,20180716,371.50
010845307C,20190716,371.50
010845307C,20200716,371.50
010845307C,20210716,371.50
010845307C,20220716,371.50
010845307C,20230716,371.50
010845307C,20240716,371.50
010845307C,20250716,371.50
010845709C,20180820,468.50
010845709C,20190820,468.50
010845709C,20200820,468.50
010845709C,20210820,468.50
010845709C,20220820,468.50
010845709C,20230820,468.50
010845709C,20240820,468.50
010845709C,20250820,468.50
010845878C,20180716,390.25
010845878C,20190716,390.25
010845878C,20200716,390.25
010846781C,20180724,305.25
010846781C,20190724,305.25
010846781C,20200724,305.25
010846781C,20210724,305.25
010846781C,20220724,305.25
010846781C,20230724,305.25
010846781C,20240724,305.25
010846781C,20250724,305.25
010847479C,20190801,244.25
010847479C,20200801,244.25
010847479C,20210801,244.25
010847479C,20220801,244.25
010847479C,20230801,244.25
010847479C,20240801,244.25
010847479C,20250801,244.25
010847480C,20180801,115.75
010847480C,20190801,115.75
010847480C,20200801,115.75
010847480C,20210801,115.75
010847480C,20220801,115.75
010847480C,20230801,115.75
010847480C,20240801,115.75
010847480C,20250801,115.75
010848085C,20180801,351.20
010848085C,20190801,351.20
010848085C,20200801,351.20
010848085C,20210801,351.20
010848398C,20180808,146.00
010848398C,20190808,146.00
010848398C,20200808,146.00
010848398C,20210808,146.00
010848398C,20220808,146.00
010848398C,20230808,146.00
010848398C,20240808,146.00
010848398C,20250808,146.00
010849296C,20180907,679.93
010849296C,20190907,679.93
010849296C,20200907,679.93
010849296C,20210907,679.93
010849296C,20220907,679.93
010849296C,20230907,679.93
010849296C,20240907,679.93
010849296C,20250907,679.93
010849668C,20180819,163.20
010849668C,20190819,163.20
010849668C,20200819,163.20
010849668C,20210819,163.20
010849668C,20220819,163.20
010849668C,20230819,163.20
010849699C,20181001,476.80
010849699C,20191001,476.80
010849699C,20201001,476.80
010849699C,20211001,476.80
010849699C,20221001,476.80
010849882C,20180901,611.50
010851112C,20200819,121.00
010851112C,20210819,121.00
010851112C,20220819,121.00
010851112C,20230819,121.00
010851112C,20240819,121.00
010851112C,20250819,121.00
010851278C,20180901,305.25
010851278C,20190901,305.25
010851278C,20200901,305.25
010851278C,20210901,305.25
010851278C,20220901,305.25
010851278C,20230901,305.25
010851278C,20240901,305.25
010851278C,20250901,305.25
010851579C,20180901,296.00
010851579C,20190901,296.00
010851579C,20200901,296.00
010851579C,20210901,296.00
010851579C,20220901,296.00
010851579C,20230901,296.00
010851579C,20240901,296.00
010851579C,20250901,296.00
010851580C,20180901,244.50
010851580C,20190901,244.50
010851580C,20200901,244.50
010851580C,20210901,244.50
010851580C,20220901,244.50
010851580C,20230901,244.50
010851580C,20240901,244.50
010851580C,20250901,244.50
010852357C,20180908,163.20
010852357C,20190908,163.20
010852357C,20200908,163.20
010852357C,20210908,163.20
010854157C,20220924,227.90
010854157C,20230924,227.90
010856918C,20181116,163.20
010856918C,20191116,163.20
010856918C,20201116,163.20
010857115C,20181013,171.05
010857115C,20191013,171.05
010857115C,20201013,171.05
010857115C,20211013,171.05
010857115C,20221013,171.05
010857119C,20181008,371.50
010857119C,20191008,371.50
010857119C,20201008,371.50
010857881C,20181021,525.25
010857881C,20191021,525.25
010857881C,20201021,525.25
010858396C,20181013,230.50
010858396C,20191013,230.50
010860628C,20181104,329.46
010860628C,20191104,329.46
010860628C,20201104,329.46
010860628C,20211104,329.46
010860628C,20221104,329.46
010863334C,20181228,717.25
010863334C,20191228,717.25
010863334C,20201228,717.25
010863334C,20211228,717.25
010863334C,20221228,717.25
010863334C,20231228,717.25
010864474C,20180114,351.20
010864474C,20190114,351.20
010864474C,20200114,351.20
010864474C,20210114,351.20
010864474C,20220114,351.20
010866751C,20181212,272.40
010866751C,20191212,272.40
010866751C,20201212,272.40
010866751C,20211212,272.40
010866751C,20221212,272.40
010866751C,20231212,272.40
010866751C,20241212,272.40
010866751C,20251212,272.40
010867974C,20191210,217.20
010867974C,20201210,217.20
010867974C,20211210,217.20
010871146C,20180114,206.95
010871146C,20190114,206.95
010872331C,20180120,542.00
010872331C,20190120,542.00
010872331C,20200120,542.00
010872331C,20210120,542.00
010872331C,20220120,542.00
010872331C,20230120,542.00
010872331C,20240120,542.00
010872331C,20250120,542.00
010872331C,20260120,542.00
010873140C,20190125,222.25
010873140C,20200125,222.25
010873140C,20210125,222.25
010873140C,20220125,222.25
010873140C,20230125,222.25
010873140C,20240125,222.25
010873140C,20250125,222.25
010873140C,20260125,222.25
010873154C,20200125,317.10
010873154C,20210125,317.10
010873154C,20220125,317.10
010873154C,20230125,317.10
010873154C,20240125,317.10
010873154C,20250125,317.10
010873154C,20260125,317.10
010876417C,20180401,476.80
010876417C,20190401,476.80
010876417C,20200401,476.80
010876417C,20210401,476.80
010876417C,20220401,476.80
010877890C,20180408,677.40
010877890C,20190408,677.40
010877890C,20200408,677.40
010877890C,20210408,677.40
010877890C,20220408,677.40
010877890C,20230408,677.40
010878592C,20180401,371.50
010878592C,20190401,371.50
010878592C,20200401,371.50
010878592C,20210401,371.50
010878592C,20220401,371.50
010878592C,20230401,371.50
010878592C,20240401,371.50
010878592C,20250401,371.50
010878592C,20260401,371.50
010881096C,20180304,197.35
010881096C,20190304,197.35
010881096C,20200304,197.35
010881096C,20210304,197.35
010881096C,20220304,197.35
010881096C,20230304,197.35
010881301C,20180301,407.50
010881301C,20190301,407.50
010881301C,20200301,407.50
010881301C,20210301,407.50
010881301C,20220301,407.50
010881301C,20230301,407.50
010881301C,20240301,407.50
010881301C,20250301,407.50
010881301C,20260301,407.50
010883245C,20180317,206.95
010883245C,20190317,206.95
010883245C,20200317,206.95
010883245C,20210317,206.95
010883246C,20180408,163.20
010883246C,20190408,163.20
010883246C,20200408,163.20
010883246C,20210408,163.20
010883246C,20220408,163.20
010883246C,20230408,163.20
010883246C,20240408,163.20
010883731C,20180324,179.44
010883731C,20190324,179.44
010883731C,20200324,179.44
010883731C,20210324,179.44
010883731C,20220324,179.44
010883731C,20230324,179.44
010883731C,20240324,179.44
010883731C,20250324,179.44
010883731C,20260324,179.44
010884052C,20180321,217.20
010884052C,20190321,217.20
010885441C,20180322,343.25
010885441C,20190322,343.25
010885441C,20200322,343.25
010885441C,20210322,343.25
010885441C,20220322,343.25
010885441C,20230322,343.25
010885441C,20240322,343.25
010885441C,20250322,343.25
010885441C,20260322,343.25
010886805C,20180404,313.30
010886812C,20180401,502.00
010886812C,20190401,502.00
010886812C,20200401,502.00
010886812C,20210401,502.00
010886812C,20220401,502.00
010886812C,20230401,502.00
010886851C,20190404,373.75
010886851C,20200404,373.75
010886851C,20210404,373.75
010887780C,20180405,210.55
010887780C,20190405,210.55
010888232C,20180411,206.95
010888338C,20180523,179.35
010888338C,20190523,179.35
010888338C,20200523,179.35
010888338C,20210523,179.35
010888338C,20220523,179.35
010889364C,20180413,409.40
010889364C,20190413,409.40
010889364C,20200413,409.40
010889364C,20210413,409.40
010889364C,20220413,409.40
010889364C,20230413,409.40
010889364C,20240413,409.40
010889785C,20180414,577.00
010889785C,20190414,577.00
010889785C,20200414,577.00
010889785C,20210414,577.00
010889785C,20220414,577.00
010889785C,20230414,577.00
010889785C,20240414,577.00
010889785C,20250414,577.00
010889785C,20260414,577.00
010891079C,20180421,200.95
010891079C,20190421,200.95
010891087C,20180525,608.75
010891087C,20190525,608.75
010891087C,20200525,608.75
010891087C,20210525,608.75
010891087C,20220525,608.75
010891087C,20230525,608.75
010891087C,20240525,608.75
010891087C,20250525,608.75
010891087C,20260525,608.75
010891309C,20180518,433.50
010891309C,20190518,433.50
010891309C,20200518,433.50
010891309C,20210518,433.50
010891309C,20220518,433.50
010891309C,20230518,433.50
010891309C,20240518,433.50
010891309C,20250518,433.50
010891309C,20260518,433.50
010891328C,20180501,433.50
010891328C,20190501,433.50
010891328C,20200501,433.50
010891328C,20210501,433.50
010891328C,20220501,433.50
010891328C,20230501,433.50
010891328C,20240501,433.50
010891328C,20250501,433.50
010891328C,20260501,433.50
010892016C,20180425,142.10
010892016C,20190425,142.10
010892016C,20200425,142.10
010892016C,20210425,142.10
010892016C,20220425,142.10
010892016C,20230425,142.10
010892016C,20240425,142.10
010892016C,20250425,142.10
010892016C,20260425,142.10
010893115C,20180426,1074.00
010893115C,20190426,1074.00
010893115C,20200426,1074.00
010893115C,20210426,1074.00
010893115C,20220426,1074.00
010893115C,20230426,1074.00
010893115C,20240426,1074.00
010893115C,20250426,1074.00
010893115C,20260426,1074.00
010893950C,20180504,266.29
010893950C,20190504,266.29
010893950C,20200504,266.29
010893950C,20210504,266.29
010893950C,20220504,266.29
010895689C,20180507,171.38
010895689C,20190507,171.38
010895689C,20200507,171.38
010895689C,20210507,171.38
010895689C,20220507,171.38
010895689C,20230507,171.38
010895689C,20240507,171.38
010895689C,20250507,171.38
010895689C,20260507,171.38
010897521C,20180520,317.10
010897521C,20190520,317.10
010897521C,20200520,317.10
010897521C,20210520,317.10
010897521C,20220520,317.10
010897521C,20230520,317.10
010897521C,20240520,317.10
010897521C,20250520,317.10
010897521C,20260520,317.10
010898542C,20180601,200.26
010898542C,20190601,200.26
010898542C,20200601,200.26
010898542C,20210601,200.26
010898542C,20220601,200.26
010898542C,20230601,200.26
010898542C,20240601,200.26
010898692C,20180523,171.05
010898692C,20190523,171.05
010898692C,20200523,171.05
010898692C,20210523,171.05
010900519C,20180601,202.82
010900519C,20190601,202.82
010900519C,20200601,202.82
010900620C,20180714,289.55
010900620C,20190714,289.55
010901787C,20180606,259.20
010901787C,20190606,259.20
010901787C,20200606,259.20
010901787C,20210606,259.20
010901787C,20220606,259.20
010901787C,20230606,259.20
010901787C,20240606,259.20
010901787C,20250606,259.20
010901833C,20180627,714.40
010901833C,20190627,714.40
010901833C,20200627,714.40
010901833C,20210627,714.40
010901833C,20220627,714.40
010902972C,20180607,169.75
010902972C,20190607,169.75
010902972C,20200607,169.75
010902972C,20210607,169.75
010902972C,20220607,169.75
010902972C,20230607,169.75
010902972C,20240607,169.75
010902972C,20250607,169.75
010902973C,20180607,134.75
010902973C,20190607,134.75
010902973C,20200607,134.75
010902973C,20210607,134.75
010902973C,20220607,134.75
010902973C,20230607,134.75
010902973C,20240607,134.75
010902973C,20250607,134.75
010904097C,20180615,163.20
010904097C,20190615,163.20
010904097C,20200615,163.20
010904097C,20210615,163.20
010904097C,20220615,163.20
010905200C,20230617,138.25
010905200C,20240617,138.25
010905200C,20250617,138.25
010905677C,20190615,263.20
010905677C,20200615,263.20
010905677C,20210615,263.20
010905677C,20220615,263.20
010911853C,20180714,121.00
010911853C,20190714,121.00
010911853C,20200714,121.00
010911853C,20210714,121.00
010911853C,20220714,121.00
010911853C,20230714,121.00
010911853C,20240714,121.00
010911853C,20250714,121.00
010914384C,20180724,227.90
010915030C,20180727,239.15
010915030C,20190727,258.28
010915030C,20200727,258.28
010916260C,20180728,276.10
010916260C,20190728,276.10
010916260C,20200728,276.10
010916260C,20210728,276.10
010916260C,20220728,276.10
010917172C,20180801,380.80
010917172C,20190801,380.80
010917172C,20200801,380.80
010917172C,20210801,380.80
010917172C,20220801,380.80
010919431C,20180908,276.10
010919431C,20190908,276.10
010919431C,20200908,276.10
010924513C,20180828,112.75
010924513C,20190828,112.75
010924513C,20200828,112.75
010924513C,20210828,112.75
010924513C,20220828,112.75
010924513C,20230828,112.75
010924513C,20240828,112.75
010924513C,20250828,112.75
010926357C,20180906,279.25
010926357C,20190906,279.25
010926357C,20200906,279.25
010926357C,20210906,279.25
010926357C,20220906,279.25
010926357C,20230906,279.25
010926357C,20240906,279.25
010926357C,20250906,279.25
010927989C,20180910,502.00
010927989C,20190910,502.00
010927989C,20200910,502.00
010927989C,20210910,502.00
010927989C,20220910,502.00
010927989C,20230910,502.00
010927989C,20240910,502.00
010927989C,20250910,502.00
010928261C,20171005,458.75
010928261C,20181005,506.52
010928261C,20191005,506.52
010928261C,20201005,506.52
010928261C,20211005,506.52
010928261C,20221005,506.52
010928261C,20231005,506.52
010928261C,20241005,506.52
010938321C,20171025,112.75
010938321C,20181025,112.75
010938321C,20191025,112.75
010938321C,20201025,112.75
010938321C,20211025,112.75
010938321C,20221025,112.75
010938321C,20231025,112.75
010938321C,20241025,112.75
010938321C,20251025,112.75
010940594C,20181017,300.00
010941103C,20181201,326.32
010941103C,20191201,326.32
010941103C,20201201,326.32
010941103C,20220915,326.32
010943847C,20181119,325.50
010943847C,20191119,325.50
010943847C,20201119,325.50
010943847C,20211119,325.50
010943847C,20221119,325.50
010943847C,20231119,325.50
010943847C,20241119,325.50
010943847C,20251119,325.50
010943849C,20181101,570.85
010943849C,20191101,570.85
010943849C,20201101,570.85
010943849C,20211101,570.85
010943849C,20221101,570.85
010943849C,20231101,570.85
010943849C,20241101,570.85
010945534C,20181001,301.40
010945534C,20191001,301.40
010945534C,20201001,301.40
010946649C,20181215,306.04
010947021C,20171215,527.20
010947245C,20181206,549.50
010947245C,20191206,549.50
010947245C,20201206,549.50
010947245C,20211206,549.50
010947245C,20221206,549.50
010947245C,20231206,549.50
010947245C,20241206,549.50
010947245C,20251206,549.50
010947866C,20181201,548.00
010947866C,20191201,548.00
010947866C,20201201,548.00
010947866C,20211201,548.00
010947866C,20221201,548.00
010947866C,20231201,548.00
010947870C,20181215,390.25
010947870C,20191215,390.25
010947870C,20201215,390.25
010947870C,20211215,390.25
010947870C,20221215,390.25
010947870C,20231215,390.25
010947870C,20241215,390.25
010947870C,20251215,390.25
010948195C,20181207,206.95
010948195C,20191207,206.95
010948195C,20201207,206.95
010948195C,20211207,206.95
010948195C,20221207,206.95
010948195C,20231207,206.95
010948241C,20181201,417.25
010948241C,20191201,417.25
010948241C,20201201,417.25
010948241C,20211201,417.25
010948241C,20221201,417.25
010948241C,20231201,417.25
010948241C,20241201,417.25
010948241C,20251201,417.25
010951456C,20181216,131.50
010951456C,20191216,131.50
010951456C,20201216,131.50
010951456C,20211216,131.50
010951456C,20221216,131.50
010951456C,20231216,131.50
010951456C,20241216,131.50
010951456C,20251216,131.50
010952369C,20171211,148.70
010952369C,20181211,148.70
010952369C,20191211,148.70
010954823C,20180104,179.35
010954823C,20190104,179.35
010955783C,20180120,200.50
010955783C,20190120,200.50
010955783C,20200120,200.50
010955783C,20210120,200.50
010955783C,20220120,200.50
010955783C,20230120,200.50
010955783C,20240120,200.50
010955783C,20250120,200.50
010955783C,20260120,200.50
010958446C,20190101,163.20
010958446C,20200101,163.20
010958446C,20210101,163.20
010958446C,20220101,163.20
010958446C,20230101,163.20
010958446C,20240101,163.20
010963046C,20180301,368.20
010968689C,20180227,206.95
010969153C,20180401,276.10
010969153C,20190401,276.10
010969153C,20200401,276.10
010969153C,20210401,276.10
010969153C,20220401,276.10
010969153C,20230401,276.10
010969231C,20180221,188.10
010969231C,20190221,188.10
010969231C,20200221,188.10
010969231C,20210221,188.10
010969231C,20220221,188.10
010969231C,20230221,188.10
010969231C,20240221,188.10
010969231C,20250221,188.10
010970211C,20180306,289.55
010970211C,20190306,289.55
010970211C,20200306,289.55
010971570C,20180310,244.25
010971570C,20190310,244.25
010971570C,20200310,244.25
010971570C,20210310,244.25
010971570C,20220310,244.25
010971570C,20230310,244.25
010971570C,20240310,244.25
010971570C,20250310,244.25
010971570C,20260310,244.25
010974048C,20230313,121.00
010978232C,20190401,142.10
010978232C,20200401,142.10
010978232C,20210401,142.10
010978232C,20220401,142.10
010978232C,20230401,142.10
010978232C,20240401,142.10
010978232C,20250401,142.10
010978232C,20260401,142.10
010981739C,20180414,263.20
010981739C,20190414,263.20
010981739C,20200414,263.20
010981739C,20210414,263.20
010985184C,20180426,217.79
010985184C,20190426,217.79
010985184C,20200426,217.79
010985184C,20210426,217.79
010985184C,20220426,217.79
010985184C,20230426,217.79
010986137C,20180501,276.10
010986434C,20180505,157.28
010986434C,20190505,157.28
010990148C,20180701,268.48
010990850C,20180528,543.57
010990850C,20190528,543.57
010990850C,20200528,543.57
010990850C,20210528,543.57
010990850C,20220528,543.57
010990850C,20230528,543.57
010990850C,20240528,543.57
010990850C,20250528,543.57
010990850C,20260528,543.57
010991108C,20180527,608.75
010991108C,20190527,608.75
010991108C,20200527,608.75
010991108C,20210527,608.75
010991108C,20220527,608.75
010991108C,20230527,608.75
010991108C,20240527,608.75
010991108C,20250527,608.75
010991108C,20260527,608.75
010992126C,20180618,142.00
010992126C,20190618,142.00
010992126C,20200618,142.00
010992126C,20210618,142.00
010992126C,20220618,142.00
010992126C,20230618,142.00
010992126C,20240618,142.00
010992126C,20250618,142.00
010993841C,20180701,165.52
010993841C,20190701,165.52
010993841C,20200701,165.52
010993841C,20210701,165.52
010993841C,20220701,165.52
010993841C,20230701,165.52
010993841C,20240701,165.52
010993841C,20250701,165.52
010994236C,20180701,373.75
010994236C,20190701,373.75
010996841C,20180801,276.10
010996841C,20190801,276.10
010996841C,20200801,276.10
010996983C,20180802,179.35
010997600C,20180807,239.15
011002095C,20180918,263.20
011002095C,20190918,263.20
011002095C,20200918,263.20
011002616C,20170928,121.00
011002616C,20180928,121.00
011002616C,20190928,121.00
011002616C,20200928,121.00
011002616C,20210928,121.00
011002616C,20220928,121.00
011002616C,20230928,121.00
011002616C,20240928,121.00
011002616C,20250928,121.00
011002664C,20180928,289.55
011005348C,20181027,263.20
011005348C,20191027,263.20
011005348C,20201027,263.20
011005348C,20211027,263.20
011005348C,20221027,263.20
011005348C,20231027,263.20
011008707C,20181208,188.10
011008707C,20191208,188.10
011008707C,20201208,188.10
011008707C,20211208,188.10
011008707C,20221208,188.10
011008707C,20231208,188.10
011008707C,20241208,188.10
011008707C,20251208,188.10
011016293C,20180313,112.75
011016293C,20190313,112.75
011016293C,20200313,112.75
011016293C,20210313,112.75
011016293C,20220313,112.75
011016293C,20230313,112.75
011016293C,20240313,112.75
011016527C,20180314,346.23
011016527C,20190314,346.23
011017841C,20180403,163.20
011017841C,20190403,163.20
011017841C,20200403,163.20
011020938C,20180701,549.50
011020938C,20190701,549.50
011020938C,20200701,549.50
011020938C,20210701,549.50
011020938C,20220701,549.50
011020938C,20230701,549.50
011020938C,20240701,549.50
011020938C,20250701,549.50
011025405C,20180811,227.90
011025405C,20190811,227.90
011025405C,20200811,227.90
011025405C,20210811,227.90
011025405C,20220811,227.90
011025405C,20230811,227.90
011025405C,20240811,227.90
011025405C,20250811,227.90
011025478C,20180816,368.20
011025478C,20190816,368.20
011032672C,20200101,403.50
011032672C,20210101,403.50
011032672C,20220101,403.50
011032672C,20230101,403.50
011032672C,20240101,403.50
011032672C,20250101,403.50
011032672C,20260101,403.50
011032897C,20230105,597.40
011032897C,20240105,597.40
011032897C,20250105,597.40
011032897C,20260105,597.40
011032898C,20230109,905.20
011032898C,20240109,905.20
011032898C,20250109,905.20
011032898C,20260109,905.20
011033048C,20210103,157.28
011033048C,20220103,157.28
011033048C,20230103,157.28
011035773C,20180304,326.32
011036041C,20180305,175.25
011036041C,20190305,175.25
011036041C,20200305,175.25
011036041C,20210305,175.25
011036041C,20220305,175.25
011036041C,20230305,175.25
011036041C,20240305,175.25
011036041C,20250305,175.25
011036041C,20260305,175.25
011036054C,20180308,286.50
011036054C,20190308,316.32
011036054C,20200308,316.32
011036054C,20210308,316.32
011036054C,20220308,316.32
011036054C,20230308,316.32
011036054C,20240308,316.32
011038386C,20180418,368.20
011038386C,20190418,368.20
011038386C,20200418,368.20
011038645C,20210422,112.75
011038645C,20220422,112.75
011038645C,20230422,112.75
011038645C,20240422,112.75
011038645C,20250422,112.75
011038645C,20260422,112.75
011039701C,20180514,369.70
011039701C,20190514,369.70
011039701C,20200514,369.70
011039701C,20210514,369.70
011039701C,20220514,369.70
011039701C,20230523,369.70
011040826C,20180607,217.20
011040826C,20190607,217.20
011041480C,20180625,263.20
011042946C,20180815,376.30
011042946C,20190815,376.30
011042946C,20200815,376.30
011042946C,20210815,376.30
011042946C,20220815,376.30
011042946C,20230815,376.30
011042946C,20240815,376.30
011042946C,20250815,376.30
011045350C,20181101,439.60
011045350C,20191101,439.60
011045350C,20201101,439.60
011045350C,20211101,439.60
011045350C,20221101,439.60
011045350C,20231101,439.60
011045350C,20241101,439.60
011045350C,20251101,439.60
011048543C,20181215,667.45
011048543C,20191215,667.45
011048543C,20201215,667.45
011048543C,20211215,667.45
011048886C,20180101,501.40
011048886C,20190101,501.40
011048886C,20200101,501.40
011049319C,20181106,334.25
011049319C,20191106,334.25
011049319C,20201106,334.25
011049319C,20211106,334.25
011049319C,20221106,334.25
011050114C,20171226,136.00
011050653C,20180115,842.00
011050653C,20190115,842.00
011050653C,20200115,842.00
011050653C,20210115,842.00
011050653C,20220115,842.00
011050653C,20230115,842.00
011050653C,20240115,842.00
011050653C,20250115,842.00
011050653C,20260115,842.00
011051323C,20180228,568.18
011051323C,20190228,568.18
011053076C,20180225,232.00
011053076C,20190225,232.00
011053076C,20200225,232.00
011053076C,20210225,232.00
011053076C,20220225,232.00
011053076C,20230225,232.00
011053076C,20240225,232.00
011053214C,20180223,303.60
011053882C,20260415,1136.36
011054606C,20180324,217.00
011054606C,20190324,217.00
011054606C,20200324,217.00
011054606C,20210324,217.00
011054606C,20220324,217.00
011054606C,20230324,217.00
011054606C,20240324,217.00
011054606C,20250324,217.00
011057485C,20190601,413.70
011057611C,20180513,416.26
011057611C,20190513,416.26
011057611C,20200513,416.26
011057611C,20210513,416.26
011057611C,20220513,416.26
011057611C,20230513,416.26
011057611C,20240513,416.26
011060621C,20180819,115.75
011060621C,20190819,115.75
011060621C,20200819,115.75
011060621C,20210819,115.75
011060621C,20220819,115.75
011060621C,20230819,115.75
011060621C,20240819,115.75
011060621C,20250819,115.75
011061046C,20180715,221.50
011061046C,20190715,221.50
011061046C,20200715,221.50
011061046C,20210715,221.50
011061046C,20220715,221.50
011061046C,20230715,221.50
011061046C,20240715,221.50
011061046C,20250715,221.50
011063691C,20180917,171.63
011063691C,20190917,171.63
011066252C,20181201,539.80
011067410C,20180104,183.73
011067410C,20190104,183.73
011067410C,20200104,183.73
011067410C,20210104,183.73
011067410C,20220104,183.73
011067410C,20230104,183.73
011067789C,20180118,285.84
011067789C,20190118,285.84
011067789C,20200118,285.84
011067789C,20210118,285.84
011067789C,20220118,285.84
011067789C,20230118,285.84
011068652C,20210202,217.20
011068652C,20220202,217.20
011068652C,20230202,217.20
011068652C,20240202,217.20
011068652C,20250202,217.20
011069093C,20180401,174.90
011069093C,20190401,174.90
011069093C,20200401,174.90
011069093C,20210401,174.90
011069093C,20220401,174.90
011069253C,20220225,388.90
011069253C,20230225,388.90
011069253C,20240225,388.90
011069253C,20250225,388.90
011069253C,20260225,388.90
011069610C,20260304,406.00
011071018C,20180401,121.00
011071018C,20190401,121.00
011071018C,20200401,121.00
011071018C,20210401,121.00
011071018C,20220401,121.00
011071018C,20230401,121.00
011071018C,20240401,121.00
011071018C,20250401,121.00
011071018C,20260401,121.00
011072813C,20180624,2794.00
011072813C,20190624,2794.00
011072813C,20200624,2794.00
011072813C,20210624,2794.00
011072813C,20220624,2794.00
011072813C,20230624,2794.00
011072813C,20240624,2794.00
011072813C,20250624,2794.00
011074929C,20190801,179.63
011075278C,20180727,112.75
011075278C,20190727,112.75
011075278C,20200727,112.75
011075278C,20210727,112.75
011075278C,20220727,112.75
011075278C,20230727,112.75
011075278C,20240727,112.75
011075278C,20250727,112.75
011077629C,20180921,276.10
011077629C,20190921,276.10
011077629C,20200921,276.10
011077629C,20210921,276.10
011077629C,20220921,276.10
011077629C,20230921,276.10
011077629C,20240921,276.10
011077629C,20250921,276.10
011077798C,20181201,334.25
011077798C,20191201,334.25
011078437C,20181008,389.00
011080481C,20191112,217.00
011080481C,20201112,217.00
011080481C,20211112,217.00
011080481C,20221112,217.00
011080481C,20231112,217.00
011080481C,20241112,217.00
011080481C,20251112,217.00
011082681C,20180201,611.50
011083619C,20230121,333.70
011085421C,20180401,369.70
011085421C,20190401,369.70
011085421C,20200401,369.70
011085421C,20210401,369.70
011085421C,20220401,369.70
011085421C,20230401,369.70
011085421C,20240401,369.70
011085421C,20250401,369.70
011085421C,20260401,369.70
011085559C,20180308,112.75
011085559C,20190308,112.75
011085559C,20200308,112.75
011085559C,20210308,112.75
011085559C,20220308,112.75
011085559C,20230308,112.75
011085559C,20240308,112.75
011085559C,20250308,112.75
011085559C,20260308,112.75
011085737C,20180311,276.10
011085737C,20190311,276.10
011085737C,20200311,276.10
011085737C,20210311,276.10
011085737C,20220311,276.10
011086709C,20180401,303.60
011086978C,20180401,389.00
011086978C,20190401,389.00
011086979C,20180406,318.25
011086979C,20190406,318.25
011087127C,20240407,433.50
011087127C,20250407,433.50
011087127C,20260407,433.50
011087128C,20240407,340.25
011087128C,20250407,340.25
011087128C,20260407,340.25
011107796C,20180317,2126.00
011107796C,20190317,2126.00
011107796C,20200317,2126.00
011107796C,20210317,2126.00
011107796C,20220317,2126.00
011107796C,20230317,2126.00
011107796C,20240317,2126.00
011107796C,20250317,2126.00
011107796C,20260317,2126.00
011129276C,20221228,260.75
011129276C,20231228,260.75
011129276C,20241228,260.75
011129276C,20251228,260.75
011134001C,20210126,238.50
011134001C,20220126,238.50
011134001C,20230126,238.50
011134001C,20240126,238.50
011134001C,20250126,238.50
011134001C,20260126,238.50
011134002C,20220126,181.00
011134002C,20230126,181.00
011134002C,20240126,181.00
011134002C,20250126,181.00
011134002C,20260126,181.00
011151436C,20220808,112.75
011151436C,20230808,112.75
011151436C,20240808,112.75
011151436C,20250808,112.75
011152870C,20200901,112.75
011152870C,20210901,112.75
011152870C,20220901,112.75
011152870C,20230901,112.75
011152870C,20240901,112.75
011152870C,20250901,112.75
