MPOLICY,MPHASE,MPLAN,base_MPHSTAT,before_MPHSTAT,before_MEFFDATE,before_MAGE,before_MLASTANN,before_MPAYUP,after_MPHSTAT,after_MEFFDATE,after_MAGE,after_MLASTANN,after_MPAYUP
010150910C,3,221EPA,53,56,20070901,67,19,20250901,56,19610901,21,65,19610901
010235370C,2,280EPA,57,56,19670901,11,59,20210901,56,19650901,09,61,19650901
010264207C,2,280EPA,22,22,19681128,06,58,20271128,41,19661128,04,60,19661128
010310404C,2,1960PA,22,22,20110128,68,15,20460128,41,19690128,26,57,19690128
010331768C,2,1960PA,22,22,19710724,22,55,20520724,41,19690724,20,57,19690724
010350577C,2,1960PA,22,22,19720128,02,54,20730128,41,19700128,00,56,19700128
010360289C,2,1708PA,55,56,19720515,07,54,20500515,56,19700515,05,56,19700515
010360290C,2,1708PA,55,56,19720515,05,54,20550515,56,19700515,03,56,19700515
010363098C,5,1960PA,53,56,19720602,26,54,20310602,56,19700602,24,56,19700602
010367131C,2,1708PA,22,22,19720801,05,54,20520801,41,19700801,03,56,19700801
010367132C,2,1708PA,22,22,19720801,08,54,20520801,41,19700801,06,56,19700801
010367133C,2,1708PA,22,22,19720801,09,54,20480801,41,19700801,07,56,19700801
010367438C,2,1708PA,53,56,19720701,44,54,20130701,56,19700701,42,56,19700701
010367704C,2,1708PA,22,22,19720701,12,54,20450701,41,19700701,10,56,19700701
010367705C,2,1708PA,55,56,19720701,09,54,20510701,56,19700701,07,56,19700701
010368703C,2,1708PA,53,56,19720801,26,54,20310801,56,19700801,24,56,19700801
010371171C,2,1708PA,53,56,19720801,28,54,20290801,56,19700801,26,56,19700801
010371356C,2,1708PA,22,22,19720901,16,54,20410901,41,19700901,14,56,19700901
010373918C,2,1708PA,55,56,19721015,07,54,20501015,56,19701015,05,56,19701015
010374779C,2,1708PA,53,56,19721015,39,54,20211015,56,19701015,37,56,19701015
010374837C,2,1708PA,22,22,19721015,18,54,20421015,41,19701015,16,56,19701015
010374838C,2,1708PA,22,22,19721015,16,54,20441015,41,19701015,14,56,19701015
010376522C,2,1960PA,55,56,19721006,16,54,20591006,56,19701006,14,56,19701006
010376529C,2,1708PA,55,56,19721015,04,54,20561015,56,19701015,02,56,19701015
010376540C,2,1708PA,53,56,19721015,46,54,20111015,56,19701015,44,56,19701015
010377918C,2,1708PA,55,56,19721101,24,54,20331101,56,19701101,22,56,19701101
010378485C,2,1960PA,57,56,19721021,12,54,20251021,56,19701021,10,56,19701021
010378710C,2,1960PA,53,56,19721105,43,54,19941105,56,19701105,41,56,19701105
010378829C,2,1960PA,53,56,19721026,35,54,20021026,56,19701026,33,56,19701026
010379405C,6,1960PA,55,56,19721101,29,54,20461101,56,19701101,27,56,19701101
010380049C,2,1960PA,22,22,19721113,12,54,20631113,41,19701113,10,56,19701113
010380550C,2,1960PA,41,22,19721123,32,54,20051123,41,19701123,30,56,19701123
010380627C,2,1960PA,22,22,19721125,10,54,20271125,41,19701125,08,56,19701125
010381745C,2,1708PA,55,56,19730101,03,53,20550101,56,19710101,01,55,19710101
010382520C,3,1960PA,53,56,19730114,27,53,20110114,56,19710114,25,55,19710114
010382931C,2,1960PA,53,56,19730117,26,53,20500117,56,19710117,24,55,19710117
010385491C,2,1708PA,53,56,19730301,50,53,20110301,56,19710301,48,55,19710301
010385636C,2,1960PA,55,56,19730209,29,53,20470209,56,19710209,27,55,19710209
010388767C,2,1708PA,22,22,19730401,29,53,20290401,41,19710401,27,55,19710401
010389651C,2,1708PA,53,56,19730501,34,53,20240501,56,19710501,32,55,19710501
010389802C,2,1960PA,55,56,19730401,42,53,20340401,56,19710401,40,55,19710401
010390061C,2,1708PA,22,22,19730501,19,53,20420501,41,19710501,17,55,19710501
010391004C,2,1708PA,22,22,19730501,28,53,20330501,41,19710501,26,55,19710501
010391228C,2,1970PA,55,56,19730421,08,53,20500421,56,19710421,06,55,19710421
010391355C,2,1708PA,44,56,19730601,15,53,20430601,41,19710601,13,55,19710601
010391359C,2,280EPA,53,56,19730426,12,53,20260426,56,19710426,10,55,19710426
010391411C,2,1708PA,41,22,19730601,41,53,20200601,41,19710601,39,55,19710601
010391422C,2,1708PA,55,56,19730601,17,53,20410601,56,19710601,15,55,19710601
010391582C,2,1708PA,41,22,19730601,35,53,20230601,41,19710601,33,55,19710601
010391840C,2,1708PA,22,22,19730601,12,53,20490601,41,19710601,10,55,19710601
010391876C,2,1708PA,44,56,19730601,04,53,20570601,41,19710601,02,55,19710601
010391878C,2,1708PA,44,56,19730601,09,53,20520601,41,19710601,07,55,19710601
010391895C,2,1708PA,22,22,19730601,19,53,20420601,41,19710601,17,55,19710601
010392117C,2,1708PA,41,22,19730601,42,53,20190601,41,19710601,40,55,19710601
010392138C,2,1708PA,55,56,19730601,38,53,20200601,56,19710601,36,55,19710601
010392493C,2,1708PA,55,56,19730601,46,53,20150601,56,19710601,44,55,19710601
010392763C,2,1708PA,53,56,19730601,40,53,20180601,56,19710601,38,55,19710601
010392930C,2,1708PA,44,56,19730601,18,53,20430601,41,19710601,16,55,19710601
010393142C,2,1708PA,22,22,19730701,31,53,20300701,41,19710701,29,55,19710701
010393143C,2,1708PA,22,22,19730701,09,53,20490701,41,19710701,07,55,19710701
010393158C,2,1708PA,53,56,19730701,33,53,20280701,56,19710701,31,55,19710701
010393181C,2,1708PA,55,56,19730701,54,53,20070701,56,19710701,52,55,19710701
010393401C,2,1708PA,22,22,19730701,21,53,20370701,41,19710701,19,55,19710701
010393899C,2,1708PA,22,22,19730701,27,53,20310701,41,19710701,25,55,19710701
010393931C,2,1708PA,55,56,19730701,16,53,20450701,56,19710701,14,55,19710701
010394249C,2,1708PA,53,56,19730701,26,53,20320701,56,19710701,24,55,19710701
010394353C,2,1708PA,22,22,19730701,22,53,20360701,41,19710701,20,55,19710701
010394662C,2,1708PA,53,56,19730801,49,53,20090801,56,19710801,47,55,19710801
010395098C,2,1708PA,44,56,19730801,10,53,20510801,41,19710801,08,55,19710801
010395211C,2,1708PA,22,22,19730801,24,53,20370801,41,19710801,22,55,19710801
010395382C,2,1708PA,53,56,19730801,35,53,20230801,56,19710801,33,55,19710801
010395411C,2,1708PA,41,22,20230801,86,3,20250801,41,19710801,34,55,19710801
010395761C,2,1708PA,55,56,19730801,40,53,20210801,56,19710801,38,55,19710801
010395878C,2,1708PA,53,56,19730801,42,53,20160801,56,19710801,40,55,19710801
010395879C,2,1708PA,53,56,19730801,42,53,20190801,56,19710801,40,55,19710801
010396147C,2,1708PA,53,56,19730801,38,53,20230801,56,19710801,36,55,19710801
010396186C,2,1708PA,22,22,19730901,15,53,20430901,41,19710901,13,55,19710901
010396425C,2,1708PA,22,22,19730901,30,53,20310901,41,19710901,28,55,19710901
010397118C,2,1708PA,22,22,19730901,18,53,20400901,41,19710901,16,55,19710901
010397318C,2,1708PA,53,56,19730901,24,53,20340901,56,19710901,22,55,19710901
010397493C,2,1708PA,22,22,19730901,18,53,20400901,41,19710901,16,55,19710901
010397528C,2,1708PA,22,22,19730901,18,53,20430901,41,19710901,16,55,19710901
010397583C,2,1708PA,55,56,19730901,23,53,20350901,56,19710901,21,55,19710901
010397945C,2,1708PA,53,56,20101001,80,16,20181001,56,19711001,41,55,19711001
010398274C,2,1708PA,53,56,19731001,24,53,20371001,56,19711001,22,55,19711001
010398471C,2,1708PA,22,22,19731001,16,53,20421001,41,19711001,14,55,19711001
010398475C,2,1708PA,22,22,19731001,32,53,20261001,41,19711001,30,55,19711001
010398591C,2,1708PA,53,56,19731001,44,53,20171001,56,19711001,42,55,19711001
010399927C,2,1708PA,22,22,19731101,30,53,20311101,41,19711101,28,55,19711101
010400462C,2,1708PA,55,56,19731101,22,53,20361101,56,19711101,20,55,19711101
010401087C,2,1708PA,22,22,19731101,21,53,20371101,41,19711101,19,55,19711101
010401181C,2,1708PA,53,56,19731101,37,53,20211101,56,19711101,35,55,19711101
010401210C,2,1708PA,22,22,19731101,23,53,20381101,41,19711101,21,55,19711101
010401565C,2,1708PA,44,56,19731101,09,53,20491101,41,19711101,07,55,19711101
010402010C,2,1708PA,53,56,19731101,41,53,20201101,56,19711101,39,55,19711101
010402014C,2,1708PA,53,56,19731101,30,53,20311101,56,19711101,28,55,19711101
010402105C,2,1708PA,22,22,19731201,24,53,20341201,41,19711201,22,55,19711201
010402899C,2,1708PA,44,56,19731201,19,53,20421201,41,19711201,17,55,19711201
010403109C,2,1708PA,22,22,19731201,29,53,20321201,41,19711201,27,55,19711201
010403117C,2,1708PA,22,22,19731201,02,53,20591201,41,19711201,00,55,19711201
010403222C,2,1708PA,41,22,19731201,34,53,20241201,41,19711201,32,55,19711201
010403516C,2,1708PA,22,22,19731201,11,53,20501201,41,19711201,09,55,19711201
010403872C,2,1708PA,44,56,19731201,18,53,20431201,41,19711201,16,55,19711201
010403922C,2,1708PA,53,56,19731201,36,53,20221201,56,19711201,34,55,19711201
010404600C,2,1708PA,22,22,19731201,30,53,20311201,41,19711201,28,55,19711201
010404602C,2,1708PA,44,56,19731201,21,53,20371201,41,19711201,19,55,19711201
010404857C,2,1708PA,53,56,19731201,19,53,20391201,56,19711201,17,55,19711201
010405440C,2,1708PA,22,22,19731228,02,53,20561228,41,19711228,00,55,19711228
010405802C,2,1708PA,41,22,19731228,34,53,20241228,41,19711228,32,55,19711228
010405858C,2,1708PA,55,56,19731228,33,53,20251228,56,19711228,31,55,19711228
010406576C,2,1708PA,22,22,19740201,11,52,20480201,41,19720201,09,54,19720201
010406795C,2,1708PA,53,56,19740201,55,52,20070201,56,19720201,53,54,19720201
010407533C,2,1708PA,53,56,19740201,40,52,20220201,56,19720201,38,54,19720201
010407534C,2,1708PA,22,22,19740201,18,52,20410201,41,19720201,16,54,19720201
010407670C,2,1708PA,45,56,19740201,35,52,20270201,41,19720201,33,54,19720201
010407925C,2,1708PA,22,22,19740301,31,52,20280301,41,19720301,29,54,19720301
010408371C,2,1708PA,41,22,19740301,35,52,20240301,41,19720301,33,54,19720301
010410566C,2,1708PA,53,56,19740301,49,52,20130301,56,19720301,47,54,19720301
010410616C,2,1708PA,22,22,19740301,32,52,20270301,41,19720301,30,54,19720301
010410714C,2,1708PA,53,56,19740301,45,52,20140301,56,19720301,43,54,19720301
010411499C,2,1708PA,53,56,19740301,32,52,20270301,56,19720301,30,54,19720301
010411577C,2,1708PA,22,22,19740401,31,52,20280401,41,19720401,29,54,19720401
010411920C,4,1960PA,22,22,19740224,22,52,20550224,41,19720224,20,54,19720224
010412522C,2,1960PA,53,56,19740301,36,52,20410301,56,19720301,34,54,19720301
010412525C,2,1708PA,22,22,19740401,34,52,20280401,41,19720401,32,54,19720401
010412526C,2,1708PA,53,56,19740401,36,52,20230401,56,19720401,34,54,19720401
010412640C,2,1708PA,55,56,19740401,20,52,20390401,56,19720401,18,54,19720401
010412641C,2,1708PA,22,22,19740401,19,52,20430401,41,19720401,17,54,19720401
010413417C,2,1708PA,53,56,19740401,46,52,20130401,56,19720401,44,54,19720401
010413421C,2,1708PA,22,22,19740401,19,52,20430401,41,19720401,17,54,19720401
010413628C,2,1708PA,53,56,19740401,32,52,20270401,56,19720401,30,54,19720401
010414235C,2,1708PA,53,56,19740501,37,52,20220501,56,19720501,35,54,19720501
010415834C,2,1708PA,53,56,19740501,36,52,20230501,56,19720501,34,54,19720501
010417200C,2,1708PA,53,56,19740501,35,52,20240501,56,19720501,33,54,19720501
010417838C,2,1708PA,22,22,19740501,32,52,20300501,41,19720501,30,54,19720501
010418562C,2,1708PA,53,56,19740501,46,52,20160501,56,19720501,44,54,19720501
010419054C,2,1708PA,41,22,19740601,36,52,20260601,41,19720601,34,54,19720601
010420853C,2,1708PA,22,22,19740601,33,52,20290601,41,19720601,31,54,19720601
010420983C,2,1708PA,55,56,19740601,20,52,20420601,56,19720601,18,54,19720601
010422033C,2,1708PA,55,56,19740601,18,52,20410601,56,19720601,16,54,19720601
010422221C,2,1708PA,22,22,19740601,13,52,20490601,41,19720601,11,54,19720601
010422722C,2,1708PA,22,22,19740701,28,52,20310701,41,19720701,26,54,19720701
010422977C,3,1960PA,22,22,19740524,35,52,20420524,41,19720524,33,54,19720524
010423540C,2,1708PA,22,22,19740701,27,52,20320701,41,19720701,25,54,19720701
010424185C,2,1708PA,44,56,19740701,05,52,20540701,41,19720701,03,54,19720701
010424798C,2,1708PA,53,56,19740701,42,52,20200701,56,19720701,40,54,19720701
010425718C,2,1708PA,53,56,19740701,47,52,20150701,56,19720701,45,54,19720701
010425720C,2,1708PA,53,56,19740701,41,52,20180701,56,19720701,39,54,19720701
010425928C,2,1708PA,53,56,19740701,35,52,20270701,56,19720701,33,54,19720701
010425941C,2,1960PA,22,22,19740613,23,52,20540613,41,19720613,21,54,19720613
010425942C,2,1960PA,55,56,19740613,22,52,20170613,56,19720613,20,54,19720613
010426657C,2,1708PA,53,56,19740801,47,52,20150801,56,19720801,45,54,19720801
010426747C,2,1960PA,55,56,19740701,38,52,20390701,56,19720701,36,54,19720701
010426858C,2,1708PA,53,56,19740801,22,52,20400801,56,19720801,20,54,19720801
010426859C,2,1708PA,22,22,19740801,17,52,20450801,41,19720801,15,54,19720801
010426961C,2,1708PA,53,56,19740801,24,52,20350801,56,19720801,22,54,19720801
010427456C,2,1708PA,41,22,19740801,35,52,20240801,41,19720801,33,54,19720801
010427457C,2,1708PA,53,56,19740801,42,52,20200801,56,19720801,40,54,19720801
010427723C,2,1708PA,53,56,19740901,24,52,20380901,56,19720901,22,54,19720901
010428771C,2,1708PA,53,56,19740901,51,52,20080901,56,19720901,49,54,19720901
010429064C,2,1708PA,53,56,19740901,36,52,20260901,56,19720901,34,54,19720901
010429066C,2,1708PA,22,22,19740901,15,52,20440901,41,19720901,13,54,19720901
010429259C,2,1960PA,53,56,19740828,41,52,20360828,56,19720828,39,54,19720828
010429417C,3,1960PA,41,22,19740815,23,52,20160815,41,19720815,21,54,19720815
010429532C,2,1708PA,53,56,19740901,45,52,20170901,56,19720901,43,54,19720901
010429558C,2,1708PA,53,56,19740901,28,52,20340901,56,19720901,26,54,19720901
010429710C,2,1708PA,55,56,19740901,32,52,20270901,56,19720901,30,54,19720901
010429711C,2,1708PA,55,56,19740901,29,52,20330901,56,19720901,27,54,19720901
010429958C,2,1708PA,53,56,19741001,39,52,20231001,56,19721001,37,54,19721001
010429965C,2,1708PA,53,56,19741001,26,52,20331001,56,19721001,24,54,19721001
010430017C,2,1708PA,22,22,19741001,29,52,20331001,41,19721001,27,54,19721001
010430023C,2,1708PA,53,56,19741001,36,52,20261001,56,19721001,34,54,19721001
010430086C,2,1708PA,53,56,19741001,47,52,20151001,56,19721001,45,54,19721001
010430295C,2,1708PA,55,56,19741001,06,52,20531001,56,19721001,04,54,19721001
010430296C,2,1708PA,53,56,19741001,33,52,20291001,56,19721001,31,54,19721001
010430993C,2,1708PA,22,22,19741001,26,52,20361001,41,19721001,24,54,19721001
010431301C,4,1960PA,22,22,19740925,26,52,20510925,41,19720925,24,54,19720925
010431510C,2,1708PA,22,22,19741101,34,52,20281101,41,19721101,32,54,19721101
010431738C,2,1708PA,53,56,19741101,50,52,20091101,56,19721101,48,54,19721101
010432254C,2,1708PA,41,22,19741101,37,52,20221101,41,19721101,35,54,19721101
010432414C,2,1708PA,22,22,19741101,33,52,20261101,41,19721101,31,54,19721101
010432631C,2,1708PA,22,22,19741101,09,52,20531101,41,19721101,07,54,19721101
010432782C,2,1708PA,53,56,19741101,40,52,20221101,56,19721101,38,54,19721101
010432782C,3,1708PA,53,56,20061101,72,20,20221101,56,19721101,38,54,19721101
010432865C,2,1708PA,55,56,19741101,28,52,20311101,56,19721101,26,54,19721101
010432866C,2,1708PA,55,56,19741101,25,52,20371101,56,19721101,23,54,19721101
010433630C,2,1708PA,22,22,19741201,08,52,20511201,41,19721201,06,54,19721201
010433786C,2,1708PA,53,56,19741201,43,52,20161201,56,19721201,41,54,19721201
010434092C,2,1708PA,41,22,19741201,43,52,20191201,41,19721201,41,54,19721201
010434418C,2,1960PA,22,22,19741110,02,52,20751110,41,19721110,00,54,19721110
010434419C,2,1708PA,53,56,19741201,32,52,20271201,56,19721201,30,54,19721201
010434421C,2,1708PA,22,22,19741201,28,52,20341201,41,19721201,26,54,19721201
010434422C,2,1708PA,41,22,19741201,42,52,20201201,41,19721201,40,54,19721201
010434424C,2,1708PA,55,56,19741201,29,52,20301201,56,19721201,27,54,19721201
010434544C,2,1708PA,41,22,19741201,37,52,20251201,41,19721201,35,54,19721201
010434659C,2,1708PA,41,22,19741201,45,52,20171201,41,19721201,43,54,19721201
010434747C,2,1708PA,53,56,19741201,51,52,20111201,56,19721201,49,54,19721201
010434876C,2,1708PA,53,56,19741201,46,52,20131201,56,19721201,44,54,19721201
010435244C,2,1708PA,22,22,19750101,15,51,20480101,41,19730101,13,53,19730101
010435248C,2,1708PA,55,56,19750101,38,51,20250101,56,19730101,36,53,19730101
010435466C,2,1708PA,53,56,19750101,51,51,20120101,56,19730101,49,53,19730101
010435609C,2,1708PA,22,22,19750101,13,51,20470101,41,19730101,11,53,19730101
010436044C,2,1708PA,53,56,19750115,40,51,20230115,56,19730115,38,53,19730115
010436082C,2,1708PA,22,22,19750115,27,51,20330115,41,19730115,25,53,19730115
010436083C,2,1708PA,22,22,19750115,23,51,20400115,41,19730115,21,53,19730115
010436541C,2,1708PA,22,22,19750201,22,51,20410201,41,19730201,20,53,19730201
010436599C,2,1708PA,53,56,19750201,31,51,20290201,56,19730201,29,53,19730201
010436691C,2,1708PA,53,56,19750201,50,51,20130201,56,19730201,48,53,19730201
010436727C,2,1708PA,53,56,19750201,48,51,20150201,56,19730201,46,53,19730201
010436955C,2,1708PA,53,56,19750215,40,51,20200215,56,19730215,38,53,19730215
010436959C,2,1708PA,22,22,19750215,35,51,20280215,41,19730215,33,53,19730215
010437076C,2,1708PA,22,22,19750215,25,51,20350215,41,19730215,23,53,19730215
010437232C,2,1708PA,22,22,19750215,21,51,20390215,41,19730215,19,53,19730215
010437335C,2,1708PA,53,56,19750215,36,51,20240215,56,19730215,34,53,19730215
010437794C,2,1708PA,53,56,19750301,48,51,20120301,56,19730301,46,53,19730301
010438063C,2,1708PA,22,22,19750301,27,51,20360301,41,19730301,25,53,19730301
010438073C,2,1708PA,22,22,19750301,23,51,20370301,41,19730301,21,53,19730301
010438523C,2,1708PA,22,22,19750315,10,51,20500315,41,19730315,08,53,19730315
010438525C,2,1708PA,44,56,19750315,02,51,20610315,41,19730315,00,53,19730315
010438554C,2,1708PA,22,22,19750315,29,51,20310315,41,19730315,27,53,19730315
010438556C,4,1960PA,22,22,19750309,28,51,20500309,41,19730309,26,53,19730309
010438820C,2,1708PA,22,22,19750315,33,51,20300315,41,19730315,31,53,19730315
010438821C,2,1708PA,53,56,19750315,36,51,20270315,56,19730315,34,53,19730315
010438926C,2,1708PA,41,22,19750401,39,51,20240401,41,19730401,37,53,19730401
010438938C,2,1708PA,41,22,19750401,41,51,20220401,41,19730401,39,53,19730401
010438942C,2,1708PA,53,56,19750401,44,51,20160401,56,19730401,42,53,19730401
010439128C,2,1708PA,22,22,19750401,19,51,20410401,41,19730401,17,53,19730401
010439156C,2,1708PA,22,22,19750401,03,51,20600401,41,19730401,01,53,19730401
010439277C,2,1960PA,41,22,19750314,19,51,20210314,41,19730314,17,53,19730314
010439435C,2,1708PA,41,22,19750401,39,51,20240401,41,19730401,37,53,19730401
010439527C,3,1708PA,53,56,20110415,75,15,20240415,56,19730415,37,53,19730415
010439836C,2,1960PA,53,56,19750401,45,51,20330401,56,19730401,43,53,19730401
010439999C,2,1960PA,22,22,19750326,40,51,20380326,41,19730326,38,53,19730326
010440000C,2,1960PA,41,22,19750326,36,51,20040326,41,19730326,34,53,19730326
010440345C,2,1708PA,53,56,19750501,47,51,20160501,56,19730501,45,53,19730501
010440370C,2,1708PA,53,56,19750501,32,51,20280501,56,19730501,30,53,19730501
010440371C,3,1960PA,41,22,19750404,31,51,20090404,41,19730404,29,53,19730404
010440631C,2,1708PA,22,22,19750515,30,51,20330515,41,19730515,28,53,19730515
010441082C,2,1708PA,41,22,19750601,37,51,20260601,41,19730601,35,53,19730601
010441084C,2,1708PA,22,22,19750601,11,51,20490601,41,19730601,09,53,19730601
010441085C,2,1708PA,22,22,19750601,14,51,20460601,41,19730601,12,53,19730601
010441927C,2,1708PA,53,56,19750615,35,51,20250615,56,19730615,33,53,19730615
010442216C,2,1708PA,22,22,19750701,26,51,20370701,41,19730701,24,53,19730701
010442222C,2,1708PA,22,22,19750615,19,51,20410615,41,19730615,17,53,19730615
010442230C,2,1708PA,53,56,19750601,25,51,20380601,56,19730601,23,53,19730601
010442330C,2,1708PA,55,56,19750701,37,51,20260701,56,19730701,35,53,19730701
010442332C,2,1708PA,55,56,19750701,33,51,20270701,56,19730701,31,53,19730701
010442552C,2,1708PA,53,56,19750701,13,51,20470701,56,19730701,11,53,19730701
010442906C,2,1960PA,22,22,19750712,02,51,20760712,41,19730712,00,53,19730712
010443032C,2,1708PA,41,22,19750715,41,51,20220715,41,19730715,39,53,19730715
010443109C,2,1708PA,53,56,19750801,40,51,20230801,56,19730801,38,53,19730801
010443287C,2,1708PA,22,22,19750801,32,51,20280801,41,19730801,30,53,19730801
010443296C,2,1708PA,41,22,19750801,45,51,20150801,41,19730801,43,53,19730801
010443432C,3,1960PA,41,22,19750718,32,51,20080718,41,19730718,30,53,19730718
010443646C,2,1708PA,44,56,19750815,09,51,20540815,41,19730815,07,53,19730815
010443816C,2,1708PA,53,56,19750815,42,51,20180815,56,19730815,40,53,19730815
010444207C,2,1708PA,53,56,19750901,26,51,20340901,56,19730901,24,53,19730901
010444283C,2,1708PA,55,56,19750915,52,51,20110915,56,19730915,50,53,19730915
010444917C,2,1708PA,22,22,19751001,36,51,20271001,41,19731001,34,53,19731001
010445074C,2,1708PA,53,56,19751015,24,51,20391015,56,19731015,22,53,19731015
010445091C,2,1708PA,53,56,19751015,30,51,20301015,56,19731015,28,53,19731015
010445351C,2,1708PA,53,56,19751015,37,51,20231015,56,19731015,35,53,19731015
010445575C,2,1708PA,55,56,19751101,51,51,20121101,56,19731101,49,53,19731101
010445719C,2,1708PA,53,56,19751101,49,51,20141101,56,19731101,47,53,19731101
010446237C,2,1708PA,22,22,19751115,26,51,20341115,41,19731115,24,53,19731115
010446416C,2,1708PA,55,56,19751115,55,51,20081115,56,19731115,53,53,19731115
010446638C,2,1708PA,53,56,19751201,26,51,20341201,56,19731201,24,53,19731201
010446741C,2,1708PA,22,22,19751201,31,51,20321201,41,19731201,29,53,19731201
010446852C,2,1708PA,53,56,19751215,30,51,20301215,56,19731215,28,53,19731215
010447475C,2,1708PA,22,22,19760101,29,50,20320101,41,19740101,27,52,19740101
010447574C,2,1708PA,53,56,19760101,50,50,20140101,56,19740101,48,52,19740101
010448025C,2,1708PA,53,56,19760201,43,50,20210201,56,19740201,41,52,19740201
010448181C,2,1708PA,22,22,19760201,28,50,20330201,41,19740201,26,52,19740201
010448375C,2,1708PA,44,56,19760215,36,50,20280215,41,19740215,34,52,19740215
010448609C,2,1708PA,22,22,19760215,32,50,20320215,41,19740215,30,52,19740215
010448806C,2,1708PA,22,22,19760215,34,50,20300215,41,19740215,32,52,19740215
010448810C,2,1960PA,41,22,19760201,38,50,20030201,41,19740201,36,52,19740201
010448828C,4,1960PA,22,22,19760104,23,50,20530104,41,19740104,21,52,19740104
010449013C,2,1708PA,22,22,19760301,07,50,20540301,41,19740301,05,52,19740301
010449050C,2,1708PA,53,56,19760301,36,50,20250301,56,19740301,34,52,19740301
010449074C,2,1708PA,53,56,19760301,22,50,20390301,56,19740301,20,52,19740301
010449075C,2,1708PA,53,56,19760301,45,50,20190301,56,19740301,43,52,19740301
010449155C,2,1708PA,41,22,19760301,41,50,20230301,41,19740301,39,52,19740301
010449158C,2,1708PA,41,22,19760301,38,50,20260301,41,19740301,36,52,19740301
010449333C,2,1708PA,22,22,19760301,25,50,20390301,41,19740301,23,52,19740301
010449334C,2,1708PA,22,22,19760301,17,50,20440301,41,19740301,15,52,19740301
010449417C,2,1708PA,22,22,19760301,27,50,20370301,41,19740301,25,52,19740301
010449512C,2,1708PA,53,56,19760315,53,50,20110315,56,19740315,51,52,19740315
010449514C,2,1708PA,22,22,19760315,30,50,20310315,41,19740315,28,52,19740315
010449559C,2,1708PA,53,56,19760315,44,50,20200315,56,19740315,42,52,19740315
010449959C,2,1708PA,53,56,19760401,49,50,20120401,56,19740401,47,52,19740401
010450135C,2,1708PA,22,22,19760401,28,50,20360401,41,19740401,26,52,19740401
010450174C,2,1708PA,22,22,19760401,33,50,20310401,41,19740401,31,52,19740401
010450300C,3,1960PA,22,22,19760312,09,50,20670312,41,19740312,07,52,19740312
010450809C,2,1708PA,41,22,19760415,38,50,20260415,41,19740415,36,52,19740415
010450811C,2,1708PA,22,22,19760415,14,50,20470415,41,19740415,12,52,19740415
010451148C,2,1708PA,22,22,19760501,15,50,20490501,41,19740501,13,52,19740501
010451149C,2,1708PA,22,22,19760501,13,50,20510501,41,19740501,11,52,19740501
010451215C,2,1960PA,53,56,19760410,25,50,20510410,56,19740410,23,52,19740410
010451453C,2,1708PA,22,22,19760515,08,50,20530515,41,19740515,06,52,19740515
010451650C,2,1708PA,22,22,19760515,34,50,20270515,41,19740515,32,52,19740515
010452169C,2,1708PA,55,56,19760601,06,50,20550601,56,19740601,04,52,19740601
010452304C,2,1708PA,22,22,19760601,12,50,20490601,41,19740601,10,52,19740601
010452305C,2,1708PA,22,22,19760601,15,50,20490601,41,19740601,13,52,19740601
010452516C,2,1708PA,53,56,19760615,42,50,20220615,56,19740615,40,52,19740615
010454002C,2,1708PA,53,56,19760715,40,50,20240715,56,19740715,38,52,19740715
010454003C,2,1708PA,55,56,19760715,05,50,20560715,56,19740715,03,52,19740715
010455341C,2,1708PA,22,22,19760801,14,50,20500801,41,19740801,12,52,19740801
010456114C,2,1708PA,22,22,19760815,33,50,20310815,41,19740815,31,52,19740815
010456751C,2,1708PA,44,56,19760901,14,50,20500901,41,19740901,12,52,19740901
010456928C,2,1708PA,53,56,19760915,20,50,20410915,56,19740915,18,52,19740915
010457291C,2,1708PA,53,56,19761001,40,50,20241001,56,19741001,38,52,19741001
010457536C,2,1708PA,22,22,19761001,10,50,20541001,41,19741001,08,52,19741001
010457537C,2,1708PA,53,56,19761001,08,50,20531001,56,19741001,06,52,19741001
010457603C,2,1708PA,53,56,19761001,23,50,20411001,56,19741001,21,52,19741001
010458190C,2,1708PA,55,56,19761101,31,50,20301101,56,19741101,29,52,19741101
010458520C,2,1708PA,55,56,19761115,19,50,20451115,56,19741115,17,52,19741115
010458525C,2,1708PA,22,22,19761115,21,50,20431115,41,19741115,19,52,19741115
010458526C,2,1708PA,22,22,19761115,22,50,20391115,41,19741115,20,52,19741115
010458657C,2,1960PA,53,56,19761102,51,50,20251102,56,19741102,49,52,19741102
010458663C,2,1708PA,53,56,19761115,41,50,20231115,56,19741115,39,52,19741115
010458744C,2,1708PA,55,56,19761115,26,50,20351115,56,19741115,24,52,19741115
010459011C,2,1708PA,22,22,19761201,22,50,20391201,41,19741201,20,52,19741201
010459050C,2,1708PA,55,56,19761201,55,50,20061201,56,19741201,53,52,19741201
010459164C,2,1708PA,53,56,19761215,50,50,20111215,56,19741215,48,52,19741215
010459336C,2,1708PA,41,22,19770101,45,49,20200101,41,19750101,43,51,19750101
010459421C,2,1708PA,22,22,19770101,15,49,20500101,41,19750101,13,51,19750101
010459527C,2,1708PA,22,22,19770101,28,49,20340101,41,19750101,26,51,19750101
010459653C,2,1708PA,53,56,19770101,23,49,20420101,56,19750101,21,51,19750101
010459723C,2,1708PA,44,56,19770101,10,49,20550101,41,19750101,08,51,19750101
010459814C,2,1708PA,22,22,19770115,32,49,20330115,41,19750115,30,51,19750115
010459850C,2,1708PA,44,56,19770201,25,49,20400201,41,19750201,23,51,19750201
010460652C,2,1708PA,53,56,19770215,45,49,20170215,56,19750215,43,51,19750215
010460653C,2,1708PA,41,22,19770215,39,49,20260215,41,19750215,37,51,19750215
010460886C,2,1708PA,55,56,19770215,11,49,20510215,56,19750215,09,51,19750215
010461210C,3,1960PA,22,22,19770207,27,49,20500207,41,19750207,25,51,19750207
010461689C,2,1708PA,53,56,19770315,48,49,20170315,56,19750315,46,51,19750315
010462057C,2,1708PA,22,22,19770401,27,49,20380401,41,19750401,25,51,19750401
010462415C,2,1708PA,41,22,19770415,45,49,20200415,41,19750415,43,51,19750415
010462630C,2,1708PA,55,56,19770501,30,49,20350501,56,19750501,28,51,19750501
010462631C,2,1708PA,55,56,19770501,06,49,20560501,56,19750501,04,51,19750501
010462839C,2,1708PA,55,56,19770501,12,49,20530501,56,19750501,10,51,19750501
010463161C,2,1960PA,53,56,19770413,53,49,19890413,56,19750413,51,51,19750413
010463190C,2,1960PA,55,56,19770425,44,49,20360425,56,19750425,42,51,19750425
010463420C,2,1708PA,53,56,19770601,46,49,20190601,56,19750601,44,51,19750601
010463553C,2,1708PA,22,22,19770601,25,49,20400601,41,19750601,23,51,19750601
010464265C,2,1708PA,53,56,19770701,17,49,20480701,56,19750701,15,51,19750701
010464869C,2,1708PA,53,56,19770715,51,49,20110715,56,19750715,49,51,19750715
010464870C,2,1708PA,53,56,19770715,46,49,20190715,56,19750715,44,51,19750715
010465331C,2,1708PA,41,22,19770815,44,49,20210815,41,19750815,42,51,19750815
010465363C,2,1708PA,22,22,19770815,20,49,20420815,41,19750815,18,51,19750815
010465451C,2,1708PA,53,56,19770815,41,49,20210815,56,19750815,39,51,19750815
010466391C,2,1708PA,22,22,19770915,31,49,20310915,41,19750915,29,51,19750915
010466392C,2,1708PA,22,22,19770915,28,49,20370915,41,19750915,26,51,19750915
010466458C,2,1708PA,53,56,19770915,45,49,20170915,56,19750915,43,51,19750915
010466470C,2,1708PA,55,56,19770915,38,49,20270915,56,19750915,36,51,19750915
010466471C,2,1708PA,44,56,19770915,17,49,20450915,41,19750915,15,51,19750915
010466472C,2,1708PA,44,56,19770915,11,49,20510915,41,19750915,09,51,19750915
010466473C,2,1708PA,55,56,19770915,13,49,20520915,56,19750915,11,51,19750915
010466702C,2,1708PA,53,56,19771001,40,49,20251001,56,19751001,38,51,19751001
010466706C,2,1708PA,22,22,19771001,06,49,20591001,41,19751001,04,51,19751001
010466978C,2,1708PA,22,22,19771015,24,49,20411015,41,19751015,22,51,19751015
010467025C,2,1708PA,22,22,19771015,04,49,20581015,41,19751015,02,51,19751015
010467154C,3,1960PA,22,22,19770923,09,49,20680923,41,19750923,07,51,19750923
010467173C,2,1708PA,55,56,20061015,70,20,20211015,56,19751015,39,51,19751015
010467185C,2,1708PA,22,22,19771015,11,49,20511015,41,19751015,09,51,19751015
010467190C,2,1708PA,53,56,19771015,51,49,20111015,56,19751015,49,51,19751015
010467500C,2,1960PA,22,22,19771004,02,49,20751004,41,19751004,00,51,19751004
010467771C,2,1708PA,22,22,19771115,34,49,20311115,41,19751115,32,51,19751115
010468945C,2,1708PA,22,22,19780101,36,48,20270101,41,19760101,34,50,19760101
010468946C,2,1708PA,53,56,19780101,35,48,20310101,56,19760101,33,50,19760101
010469081C,2,1708PA,55,56,19780101,46,48,20170101,56,19760101,44,50,19760101
010469579C,2,1708PA,22,22,19780115,20,48,20430115,41,19760115,18,50,19760115
010469728C,2,1708PA,44,56,19780115,13,48,20500115,41,19760115,11,50,19760115
010469896C,2,1960PA,55,56,19780122,34,48,20440122,56,19760122,32,50,19760122
010469984C,2,1960PA,53,56,19780116,54,48,19890116,56,19760116,52,50,19760116
010469985C,2,1960PA,53,56,19780116,46,48,19970116,56,19760116,44,50,19760116
010471046C,2,1960PA,22,22,19780301,03,48,20750301,41,19760301,01,50,19760301
010471534C,2,1708PA,45,56,19780315,14,48,20520315,41,19760315,12,50,19760315
010472182C,2,1708PA,55,56,19780401,41,48,20220401,56,19760401,39,50,19760401
010472183C,2,1708PA,55,56,19780401,42,48,20240401,56,19760401,40,50,19760401
010473137C,2,1708PA,53,56,19780501,56,48,20100501,56,19760501,54,50,19760501
010473866C,2,1708PA,55,56,19780515,47,48,20190515,56,19760515,45,50,19760515
010473867C,2,1708PA,22,22,19780515,19,48,20440515,41,19760515,17,50,19760515
010473868C,2,1708PA,22,22,19780515,17,48,20490515,41,19760515,15,50,19760515
010474317C,2,1708PA,22,22,19780601,34,48,20290601,41,19760601,32,50,19760601
010474318C,2,1708PA,22,22,19780601,26,48,20400601,41,19760601,24,50,19760601
010474519C,2,1708PA,53,56,19780601,57,48,20090601,56,19760601,55,50,19760601
010474522C,2,1708PA,55,56,19780601,27,48,20390601,56,19760601,25,50,19760601
010475571C,2,1708PA,55,56,19780701,38,48,20280701,56,19760701,36,50,19760701
010475850C,2,1708PA,53,56,19780701,55,48,20110701,56,19760701,53,50,19760701
010476803C,2,1708PA,53,56,19780801,43,48,20200801,56,19760801,41,50,19760801
010477512C,2,1708PA,53,56,19780815,42,48,20210815,56,19760815,40,50,19760815
010477513C,2,1708PA,53,56,19780815,40,48,20260815,56,19760815,38,50,19760815
010477989C,2,1708PA,55,56,19780901,40,48,20260901,56,19760901,38,50,19760901
010478213C,2,1960PA,22,22,19780810,06,48,20720810,41,19760810,04,50,19760810
010478214C,2,1960PA,22,22,19780810,03,48,20750810,41,19760810,01,50,19760810
010478285C,2,1708PA,53,56,19780901,32,48,20340901,56,19760901,30,50,19760901
010479749C,2,1708PA,53,56,19781001,44,48,20221001,56,19761001,42,50,19761001
010483386C,2,1708PA,41,22,19790101,39,47,20250101,41,19770101,37,49,19770101
010484578C,3,1960PA,22,22,19790118,31,47,20480118,41,19770118,29,49,19770118
010484821C,2,1708PA,53,56,19790215,51,47,20160215,56,19770215,49,49,19770215
010484864C,2,1960PA,22,22,19790124,02,47,20770124,41,19770124,00,49,19770124
010486919C,2,1708PA,53,56,19790401,52,47,20150401,56,19770401,50,49,19770401
010486961C,2,1708PA,41,22,19790401,48,47,20190401,41,19770401,46,49,19770401
010486964C,2,1708PA,53,56,19790401,56,47,20080401,56,19770401,54,49,19770401
010487125C,2,1708PA,22,22,19790401,15,47,20490401,41,19770401,13,49,19770401
010487396C,2,1708PA,22,22,19790415,38,47,20290415,41,19770415,36,49,19770415
010488273C,2,1708PA,22,22,19790415,30,47,20340415,41,19770415,28,49,19770415
010488274C,2,1708PA,53,56,19790415,31,47,20360415,56,19770415,29,49,19770415
010488878C,5,1960PA,22,22,19790406,25,47,20540406,41,19770406,23,49,19770406
010489508C,2,1708PA,53,56,19790515,35,47,20290515,56,19770515,33,49,19770515
010491000C,2,1960PA,53,56,19790523,30,47,20490523,56,19770523,28,49,19770523
010494171C,2,1708PA,55,56,19790815,51,47,20160815,56,19770815,49,49,19770815
010495120C,2,1708PA,41,22,19790901,45,47,20190901,41,19770901,43,49,19770901
010495122C,2,1708PA,22,22,19790901,20,47,20440901,41,19770901,18,49,19770901
010498153C,2,1960PA,53,56,19791008,47,47,20321008,56,19771008,45,49,19771008
010498260C,2,1708PA,53,56,19791101,54,47,20131101,56,19771101,52,49,19771101
010499674C,2,1708PA,53,56,19791215,52,47,20151215,56,19771215,50,49,19771215
010499702C,2,1708PA,53,56,19791215,54,47,20131215,56,19771215,52,49,19771215
010501142C,3,1960PA,22,22,19791127,33,47,20461127,41,19771127,31,49,19771127
010501836C,2,1708PA,53,56,19800115,44,46,20210115,56,19780115,42,48,19780115
010502820C,2,1960PA,53,56,19800304,38,46,20420304,56,19780304,36,48,19780304
010502995C,2,1708PA,44,56,19800215,29,46,20390215,41,19780215,27,48,19780215
010502996C,2,1708PA,57,56,19800215,34,46,20310215,56,19780215,32,48,19780215
010505481C,2,1708PA,45,56,19800401,02,46,20630401,41,19780401,00,48,19780401
010506408C,2,1708PA,22,22,19800415,39,46,20290415,41,19780415,37,48,19780415
010506497C,2,1708PA,22,22,19800415,26,46,20420415,41,19780415,24,48,19780415
010510553C,2,1708PA,45,56,19800701,33,46,20320701,41,19780701,31,48,19780701
010510979C,2,1708PA,22,56,19800715,22,46,20460715,41,19780715,20,48,19780715
010510979C,3,1708PA,22,22,20050715,47,21,20460715,41,19780715,20,48,19780715
010511240C,2,1708PA,53,56,19800715,55,46,20100715,56,19780715,53,48,19780715
010511355C,2,1708PA,53,56,19800715,43,46,20250715,56,19780715,41,48,19780715
010511795C,2,1708PA,22,22,19800801,11,46,20570801,41,19780801,09,48,19780801
010512061C,2,1708PA,57,56,19800815,55,46,20100815,56,19780815,53,48,19780815
010513607C,2,1708PA,41,22,19800915,47,46,20210915,41,19780915,45,48,19780915
010513627C,4,1960PA,22,22,19800815,19,46,20610815,41,19780815,17,48,19780815
010514052C,4,1960PA,22,22,19800824,27,46,20530824,41,19780824,25,48,19780824
010515598C,2,1708PA,53,56,19800915,57,46,20110915,56,19780915,55,48,19780915
010517231C,2,1708PA,53,56,19801015,41,46,20271015,56,19781015,39,48,19781015
010518048C,2,1708PA,22,22,19801101,36,46,20321101,41,19781101,34,48,19781101
010518049C,2,1708PA,22,22,19801101,32,46,20361101,41,19781101,30,48,19781101
010518050C,2,1708PA,53,56,19801101,42,46,20231101,56,19781101,40,48,19781101
010518051C,2,1708PA,22,22,19801101,39,46,20291101,41,19781101,37,48,19781101
010518545C,2,1708PA,41,22,19801115,48,46,20171115,41,19781115,46,48,19781115
010520217C,4,1960PA,53,56,19801115,31,46,20491115,56,19781115,29,48,19781115
010521213C,2,1708PA,50,22,19810101,43,45,20230101,22,19790101,41,47,19790101
010521651C,2,1708PA,53,56,19810101,51,45,20150101,56,19790101,49,47,19790101
010521756C,4,1960PA,55,56,19801218,02,46,20781218,56,19781218,00,48,19781218
010523058C,2,1708PA,55,56,19810201,42,45,20270201,56,19790201,40,47,19790201
010524282C,3,1960PA,22,22,19810125,06,45,20750125,41,19790125,04,47,19790125
010525250C,2,1708PA,44,56,19810401,19,45,20470401,41,19790401,17,47,19790401
010526524C,2,1708PA,55,56,19810415,18,45,20480415,56,19790415,16,47,19790415
010526526C,2,1708PA,53,56,19810415,45,45,20210415,56,19790415,43,47,19790415
010527102C,2,1708PA,22,22,19810415,09,45,20600415,41,19790415,07,47,19790415
010527103C,2,1708PA,22,22,19810415,05,45,20640415,41,19790415,03,47,19790415
010529613C,2,1708PA,22,22,19810601,29,45,20370601,41,19790601,27,47,19790601
010529973C,3,1960PA,55,56,19810507,24,45,20570507,56,19790507,22,47,19790507
010529993C,2,1708PA,22,22,19810601,30,45,20360601,41,19790601,28,47,19790601
010539198C,2,1708PA,55,56,19811101,22,45,20441101,56,19791101,20,47,19791101
010540774C,2,1708PA,22,22,19811115,07,45,20621115,41,19791115,05,47,19791115
010540781C,2,1708PA,22,22,19811115,09,45,20601115,41,19791115,07,47,19791115
010541669C,2,1708PA,44,56,19811201,16,45,20501201,41,19791201,14,47,19791201
010543558C,2,1708PA,22,22,19820101,30,44,20370101,41,19800101,28,46,19800101
010543559C,2,1708PA,22,22,19820101,30,44,20400101,41,19800101,28,46,19800101
010544182C,2,1960PA,53,56,19811217,39,45,20421217,56,19791217,37,47,19791217
010545196C,2,2665PA,53,56,19820107,47,44,20300107,56,19800107,45,46,19800107
010545623C,2,1708PA,41,22,19820215,47,44,20230215,41,19800215,45,46,19800215
010546961C,2,1708PA,55,56,19820301,18,44,20520301,56,19800301,16,46,19800301
010546964C,2,1708PA,22,22,19820301,19,44,20480301,41,19800301,17,46,19800301
010547021C,2,1708PA,22,22,19820301,23,44,20440301,41,19800301,21,46,19800301
010547488C,3,1960PA,55,56,19820212,37,44,20450212,56,19800212,35,46,19800212
010547892C,2,1708PA,22,22,19820315,25,44,20420315,41,19800315,23,46,19800315
010548366C,3,1960PA,53,56,19820225,28,44,20540225,56,19800225,26,46,19800225
010550088C,2,1708PA,22,22,19820415,17,44,20500415,41,19800415,15,46,19800415
010550564C,2,1708PA,53,56,19820415,45,44,20220415,56,19800415,43,46,19800415
010552856C,2,1960PA,22,22,19820505,22,44,20600505,41,19800505,20,46,19800505
010555054C,3,1960PA,22,22,19820613,02,44,20800613,41,19800613,00,46,19800613
010557142C,2,1708PA,55,56,19820815,42,44,20250815,56,19800815,40,46,19800815
010559537C,2,1708PA,55,56,19820915,14,44,20560915,56,19800915,12,46,19800915
010560185C,2,1708PA,22,22,19821001,14,44,20561001,41,19801001,12,46,19801001
010565013C,2,1708PA,22,22,19821215,28,44,20391215,41,19801215,26,46,19801215
010567983C,2,1960PA,22,22,19830110,03,43,20800110,41,19810110,01,45,19810110
010576755C,2,1705PA,44,56,19830515,20,43,20510515,41,19810515,18,45,19810515
010578323C,2,1960PA,22,22,19830527,05,43,20780527,41,19810527,03,45,19810527
010580685C,2,1708PA,22,22,19830701,08,43,20600701,41,19810701,06,45,19810701
010581795C,2,1705PA,55,56,19830701,43,43,20280701,56,19810701,41,45,19810701
010586005C,2,1960PA,53,56,20210723,69,5,20520723,56,19810723,29,45,19810723
010590419C,2,1708PA,22,22,19830915,36,43,20350915,41,19810915,34,45,19810915
010598049C,2,1708PA,22,22,19831115,29,43,20391115,41,19811115,27,45,19811115
010598050C,2,1708PA,22,22,19831115,30,43,20411115,41,19811115,28,45,19811115
010607249C,2,1708PA,53,56,19840115,61,42,20110115,56,19820115,59,44,19820115
010615191C,2,1708PA,22,22,19840315,37,42,20320315,41,19820315,35,44,19820315
010615192C,2,1708PA,22,22,19840315,35,42,20370315,41,19820315,33,44,19820315
