PLAN,FORM,DESCR,PAR,SEX,BASIS,NFOINT,LOANINT,LOANINTX,DEPINT,VARDB,VARGP,LOAGE,HIAGE,RENEW,PAYYRS,PAYAGE,INSYRS,INSAGE,ANNL,SEMI,QTRL,MTHD,MTHB,ANNLFEE,SEMIFEE,QTRLFEE,MTHDFEE,MTHBFEE,INITVAL,MKTG,PRODUCT,CALCADV,COMMID,MINUNIT,MAXUNIT,BPOLFEE,BACTIVE,RRULE,AGTRSV,AUTONFO,PLANTYPE,INTMETHTV,INTMETHCV,DEFICIENCY,HDEDMETHOD,PLANVALOPT,GDVARYGP,GDVARYDB,GDVARYCV,GDVARYTV,GDVARYDV,UWVARYGP,UWVARYDB,UWVARYCV,UWVARYTV,UWVARYDV,BDVARYGP,BDVARYDB,BDVARYCV,BDVARYTV,BDVARYDV,STVARYGP,STVARYDB,STVARYCV,STVARYTV,STVARYDV,CONVCOMM,PLANNAME,HRENEW,HLOB,HCOMMIP,HRIGPKEY,SIMPLEINT,MLAPSE,MNOTE10,MNAICLOB,MNFOANNV,MGTDANNV
920ADB,0822,ACCIDENTAL DEATH BENEFIT,1,B,,,0.00,22,0.00,4,4,15,55,T,00,65,00,65,100.0000,51.0140,26.0010,8.9964,8.9989,0.0000,0.0000,0.0000,0.0000,0.0000,1000.00,,03,T,,1,200,,T,B,0.00,0,,,A,N,,N,N,N,N,N,N,N,N,N,N,N,N,N,N,N,N,N,N,N,N,N,,ACCIDENTAL DEATH BENEFIT,,,,,,0,,NAPLAN,,
965ADB,0822,ACCIDENTAL DEATH BENEFIT,1,B,,,0.00,22,0.00,4,4,15,50,T,00,65,00,65,100.0000,52.0025,26.4963,9.0001,9.0001,0.0000,0.0000,0.0000,0.0000,0.0000,1000.00,,03,T,,1,200,,T,B,0.00,0,,,A,N,,N,N,N,N,N,N,N,N,N,N,N,N,N,N,N,N,N,N,N,N,N,,ACCIDENTAL DEATH BENEFIT,,,,,,0,,NAPLAN,,
960ADB,0822,ACCIDENTAL DEATH BENEFIT,1,B,,,0.00,22,0.00,4,4,00,65,T,00,65,00,65,100.0000,51.9988,26.5028,9.0021,8.6957,0.0000,0.0000,0.0000,0.0000,0.0000,1000.00,,03,T,,1,200,,T,B,0.00,0,,,A,N,,N,N,N,N,N,N,N,N,N,N,N,N,N,N,N,N,N,N,N,N,N,,ACCIDENTAL DEATH BENEFIT,,,,,,0,,NAPLAN,,
9POADB,0822,ACCIDENTAL DEATH BENEFIT,1,B,,,0.00,22,0.00,4,4,15,55,T,00,65,00,65,100.0000,51.9988,26.5028,9.0021,8.6957,0.0000,0.0000,0.0000,0.0000,0.0000,1000.00,,03,T,,1,200,,T,B,0.00,0,,,A,N,,N,N,N,N,N,N,N,N,N,N,N,N,N,N,N,N,N,N,N,N,N,,ACCIDENTAL DEATH BENEFIT,,,,,,0,,NAPLAN,,
9665WP,0823,WAIVER OF PREMIUM,1,B,,,0.00,22,0.00,4,4,15,50,T,00,60,00,60,100.0000,52.0025,26.4963,9.0001,9.0001,0.0000,0.0000,0.0000,0.0000,0.0000,1000.00,,10,T,,1,10,,T,B,0.00,0,,,A,N,,Y,Y,N,N,N,N,N,N,N,N,N,N,N,N,N,N,N,N,N,N,N,,WAIVER OF PREMIUM,,,,,,0,,NAPLAN,,
9896WP,0823,WAIVER OF PREMIUM,1,B,,,0.00,22,0.00,4,4,15,50,T,00,60,00,60,100.0000,52.0025,26.4963,9.0001,9.0001,0.0000,0.0000,0.0000,0.0000,0.0000,1000.00,,10,T,,1,1,,T,B,0.00,0,,,A,N,,F,0,0,,,,,,,,,,,,,,,,,,,,WAIVER OF PREMIUM,,,,,,0,,NAPLAN,,
9085WP,0823,WAIVER OF PREMIUM - LPU AT 85/88,1,B,,,0.00,22,0.00,4,4,15,55,T,00,60,00,60,100.0000,51.9988,26.5028,9.0021,8.6957,0.0000,0.0000,0.0000,0.0000,0.0000,1000.00,,03,T,,1,200,,T,B,0.00,0,,,A,N,,Y,Y,N,N,N,N,N,N,N,N,N,N,N,N,N,N,N,N,N,N,N,,WAIVER OF PREMIUM - LPU AT 85/88,,,,,,0,,NAPLAN,,
960CWP,0823,WAIVER OF PREMIUM - CHILD,1,B,,,0.00,22,0.00,4,4,00,17,T,00,60,00,60,100.0000,51.9988,26.5028,9.0021,8.6957,0.0000,0.0000,0.0000,0.0000,0.0000,1000.00,,03,T,,1,200,,T,B,0.00,0,,,A,N,,N,N,N,N,N,N,N,N,N,N,N,N,N,N,N,N,N,N,N,N,N,,WAIVER OF PREMIUM - CHILD,,,,,,0,,NAPLAN,,
9065WP,0823,WAIVER OF PREMIUM,1,B,,,0.00,22,0.00,4,4,00,55,T,00,60,00,60,100.0000,51.9988,26.5028,9.0021,8.6957,0.0000,0.0000,0.0000,0.0000,0.0000,1000.00,,03,T,,1,200,,T,B,0.00,0,,,A,N,,Y,Y,N,N,N,N,N,N,N,N,N,N,N,N,N,N,N,N,N,N,N,,WAIVER OF PREMIUM,,,,,,0,,NAPLAN,,
90OLWP,0823,WAIVER OF PREMIUM,1,B,,,0.00,22,0.00,4,4,15,55,T,00,60,00,60,100.0000,51.9988,26.5028,9.0021,8.6957,0.0000,0.0000,0.0000,0.0000,0.0000,1000.00,,03,T,,1,200,,T,B,0.00,0,,,A,N,,Y,Y,N,N,N,N,N,N,N,N,N,N,N,N,N,N,N,N,N,N,N,,WAIVER OF PREMIUM,,,,,,0,,NAPLAN,,
90POWP,0823,WAIVER OF PREMIUM,1,B,,,0.00,22,0.00,4,4,15,55,T,00,60,00,60,100.0000,51.9988,26.5028,9.0021,8.6957,0.0000,0.0000,0.0000,0.0000,0.0000,1000.00,,03,T,,1,200,,T,B,0.00,0,,,A,N,,N,N,N,N,N,N,N,N,N,N,N,N,N,N,N,N,N,N,N,N,N,,WAIVER OF PREMIUM,,,,,,0,,NAPLAN,,
960SWP,0823,WAIVER OF PREMIUM - SPOUSE,1,B,,,0.00,22,0.00,4,4,00,55,T,00,60,00,60,100.0000,51.9988,26.5028,9.0021,8.6957,0.0000,0.0000,0.0000,0.0000,0.0000,1000.00,,03,T,,1,200,,T,B,0.00,0,,,A,N,,N,N,N,N,N,N,N,N,N,N,N,N,N,N,N,N,N,N,N,N,N,,WAIVER OF PREMIUM - SPOUSE,,,,,,0,,NAPLAN,,
94PDIS,0824,& PAYOR DISABILITY RIDER,1,B,,,0.00,22,0.00,4,4,00,55,T,25,00,25,00,100.0000,51.9988,26.5028,9.0021,8.6957,0.0000,0.0000,0.0000,0.0000,0.0000,1000.00,,03,T,,2,10,,T,B,0.00,0,,,A,N,,F,0,0,,,,,,,,,,,,,,,,,,,,& PAYOR DISABILITY RIDER,,,,,,0,,NAPLAN,,
90PDTH,0824,PAYOR DEATH,1,B,,,0.00,22,0.00,4,4,00,55,T,25,00,25,00,100.0000,52.0039,26.4956,9.0030,8.6960,0.0000,0.0000,0.0000,0.0000,0.0000,1000.00,,03,T,,1,1,,T,B,0.00,0,,,A,N,,N,N,N,N,N,N,N,N,N,N,N,N,N,N,N,N,N,N,N,N,N,,PAYOR DEATH,,,,,,0,,NAPLAN,,
17CSI3,10827,CSI LIFE $3000,0,B,,F,0.00,22,0.00,2,4,46,75,T,00,100,00,100,100.0000,50.0000,25.0026,8.3307,8.3307,0.0000,0.0000,0.0000,0.0000,0.0000,1000.00,,19,T,,3,3,,T,B,0.00,0,,,0,N,,Y,Y,N,Y,Y,N,N,N,N,N,N,N,N,N,N,N,N,N,N,N,N,,CSI LIFE $3000,,,,,,0,,NAPLAN,,
17CSI5,10827,CSI LIFE $5000,0,B,,F,7.40,A,0.00,2,4,46,75,T,00,100,00,100,100.0000,50.0021,24.9989,8.3344,8.3344,0.0000,0.0000,0.0000,0.0000,0.0000,1000.00,,19,T,,5,5,,T,B,0.00,0,,,0,N,,Y,N,N,Y,Y,N,N,N,N,N,N,N,N,N,N,N,N,N,N,N,N,,CSI LIFE $5000,,,,,,0,,NAPLAN,,
17CSI7,10827,CSI LIFE $7500,0,B,,F,7.40,A,0.00,2,4,46,75,T,00,100,00,100,100.0000,50.0000,24.9980,8.3327,8.3327,0.0000,0.0000,0.0000,0.0000,0.0000,1000.00,,19,T,,7,8,,T,B,0.00,0,,,0,N,,Y,Y,N,Y,Y,N,N,N,N,N,N,N,N,N,N,N,N,N,N,N,N,,CSI LIFE $7500,,,,,,0,,NAPLAN,,
1CSIMN,10827,CSI LIFE MN $5000,0,B,,F,0.00,22,0.00,2,4,46,75,T,00,100,00,100,100.0000,50.0000,25.0026,8.3307,8.3307,0.0000,0.0000,0.0000,0.0000,0.0000,1000.00,,19,T,,5,5,,T,B,0.00,0,,,0,N,,Y,Y,N,Y,Y,N,N,N,N,N,N,N,N,N,N,N,N,N,N,N,N,,CSI LIFE MN $5000,,,,,,0,,NAPLAN,,
976658,1576,DISABILITY WAIVER OF PREMIUM RIDER,0,B,,,0.00,22,0.00,4,4,15,55,T,00,60,00,60,100.0000,52.5000,27.0000,9.1999,8.8018,0.0000,0.0000,0.0000,0.0000,0.0000,1000.00,,10,T,,25000,1000000,,T,B,0.00,0,,,A,N,,F,0,0,,,,,,,,,,,,,,,,,,,,DISABILITY WAIVER OF PREMIUM RIDER,,,,,,0,,NAPLAN,,
976659,1576,DISABILITY WAIVER OF PREMIUM RIDER,0,B,,,0.00,22,0.00,4,4,15,55,T,00,60,00,60,100.0000,52.5000,27.0000,9.1999,8.8018,0.0000,0.0000,0.0000,0.0000,0.0000,1000.00,,10,T,,25000,1000000,,T,B,0.00,0,,,A,N,,F,0,0,,,,,,,,,,,,,,,,,,,,DISABILITY WAIVER OF PREMIUM RIDER,,,,,,0,,NAPLAN,,
977ADB,1577,ACCIDENTAL DEATH BENEFIT RIDER,0,B,,,0.00,22,0.00,4,4,15,60,T,00,65,00,65,100.0000,52.5000,27.0000,9.1999,8.8018,0.0000,0.0000,0.0000,0.0000,0.0000,1000.00,,03,T,,25000,200000,,T,B,0.00,0,,,A,N,,N,N,N,N,N,N,N,N,N,N,N,N,N,N,N,N,N,N,N,N,N,,ACCIDENTAL DEATH BENEFIT RIDER,,,,,,0,,NAPLAN,,
578CTR,1578,DEPENDENT CHILD TERM RIDER,0,B,,,0.00,22,0.00,4,4,00,24,T,00,25,00,25,100.0000,52.5047,27.0032,9.1987,8.7971,0.0000,0.0000,0.0000,0.0000,0.0000,1000.00,,06,T,,1,3,,T,B,0.00,0,,,A,N,,N,N,N,N,N,N,N,N,N,N,N,N,N,N,N,N,N,N,N,N,N,,DEPENDENT CHILD TERM RIDER,,,,,,0,,NAPLAN,,
778FTR,1578,FAMILY TERM RIDER,0,B,,,0.00,22,0.00,4,4,18,59,T,00,65,00,65,100.0000,52.5047,27.0032,9.1987,8.7971,0.0000,0.0000,0.0000,0.0000,0.0000,1000.00,,06,T,,1,3,,T,B,0.00,0,,,A,N,,Y,N,N,N,N,N,N,N,N,Y,N,N,N,N,N,N,N,N,N,N,N,,FAMILY TERM RIDER,,,,,,0,,NAPLAN,,
578STR,1578,PAID UP SPOUSE TERM RIDER,0,B,,,0.00,22,0.00,3,4,18,65,T,00,65,00,65,100.0000,52.5000,27.0000,9.1999,8.8018,0.0000,0.0000,0.0000,0.0000,0.0000,1000.00,,06,T,,1,3,,T,B,0.00,0,,,A,N,,Y,N,N,N,Y,N,N,N,N,N,N,N,N,N,N,N,N,N,N,N,N,,PAID UP SPOUSE TERM RIDER,,,,,,0,,NAPLAN,,
9CTRWP,NA,1578 CTR WAIVER OF PREMIUM,0,B,,,0.00,22,0.00,4,4,00,24,T,00,25,00,25,100.0000,52.5000,27.0000,9.1999,8.8018,0.0000,0.0000,0.0000,0.0000,0.0000,1000.00,,10,T,,1,3,,T,B,0.00,0,,,A,N,,N,N,N,N,N,N,N,N,N,N,N,N,N,N,N,N,N,N,N,N,N,,1578 CTR WAIVER OF PREMIUM,,,,,,0,,NAPLAN,,
9FTRWP,NA,1578 FTR WAIVER OF PREMIUM,0,B,,,0.00,22,0.00,4,4,18,59,T,00,65,00,65,100.0000,52.5000,27.0000,9.1999,8.8018,0.0000,0.0000,0.0000,0.0000,0.0000,1000.00,,10,T,,1,3,,T,B,0.00,0,,,A,N,,N,N,N,N,N,N,N,N,N,N,N,N,N,N,N,N,N,N,N,N,N,,1578 FTR WAIVER OF PREMIUM,,,,,,0,,NAPLAN,,
9GPO79,1579,GUARANTEED PURCHASE OPTION RIDER,0,B,,,0.00,22,0.00,4,4,00,40,T,08,00,08,00,100.0000,52.5000,27.0000,9.1999,8.8018,0.0000,0.0000,0.0000,0.0000,0.0000,1000.00,,10,T,,12500,100000,,T,B,0.00,0,,,A,N,,N,N,N,N,N,N,N,N,N,N,N,N,N,N,N,N,N,N,N,N,N,,GUARANTEED PURCHASE OPTION RIDER,,,,,,0,,NAPLAN,,
980JPO,1580,JUVENILE FUTURE PURCHASE OPTION RIDER,0,B,,,0.00,22,0.00,4,4,00,21,T,00,40,00,40,100.0000,52.5000,27.0000,9.1999,8.8018,0.0000,0.0000,0.0000,0.0000,0.0000,1000.00,,10,T,,25000,50000,,T,B,0.00,0,,,A,N,,N,N,N,N,N,N,N,N,N,N,N,N,N,N,N,N,N,N,N,N,N,,JUVENILE FUTURE PURCHASE OPTION RIDER,,,,,,0,,NAPLAN,,
9595WP,1596,DISABILITY WAIVER OF PREMIUM,1,B,,,0.00,22,0.00,4,4,18,59,T,00,60,00,60,100.0000,52.5000,27.0000,9.2002,8.8007,0.0000,0.0000,0.0000,0.0000,0.0000,1000.00,,07,T,,5000,10000000,,T,B,0.00,0,,,A,N,,Y,Y,N,N,N,N,N,N,N,N,N,N,N,N,N,N,N,N,N,N,N,,DISABILITY WAIVER OF PREMIUM,,,,,,0,,NAPLAN,,
996ADB,1596,ACCIDENTAL DEATH BENEFIT RIDER,1,B,,,0.00,22,0.00,4,4,00,60,T,00,65,00,65,100.0000,52.5000,27.0000,9.2000,8.8002,0.0000,0.0000,0.0000,0.0000,0.0000,1000.00,,08,T,,50000,1000000,,T,B,0.00,0,,,A,N,,F,0,0,,,,,,,,,,,,,,,,,,,,ACCIDENTAL DEATH BENEFIT RIDER,,,,,,0,,NAPLAN,,
967ADB,1596,ACCIDENTAL DEATH BENEFIT RIDER,1,B,,,0.00,22,0.00,4,4,15,60,T,00,65,00,65,100.0000,52.5000,27.0000,9.2002,8.8007,0.0000,0.0000,0.0000,0.0000,0.0000,1000.00,,07,T,,5000,200000,,T,B,0.00,0,,,A,N,,N,N,N,N,N,N,N,N,N,N,N,N,N,N,N,N,N,N,N,N,N,,ACCIDENTAL DEATH BENEFIT RIDER,,,,,,0,,NAPLAN,,
901ADB,1596,ACCIDENTAL DEATH BENEFIT RIDER,1,B,,,0.00,22,0.00,4,4,00,60,T,00,65,00,65,100.0000,52.4993,26.9994,9.1999,8.7999,0.0000,0.0000,0.0000,0.0000,0.0000,1000.00,,08,T,,0,1000000,,T,B,0.00,0,,,A,N,,N,N,N,N,N,N,N,N,N,N,N,N,N,N,N,N,N,N,N,N,N,,ACCIDENTAL DEATH BENEFIT RIDER,,,,,,0,,NAPLAN,,
719CTR,619,DECR TERM PAID UP FOR CHILD,1,B,,,0.00,22,0.00,4,4,00,22,T,00,22,00,22,100.0000,50.0000,25.0000,9.0000,8.3333,0.0000,0.0000,0.0000,0.0000,0.0000,1000.00,,09,T,,1,1,,T,B,0.00,0,,,A,N,,Y,N,N,N,Y,N,N,N,N,N,N,N,N,N,N,N,N,N,N,N,N,,DECR TERM PAID UP FOR CHILD,,,,,,0,,NAPLAN,,
7619DT,619,DECREASING TERM,1,B,,,0.00,22,0.00,3,4,00,59,T,00,65,00,65,100.0000,50.0000,25.0000,9.0000,8.3333,0.0000,0.0000,0.0000,0.0000,0.0000,1000.00,,09,T,,1,1,,T,B,0.00,0,,,A,N,,Y,N,N,N,Y,N,N,N,N,N,N,N,N,N,N,N,N,N,N,N,N,,DECREASING TERM,,,,,,0,,NAPLAN,,
719CDT,619,CHILD DECREASING TERM,1,B,,,0.00,22,0.00,3,4,00,22,T,00,23,00,23,100.0000,50.0000,25.0000,9.0000,8.3333,0.0000,0.0000,0.0000,0.0000,0.0000,1000.00,,09,T,,1,1,,T,B,0.00,0,,,A,N,,N,N,N,N,N,N,N,N,N,N,N,N,N,N,N,N,N,N,N,N,N,,CHILD DECREASING TERM,,,,,,0,,NAPLAN,,
719SDT,619,SPOUSE DECREASING TERM,1,B,,,0.00,22,0.00,4,4,00,59,T,00,65,00,65,100.0000,50.0000,25.0000,9.0000,8.3333,0.0000,0.0000,0.0000,0.0000,0.0000,1000.00,,09,T,,1,1,,T,B,0.00,0,,,A,N,,Y,N,N,N,Y,N,N,N,N,N,N,N,N,N,N,N,N,N,N,N,N,,SPOUSE DECREASING TERM,,,,,,0,,NAPLAN,,
7619PU,619,DECREASING TERM PAID UP FOR SPOUSE,1,B,,,0.00,22,0.00,3,4,00,65,T,00,65,00,65,100.0000,50.0000,25.0000,9.0000,8.3333,0.0000,0.0000,0.0000,0.0000,0.0000,1000.00,,09,T,,1,1,,T,B,0.00,0,,,A,N,,Y,N,N,N,Y,N,N,N,N,N,N,N,N,N,N,N,N,N,N,N,N,,DECREASING TERM PAID UP FOR SPOUSE,,,,,,0,,NAPLAN,,
221END,620,ENDOWMENT AT AGE 85,1,B,,2,0.00,22,0.00,4,4,15,60,T,00,85,00,85,100.0000,51.0140,26.0010,8.9964,8.9989,0.0000,0.0000,0.0000,0.0000,0.0000,1000.00,,03,T,,1,1000,,T,B,0.00,0,,,0,N,,Y,N,N,N,Y,N,N,N,N,N,N,N,N,N,N,N,N,N,N,N,N,,ENDOWMENT AT AGE 85,,,,,,0,,NAPLAN,,
121PUA,620,PAID UP ADDS - ENDOWMENT AT AGE 85,1,B,,,0.00,22,0.00,4,4,15,60,T,00,85,00,85,100.0000,51.0140,26.0010,8.9964,8.9989,0.0000,0.0000,0.0000,0.0000,0.0000,1000.00,,03,T,,0,99,,T,B,0.00,0,,,A,N,,N,N,N,N,N,N,N,N,N,N,N,N,N,N,N,N,N,N,N,N,N,,PAID UP ADDS - ENDOWMENT AT AGE 85,,,,,,0,,NAPLAN,,
222END,620,20 PAY ENDOWMENT AT AGE 85,1,B,,2,0.00,22,0.00,4,4,00,60,T,20,00,00,85,100.0000,51.0140,26.0010,8.9964,8.9989,0.0000,0.0000,0.0000,0.0000,0.0000,1000.00,,03,T,,1,1000,,T,B,0.00,0,,,0,N,,Y,N,N,N,Y,N,N,N,N,N,N,N,N,N,N,N,N,N,N,N,N,,20 PAY ENDOWMENT AT AGE 85,,,,,,0,,NAPLAN,,
130JEB,620,JUVENILE ESTATE BUILDER LIFE PD UP AT 65,1,B,,,5.00,A,0.00,3,4,00,14,T,00,65,100,00,100.0000,51.0140,26.0010,8.9964,8.9989,0.0000,0.0000,0.0000,0.0000,0.0000,1000.00,,03,T,,1,10,,T,B,0.00,0,,,A,N,,Y,N,N,N,Y,N,N,N,N,N,N,N,N,N,N,N,N,N,N,N,N,,JUVENILE ESTATE BUILDER LIFE PD UP AT 65,,,,,,0,,NAPLAN,,
5646AT,667,ANNUAL RENEWABLE TERM,1,B,,2,0.00,22,0.00,4,4,20,60,T,00,69,00,69,100.0000,52.5000,27.0000,9.2002,8.8007,0.0000,0.0000,0.0000,0.0000,0.0000,1000.00,,03,T,,50000,10000000,,T,B,0.00,0,,,0,N,,Y,N,N,N,Y,N,Y,N,N,N,N,Y,N,N,N,N,N,N,N,N,N,,ANNUAL RENEWABLE TERM,,,,,,0,,NAPLAN,,
7647FP,647,FAMILY LIFE DECREASING TERM,1,B,,2,0.00,22,0.00,3,4,20,60,T,00,69,00,69,100.0000,50.0000,25.0000,8.3269,8.3269,0.0000,0.0000,0.0000,0.0000,0.0000,1000.00,,03,T,,1,1,,T,B,0.00,0,,,0,N,,Y,N,N,N,Y,N,N,N,N,N,N,N,N,N,N,N,N,N,N,N,N,,FAMILY LIFE DECREASING TERM,,,,,,0,,NAPLAN,,
7647CH,647,CHILD - FAMILY LIFE DECREASING TERM,1,B,,,0.00,22,0.00,4,4,20,60,T,00,69,00,69,100.0000,50.0000,25.0000,8.3269,8.3269,0.0000,0.0000,0.0000,0.0000,0.0000,1000.00,,03,T,,1,1,,T,B,0.00,0,,,A,N,,F,0,0,,,,,,,,,,,,,,,,,,,,CHILD - FAMILY LIFE DECREASING TERM,,,,,,0,,NAPLAN,,
7647SP,647,SPOUSE - FAMILY LIFE DECREASING TERM,1,B,,,0.00,22,0.00,3,4,20,60,T,00,69,00,69,100.0000,50.0000,25.0000,8.3269,8.3269,0.0000,0.0000,0.0000,0.0000,0.0000,1000.00,,03,T,,1,1,,T,B,0.00,0,,,A,N,,N,N,N,N,N,N,N,N,N,N,N,N,N,N,N,N,N,N,N,N,N,,SPOUSE - FAMILY LIFE DECREASING TERM,,,,,,0,,NAPLAN,,
1658C1,658,INTEREST-SENSITIVE WHOLE LIFE,0,B,,A,7.40,A,0.00,4,4,01,75,T,00,100,00,100,100.0000,52.5047,27.0032,9.1987,8.7971,0.0000,0.0000,0.0000,0.0000,0.0000,1000.00,,06,T,,0,999999999,,T,B,0.00,0,,,0,N,,Y,Y,N,Y,Y,N,Y,N,Y,Y,N,N,N,N,N,N,N,N,N,N,N,,INTEREST-SENSITIVE WHOLE LIFE,,,,,,0,,NAPLAN,,
1658CS,658,INTEREST-SENSITIVE WHOLE LIFE,0,B,,A,7.40,A,0.00,4,4,01,75,T,00,100,00,100,100.0000,52.5031,27.0001,9.2000,9.2000,0.0000,0.0000,0.0000,0.0000,0.0000,1000.00,,06,T,,0,100000,,T,B,0.00,0,,,0,N,,Y,Y,N,Y,Y,N,Y,N,N,N,N,N,N,N,N,N,N,N,N,N,N,,INTEREST-SENSITIVE WHOLE LIFE,,,,,,0,,NAPLAN,,
1659C2,659,INTEREST-SENSITIVE WHOLE LIFE,0,B,,A,7.40,A,0.00,4,4,00,85,T,00,100,00,100,100.0000,52.5000,27.0000,9.1999,8.8018,0.0000,0.0000,0.0000,0.0000,0.0000,1000.00,,05,T,,0,999999999,,T,B,0.00,0,,,0,N,,Y,Y,N,Y,Y,N,Y,N,N,Y,N,N,N,N,N,N,N,N,N,N,N,,INTEREST-SENSITIVE WHOLE LIFE,,,,,,0,,NAPLAN,,
1659CS,659,INTEREST-SENSITIVE WHOLE LIFE,0,B,,A,7.40,A,0.00,4,4,00,75,T,00,100,00,100,100.0000,52.5016,26.9974,9.1996,9.2013,0.0000,0.0000,0.0000,0.0000,0.0000,1000.00,,05,T,,0,100000,,T,B,0.00,0,,,0,N,,Y,Y,N,Y,Y,N,Y,N,N,N,N,N,N,N,N,N,N,N,N,N,N,,INTEREST-SENSITIVE WHOLE LIFE,,,,,,0,,NAPLAN,,
1659CR,659,INTEREST-SENSITIVE WHOLE LIFE,0,B,,A,7.40,A,0.00,4,4,00,85,T,00,100,00,100,100.0000,52.5017,27.0007,9.1997,8.7966,0.0000,0.0000,0.0000,0.0000,0.0000,1000.00,,16,T,,0,20000,,T,B,0.00,0,,,0,N,,Y,Y,N,Y,Y,N,Y,N,N,N,N,N,N,N,N,N,N,N,N,N,N,,INTEREST-SENSITIVE WHOLE LIFE,,,,,,0,,NAPLAN,,
1659SR,659,INTEREST-SENSITIVE WHOLE LIFE,0,B,,A,7.40,A,0.00,1,4,00,85,T,00,100,00,100,100.0000,52.5017,27.0007,8.8030,8.8030,0.0000,0.0000,0.0000,0.0000,0.0000,1000.00,,16,T,,0,6000,,T,B,0.00,0,,,0,N,,Y,Y,N,Y,Y,N,Y,N,N,N,N,N,N,N,N,N,N,N,N,N,N,,INTEREST-SENSITIVE WHOLE LIFE,,,,,,0,,NAPLAN,,
265PUA,665,PAID UP ADDS - STATESMAN MOD ENDOW AT 95,1,B,,,0.00,22,0.00,4,4,00,50,T,00,95,00,95,100.0000,52.0025,26.4963,9.0001,9.0001,0.0000,0.0000,0.0000,0.0000,0.0000,1000.00,,03,T,,0,99,,T,B,0.00,0,,,A,N,,Y,N,N,N,Y,N,N,N,N,N,N,N,N,N,N,N,N,N,N,N,N,,PAID UP ADDS - STATESMAN MOD ENDOW AT 95,,,,,,0,,NAPLAN,,
2665ST,665,STATESMAN MOD ENDOW AT 95,1,B,,,5.00,A,0.00,2,4,00,50,T,00,95,00,95,100.0000,52.0025,26.4963,9.0001,9.0001,0.0000,0.0000,0.0000,0.0000,0.0000,1000.00,,03,T,,1,10,,T,B,0.00,0,,,0,N,,Y,N,N,N,Y,N,N,N,N,N,N,N,N,N,N,N,N,N,N,N,N,,STATESMAN MOD ENDOW AT 95,,,,,,0,,NAPLAN,,
1666WL,666,MULTIPLE INSUREDS WHOLE LIFE,1,B,,,5.00,A,0.00,4,4,00,75,T,100,00,100,00,100.0000,52.0056,26.5077,9.0042,9.0042,0.0000,0.0000,0.0000,0.0000,0.0000,1000.00,,03,T,,1000,10000000,,T,B,0.00,0,,,0,N,,Y,N,N,N,Y,N,N,N,N,N,N,N,N,N,N,N,N,N,N,N,N,,MULTIPLE INSUREDS WHOLE LIFE,,,,,,0,,NAPLAN,,
5667AT,667,ANNUAL RENEWABLE TERM,1,B,,,0.00,22,0.00,4,4,00,75,T,00,100,00,100,100.0000,52.5000,27.0000,9.2002,8.8007,0.0000,0.0000,0.0000,0.0000,0.0000,1000.00,,07,T,,5000,10000000,,T,B,0.00,0,,,A,N,,Y,N,N,N,N,N,Y,N,N,N,N,Y,N,N,N,N,N,N,N,N,N,,ANNUAL RENEWABLE TERM,,,,,,0,,NAPLAN,,
57ATCR,667,ART PREFERRED CREDIT LIFE,1,B,,,0.00,22,0.00,4,4,00,75,T,00,100,00,100,100.0000,52.5000,27.0000,9.2002,8.8007,0.0000,0.0000,0.0000,0.0000,0.0000,1000.00,,07,T,,5000,10000000,,T,B,0.00,0,,,A,N,,N,N,N,N,N,N,N,N,N,N,N,N,N,N,N,N,N,N,N,N,N,,ART PREFERRED CREDIT LIFE,,,,,,0,,NAPLAN,,
1668SP,668,SINGLE PREMIUM WHOLE LIFE,0,B,,G,7.40,A,0.00,4,4,01,85,T,00,00,00,100,100.0000,52.5017,27.0007,9.1997,8.7966,0.0000,0.0000,0.0000,0.0000,0.0000,1000.00,,11,T,,1000,1000000,,T,B,0.00,0,,,0,N,,Y,N,N,Y,Y,N,N,N,N,Y,N,N,N,N,N,N,N,N,N,N,N,,SINGLE PREMIUM WHOLE LIFE,,,,,,0,,NAPLAN,,
1669SR,659,INTEREST-SENSITIVE WHOLE LIFE,0,B,,A,0.00,22,0.00,4,4,50,85,T,00,100,00,100,100.0000,52.5017,27.0007,9.1997,8.7966,0.0000,0.0000,0.0000,0.0000,0.0000,1000.00,,16,T,,0,99,,T,B,0.00,0,,,0,N,,Y,Y,N,Y,Y,N,Y,N,N,Y,N,N,N,N,N,N,N,N,N,N,N,,INTEREST-SENSITIVE WHOLE LIFE,,,,,,0,,NAPLAN,,
170858,960,LIFE PAID UP AT 85/88,1,B,,,5.00,A,0.00,4,4,00,70,T,00,88,00,100,100.0000,52.0000,26.5000,9.0000,8.3333,0.0000,0.0000,0.0000,0.0000,0.0000,1000.00,,03,T,,2,50,,T,B,0.00,0,,,0,N,,Y,N,N,Y,Y,Y,N,N,N,N,N,N,N,N,N,N,N,N,N,N,N,,LIFE PAID UP AT 85/88,,,,,,0,,NAPLAN,,
170588,960,LIFE PAID UP AT 85/88,1,B,,,0.00,22,0.00,4,4,00,70,T,00,88,00,100,100.0000,52.0000,26.5000,9.0000,8.3333,0.0000,0.0000,0.0000,0.0000,0.0000,1000.00,,03,T,,0,99,,T,B,0.00,0,,,0,N,,Y,N,N,Y,Y,Y,N,N,N,N,N,N,N,N,N,N,N,N,N,N,N,,LIFE PAID UP AT 85/88,,,,,,0,,NAPLAN,,
17085M,960,LIFE PAID UP AT 85/88,1,B,,,5.00,A,0.00,4,4,00,70,T,00,85,00,100,100.0000,52.0000,26.5000,9.0000,8.3333,0.0000,0.0000,0.0000,0.0000,0.0000,1000.00,,03,T,,2,50,,T,B,0.00,0,,,0,N,,Y,Y,N,Y,Y,Y,N,N,N,N,N,N,N,N,N,N,N,N,N,N,N,,LIFE PAID UP AT 85/88,,,,,,0,,NAPLAN,,
170PUA,960,PAID UP ADDS - LIFE PAID UP AT 85/88,1,B,,,0.00,22,0.00,4,4,00,70,T,00,88,00,100,100.0000,52.0000,26.5000,9.0000,8.3333,0.0000,0.0000,0.0000,0.0000,0.0000,1000.00,,03,T,,0,99,,T,B,0.00,0,,,A,N,,Y,N,N,Y,Y,N,N,N,N,N,N,N,N,N,N,N,N,N,N,N,N,,PAID UP ADDS - LIFE PAID UP AT 85/88,,,,,,0,,NAPLAN,,
1679CS,679,INTEREST-SENSITIVE WHOLE LIFE,0,B,,A,7.40,A,0.00,4,4,00,65,T,00,100,00,100,100.0000,52.5017,27.0007,9.1997,8.7966,0.0000,0.0000,0.0000,0.0000,0.0000,1000.00,,06,T,,0,100000,,T,B,0.00,0,,,0,N,,Y,Y,N,N,Y,N,N,N,N,Y,N,N,N,N,N,N,N,N,N,N,N,,INTEREST-SENSITIVE WHOLE LIFE,,,,,,0,,NAPLAN,,
7686S3,686,DECREASING TERM LIFE,0,B,,,0.00,22,0.00,1,4,20,65,T,30,00,30,00,100.0000,52.5017,27.0007,9.1997,8.7966,0.0000,0.0000,0.0000,0.0000,0.0000,1000.00,,07,T,,25000,1000000,,T,B,0.00,0,,,A,N,,Y,N,N,N,Y,N,N,N,N,Y,N,N,N,N,N,N,N,N,N,N,N,,DECREASING TERM LIFE,,,,,,0,,NAPLAN,,
7687J3,687,JOINT DECREASING TERM LIFE,0,J,,,0.00,22,0.00,4,4,20,65,T,30,00,30,00,100.0000,52.5017,27.0007,9.1997,8.7966,0.0000,0.0000,0.0000,0.0000,0.0000,1000.00,,07,T,,25000,1000000,,T,B,0.00,0,,,A,N,,Y,Y,N,N,Y,N,Y,N,N,N,N,Y,N,N,N,N,N,N,N,N,N,,JOINT DECREASING TERM LIFE,,,,,,0,,NAPLAN,,
7690DT,690,DEC TERM TO 65 CONVERTIBLE,0,B,,,0.00,22,0.00,3,4,00,65,T,00,65,00,65,100.0000,51.9988,26.5028,9.0021,8.6957,0.0000,0.0000,0.0000,0.0000,0.0000,1000.00,,03,T,,1,2,,T,B,0.00,0,,,A,N,,Y,N,N,N,Y,N,N,N,N,N,N,N,N,N,N,N,N,N,N,N,N,,DEC TERM TO 65 CONVERTIBLE,,,,,,0,,NAPLAN,,
934SWP,8034,DISABILITY WAIVER OF PREMIUM 30MRG,1,B,,,0.00,22,0.00,4,4,18,59,T,00,60,00,60,100.0000,51.9988,26.5028,9.0021,8.6957,0.0000,0.0000,0.0000,0.0000,0.0000,1000.00,,07,T,,5000,10000000,,T,B,0.00,0,,,A,N,,Y,Y,N,N,N,N,Y,N,N,N,N,N,N,N,N,N,N,N,N,N,N,,DISABILITY WAIVER OF PREMIUM 30MRG,,,,,,0,,NAPLAN,,
934JWP,8034,DISABILITY WAIVER OF PREMIUM JOINT 30 MT,1,B,,,0.00,22,0.00,4,4,18,59,T,00,60,00,60,100.0000,51.9988,26.5028,9.0021,8.6957,0.0000,0.0000,0.0000,0.0000,0.0000,1000.00,,07,T,,5000,10000000,,T,B,0.00,0,,,A,N,,Y,N,N,N,N,N,Y,N,N,N,N,N,N,N,N,N,N,N,N,N,N,,DISABILITY WAIVER OF PREMIUM JOINT 30 MT,,,,,,0,,NAPLAN,,
542STR,8042,SPOUSE TERM RIDER,0,B,,,0.00,22,0.00,3,4,18,64,T,00,65,00,65,100.0000,52.5047,27.0032,9.1987,8.7971,0.0000,0.0000,0.0000,0.0000,0.0000,1000.00,,05,T,,1,20,,T,B,0.00,0,,,A,N,,Y,N,N,N,N,N,N,N,N,Y,N,N,N,N,N,N,N,N,N,N,N,,SPOUSE TERM RIDER,,,,,,0,,NAPLAN,,
9STRWP,NA,8042 STR WAIVER OF PREMIUM,0,B,,,0.00,22,0.00,4,4,18,64,T,00,65,00,65,100.0000,52.5000,27.0000,9.1999,8.8018,0.0000,0.0000,0.0000,0.0000,0.0000,1000.00,,10,T,,1,20,,T,B,0.00,0,,,A,N,,N,N,N,N,N,N,N,N,N,N,N,N,N,N,N,N,N,N,N,N,N,,8042 STR WAIVER OF PREMIUM,,,,,,0,,NAPLAN,,
543CTR,8043,DEPENDENT CHILD TERM RIDER,0,B,,,0.00,22,0.00,4,4,00,24,T,00,25,00,25,100.0000,52.5047,27.0032,9.1987,8.7971,0.0000,0.0000,0.0000,0.0000,0.0000,1000.00,,05,T,,1,5,,T,B,0.00,0,,,A,N,,Y,N,N,N,N,N,N,N,N,Y,N,N,N,N,N,N,N,N,N,N,N,,DEPENDENT CHILD TERM RIDER,,,,,,0,,NAPLAN,,
943CWP,NA,8043 CTR WAIVER OF PREMIUM,0,B,,,0.00,22,0.00,4,4,00,24,T,00,25,00,25,100.0000,51.9988,26.5028,9.0021,8.6957,0.0000,0.0000,0.0000,0.0000,0.0000,1000.00,,10,T,,1,5,,T,B,0.00,0,,,A,N,,N,N,N,N,N,N,N,N,N,N,N,N,N,N,N,N,N,N,N,N,N,,8043 CTR WAIVER OF PREMIUM,,,,,,0,,NAPLAN,,
9JPO46,8046,JUVENILE FUTURE PURCHASE OPTION RIDER,0,B,,,0.00,22,0.00,4,4,00,21,T,00,40,00,40,100.0000,51.9988,26.5028,9.0021,8.6957,0.0000,0.0000,0.0000,0.0000,0.0000,1000.00,,05,T,,25000,25000,,T,B,0.00,0,,,A,N,,N,N,N,N,N,N,N,N,N,N,N,N,N,N,N,N,N,N,N,N,N,,JUVENILE FUTURE PURCHASE OPTION RIDER,,,,,,0,,NAPLAN,,
9L05WP,8115,DISABILITY WAIVER OF PREMIUM RIDER,0,B,,,0.00,22,0.00,4,4,18,59,T,00,60,00,60,100.0000,52.4993,26.9994,9.1999,8.7999,0.0000,0.0000,0.0000,0.0000,0.0000,1000.00,,08,T,,50000,1000000,,T,B,0.00,0,,,A,N,,Y,Y,N,N,N,N,Y,N,N,N,N,N,N,N,N,N,N,N,N,N,N,,DISABILITY WAIVER OF PREMIUM RIDER,,,,,,0,,NAPLAN,,
9L01WP,8115,DISABILITY WAIVER OF PREMIUM RIDER,0,B,,,0.00,22,0.00,4,4,18,59,T,00,60,00,60,100.0000,52.4993,26.9994,9.1999,8.7999,0.0000,0.0000,0.0000,0.0000,0.0000,1000.00,,08,T,,0,1000000,,T,B,0.00,0,,,A,N,,Y,Y,N,N,N,N,Y,N,N,N,N,N,N,N,N,N,N,N,N,N,N,,DISABILITY WAIVER OF PREMIUM RIDER,,,,,,0,,NAPLAN,,
560STR,826,PAID UP SPOUSE TERM RIDER,0,B,,,0.00,22,0.00,4,4,00,65,T,00,65,00,65,100.0000,51.9988,26.5022,9.0030,8.6960,0.0000,0.0000,0.0000,0.0000,0.0000,1000.00,,03,T,,1,10,,T,B,0.00,0,,,A,N,,N,N,N,N,N,N,N,N,N,N,N,N,N,N,N,N,N,N,N,N,N,,PAID UP SPOUSE TERM RIDER,,,,,,0,,NAPLAN,,
528CTR,828,CHILD'S TERM INSURANCE,1,B,,,0.00,22,0.00,4,4,00,17,T,00,60,00,60,100.0000,51.9988,26.5028,9.0021,8.6957,0.0000,0.0000,0.0000,0.0000,0.0000,1000.00,,03,T,,1,5,,T,B,0.00,0,,,A,N,,N,N,N,N,N,N,N,N,N,N,N,N,N,N,N,N,N,N,N,N,N,,CHILD'S TERM INSURANCE,,,,,,0,,NAPLAN,,
986JPO,8286,JUVENILE FUTURE PURCHASE OPTION,1,B,,,0.00,22,0.00,4,4,00,18,T,00,00,00,40,100.0000,50.0000,25.0035,8.3298,8.3298,0.0000,0.0000,0.0000,0.0000,0.0000,1000.00,,12,T,,0,99,,T,B,0.00,0,,,A,N,,F,0,0,,,,,,,,,,,,,,,,,,,,JUVENILE FUTURE PURCHASE OPTION,,,,,,0,,NAPLAN,,
982JPO,8286,JUVENILE FUTURE PURCHASE OPTION,1,B,,,0.00,22,0.00,4,4,00,18,T,00,00,00,40,100.0000,50.0000,25.0035,8.3298,8.3298,0.0000,0.0000,0.0000,0.0000,0.0000,1000.00,,12,T,,0,99,,T,B,0.00,0,,,A,N,,N,N,N,N,N,N,N,N,N,N,N,N,N,N,N,N,N,N,N,N,N,,JUVENILE FUTURE PURCHASE OPTION,,,,,,0,,NAPLAN,,
A60MIR,863,MONTHLY INCOME RIDER,1,B,,,0.00,22,0.00,2,4,15,55,T,00,65,00,65,100.0000,51.9988,26.5028,9.0021,8.6957,0.0000,0.0000,0.0000,0.0000,0.0000,1000.00,,03,T,,4,100,,T,B,0.00,0,,,A,N,,Y,Y,N,N,N,N,N,N,N,N,N,N,N,N,N,N,N,N,N,N,N,,MONTHLY INCOME RIDER,,,,,,0,,NAPLAN,,
960GIO,889,960 GUARANTEE INSURABILITY OPTION,1,B,,,0.00,22,0.00,4,4,00,37,T,00,40,00,40,100.0000,51.9988,26.5028,9.0021,8.6957,0.0000,0.0000,0.0000,0.0000,0.0000,1000.00,,03,T,,1,10,,T,B,0.00,0,,,A,N,,N,N,N,N,N,N,N,N,N,N,N,N,N,N,N,N,N,N,N,N,N,,960 GUARANTEE INSURABILITY OPTION,,,,,,0,,NAPLAN,,
A96DAR,896,DEPOSIT ANNUITY RIDER,1,B,,,0.00,22,0.00,4,4,00,50,T,00,65,00,65,100.0000,52.0025,26.4963,9.0001,9.0001,0.0000,0.0000,0.0000,0.0000,0.0000,1000.00,,03,T,,0,9999,,T,B,0.00,0,,,A,N,,N,N,N,N,N,N,N,N,N,N,N,N,N,N,N,N,N,N,N,N,N,,DEPOSIT ANNUITY RIDER,,,,,,0,,NAPLAN,,
1666AI,666,ADDITIONAL INSUREDS 666 WL,1,B,,,0.00,22,0.00,4,4,00,75,T,100,00,100,00,100.0000,52.0056,26.5077,9.0042,9.0042,0.0000,0.0000,0.0000,0.0000,0.0000,1000.00,,03,T,,1000,10000000,,T,B,0.00,0,,,A,N,,Y,N,N,N,Y,N,N,N,N,N,N,N,N,N,N,N,N,N,N,N,N,,ADDITIONAL INSUREDS 666 WL,,,,,,0,,NAPLAN,,
165PUA,960,PAID UP ADDS - LIFE PAID UP AT AGE 65,1,B,,,0.00,22,0.00,4,4,00,70,T,00,65,100,00,100.0000,52.0039,26.4956,9.0030,8.6960,0.0000,0.0000,0.0000,0.0000,0.0000,1000.00,,03,T,,0,99,,T,B,0.00,0,,,A,N,,N,N,N,N,N,N,N,N,N,N,N,N,N,N,N,N,N,N,N,N,N,,PAID UP ADDS - LIFE PAID UP AT AGE 65,,,,,,0,,NAPLAN,,
185PUA,960,PAID UP ADDS - LIFE PU AT AGE 85-88,1,B,,,0.00,22,0.00,4,4,00,70,T,00,88,00,100,100.0000,52.0039,26.4956,9.0030,8.6960,0.0000,0.0000,0.0000,0.0000,0.0000,1000.00,,03,T,,0,99,,T,B,0.00,0,,,A,N,,Y,N,N,Y,Y,N,N,N,N,N,N,N,N,N,N,N,N,N,N,N,N,,PAID UP ADDS - LIFE PU AT AGE 85-88,,,,,,0,,NAPLAN,,
196065,960,LIFE PAID UP AT AGE 65,1,B,,,5.00,A,0.00,4,4,00,70,T,00,65,100,00,100.0000,51.9988,26.5028,9.0021,8.6957,0.0000,0.0000,0.0000,0.0000,0.0000,1000.00,,03,T,,15,1000,,T,B,0.00,0,,,0,N,,Y,Y,N,N,Y,N,N,N,N,N,N,N,N,N,N,N,N,N,N,N,N,,LIFE PAID UP AT AGE 65,,,,,,0,,NAPLAN,,
196085,960,LIFE PAID UP AT AGE 85-88,1,B,,,5.00,A,0.00,4,4,00,70,T,00,85,00,100,100.0000,51.9988,26.5022,9.0030,8.6960,0.0000,0.0000,0.0000,0.0000,0.0000,1000.00,,03,T,,2,50,,T,B,0.00,0,,,0,N,,Y,Y,N,N,N,N,N,N,N,N,N,N,N,N,N,N,N,N,N,N,N,,LIFE PAID UP AT AGE 85-88,,,,,,0,,NAPLAN,,
1960OL,960,ORDINARY WHOLE LIFE,1,B,,,5.00,A,0.00,4,4,00,70,T,100,00,100,00,100.0000,52.0039,26.4956,9.0030,8.6960,0.0000,0.0000,0.0000,0.0000,0.0000,1000.00,,03,T,,2,1000,,T,B,0.00,0,,,0,N,,Y,Y,N,N,Y,N,N,N,N,N,N,N,N,N,N,N,N,N,N,N,N,,ORDINARY WHOLE LIFE,,,,,,0,,NAPLAN,,
1OLPUA,960,PAID UP ADDS - ORDINARY WHOLE LIFE,1,B,,,0.00,22,0.00,4,4,00,70,T,100,00,100,00,100.0000,52.0039,26.4956,9.0030,8.6960,0.0000,0.0000,0.0000,0.0000,0.0000,1000.00,,03,T,,0,99,,T,B,0.00,0,,,A,N,,N,N,N,N,N,N,N,N,N,N,N,N,N,N,N,N,N,N,N,N,N,,PAID UP ADDS - ORDINARY WHOLE LIFE,,,,,,0,,NAPLAN,,
1960PO,960,PREFERRED ORDINARY WHOLE LIFE,1,B,,,5.00,A,0.00,4,4,00,70,T,00,103,00,103,100.0000,52.0000,26.5000,9.0000,8.7019,0.0000,0.0000,0.0000,0.0000,0.0000,1000.00,,03,T,,5,1000,,T,B,0.00,0,,,0,N,,Y,Y,N,Y,Y,Y,N,N,N,N,N,N,N,N,N,N,N,N,N,N,N,,PREFERRED ORDINARY WHOLE LIFE,,,,,,0,,NAPLAN,,
1POPUA,960,PAID UP ADDS - PREF ORDINARY WHOLE LIFE,1,B,,,0.00,22,0.00,4,4,00,70,T,100,00,100,00,100.0000,52.0039,26.4956,9.0030,8.6960,0.0000,0.0000,0.0000,0.0000,0.0000,1000.00,,03,T,,0,99,,T,B,0.00,0,,,A,N,,Y,N,N,Y,N,N,N,N,N,N,N,N,N,N,N,N,N,N,N,N,N,,PAID UP ADDS - PREF ORDINARY WHOLE LIFE,,,,,,0,,NAPLAN,,
2961ME,961,MODIFIED ENDOWMENT AT 65,1,B,,,0.00,22,0.00,4,4,00,55,T,00,65,00,65,100.0000,51.9988,26.5028,9.0021,8.6957,0.0000,0.0000,0.0000,0.0000,0.0000,1000.00,,03,T,,1,10,,T,B,0.00,0,,,0,N,,Y,N,N,Y,Y,Y,N,N,N,N,N,N,N,N,N,N,N,N,N,N,N,,MODIFIED ENDOWMENT AT 65,,,,,,0,,NAPLAN,,
261PUA,961,PAID UP ADDS - MODIFIED ENDOWMENT AT 65,1,B,,,0.00,22,0.00,4,4,00,55,T,00,65,00,65,100.0000,51.9988,26.5028,9.0021,8.6957,0.0000,0.0000,0.0000,0.0000,0.0000,1000.00,,03,T,,0,99,,T,B,0.00,0,,,A,N,,Y,Y,N,Y,Y,Y,N,N,N,N,N,N,N,N,N,N,N,N,N,N,N,,PAID UP ADDS - MODIFIED ENDOWMENT AT 65,,,,,,0,,NAPLAN,,
1970JB,970,JUVENILE EST BUILD PU AT 85 LIFE,0,B,,,5.00,A,0.00,3,4,00,14,T,00,85,00,100,100.0000,51.9988,26.5028,9.0021,8.6957,0.0000,0.0000,0.0000,0.0000,0.0000,1000.00,,07,T,,1,1,,T,B,0.00,0,,,0,N,,Y,N,N,N,Y,N,N,N,N,N,N,N,N,N,N,N,N,N,N,N,N,,JUVENILE EST BUILD PU AT 85 LIFE,,,,,,0,,NAPLAN,,
1970PA,970,PAID UP ADDS - JUV EST BUILD PU AT 85,0,B,,,0.00,22,0.00,4,4,00,14,T,00,85,00,100,100.0000,51.9988,26.5028,9.0021,8.6957,0.0000,0.0000,0.0000,0.0000,0.0000,1000.00,,07,T,,0,99,,T,B,0.00,0,,,A,N,,N,N,N,N,N,N,N,N,N,N,N,N,N,N,N,N,N,N,N,N,N,,PAID UP ADDS - JUV EST BUILD PU AT 85,,,,,,0,,NAPLAN,,
280END,980,ENDOWMENT AT AGE 65,1,B,,,5.00,A,0.00,4,4,00,55,T,00,65,00,65,100.0000,51.9979,26.4995,9.0015,8.7113,0.0000,0.0000,0.0000,0.0000,0.0000,1000.00,,03,T,,2,100,,T,B,0.00,0,,,0,N,,Y,N,N,Y,Y,Y,N,N,N,N,N,N,N,N,N,N,N,N,N,N,N,,ENDOWMENT AT AGE 65,,,,,,0,,NAPLAN,,
280PUA,960,PAID UP ADDS - ENDOWMENT AT AGE 65,1,B,,,0.00,22,0.00,4,4,00,55,T,00,65,00,65,100.0000,51.9979,26.4995,9.0015,8.7113,0.0000,0.0000,0.0000,0.0000,0.0000,1000.00,,03,T,,0,99,,T,B,0.00,0,,,A,N,,Y,Y,N,Y,Y,Y,N,N,N,N,N,N,N,N,N,N,N,N,N,N,N,,PAID UP ADDS - ENDOWMENT AT AGE 65,,,,,,0,,NAPLAN,,
1991PL,991,PENSION WHOLE LIFE,0,B,,,0.00,22,0.00,4,4,15,78,T,00,103,00,103,100.0000,52.0039,26.4956,9.0030,8.6960,0.0000,0.0000,0.0000,0.0000,0.0000,1000.00,,03,T,,1,100,,T,B,0.00,0,,,0,N,,Y,N,N,Y,Y,Y,N,N,N,N,N,N,N,N,N,N,N,N,N,N,N,,PENSION WHOLE LIFE,,,,,,0,,NAPLAN,,
9DIS20,,"HOME OFFICE DISCOUNT 20% 1YR, 21.5% 2-10",0,B,,,0.00,22,0.00,4,4,00,85,T,100,00,100,00,100.0000,52.5017,27.0007,9.1997,8.7966,0.0000,0.0000,0.0000,0.0000,0.0000,1000.00,,CF,T,,0,99,,T,B,0.00,0,,,A,N,,N,N,N,N,N,N,N,N,N,N,N,N,N,N,N,N,N,N,N,N,N,,"HOME OFFICE DISCOUNT 20% 1YR, 21.5% 2-10",,,,,,0,,NAPLAN,,
9DIS24,,HOME OFFICE DISCOUNT - 24.75%,0,B,,,0.00,22,0.00,4,4,00,100,T,100,00,100,00,100.0000,52.5017,27.0007,9.1997,8.7966,0.0000,0.0000,0.0000,0.0000,0.0000,1000.00,,CF,T,,1,1,,T,B,0.00,0,,,A,N,,N,N,N,N,N,N,N,N,N,N,N,N,N,N,N,N,N,N,N,N,N,,HOME OFFICE DISCOUNT - 24.75%,,,,,,0,,NAPLAN,,
9DS24B,,HOME OFFICE DISCOUNT - 24.75%,0,B,,,0.00,22,0.00,4,4,00,100,T,100,00,100,00,100.0000,52.5017,27.0007,9.1997,8.7966,0.0000,0.0000,0.0000,0.0000,0.0000,1000.00,,CF,T,,1,1,,T,B,0.00,0,,,A,N,,N,N,N,N,N,N,N,N,N,N,N,N,N,N,N,N,N,N,N,N,N,,HOME OFFICE DISCOUNT - 24.75%,,,,,,0,,NAPLAN,,
9DS24C,,HOME OFFICE DISCOUNT - 24.75%,0,B,,,0.00,22,0.00,4,4,00,100,T,100,00,100,00,100.0000,52.5017,27.0007,9.1997,8.7966,0.0000,0.0000,0.0000,0.0000,0.0000,1000.00,,CF,T,,0,99,,T,B,0.00,0,,,A,N,,N,N,N,N,N,N,N,N,N,N,N,N,N,N,N,N,N,N,N,N,N,,HOME OFFICE DISCOUNT - 24.75%,,,,,,0,,NAPLAN,,
9DIS25,,"HOME OFFICE DISCOUNT - 25%-10YR, 10%-99",0,B,,,0.00,22,0.00,4,4,00,100,T,116,00,116,00,100.0000,52.5017,27.0007,9.1997,8.7966,0.0000,0.0000,0.0000,0.0000,0.0000,1000.00,,CF,T,,0,99,,T,B,0.00,0,,,A,N,,N,N,N,N,N,N,N,N,N,N,N,N,N,N,N,N,N,N,N,N,N,,"HOME OFFICE DISCOUNT - 25%-10YR, 10%-99",,,,,,0,,NAPLAN,,
9DIS29,,HOME OFFICE DISCOUNT 29% - MODERULE 37,0,B,,,0.00,22,0.00,4,4,45,85,T,10,00,10,00,100.0000,52.5017,27.0007,9.1997,8.7966,0.0000,0.0000,0.0000,0.0000,0.0000,1000.00,,CF,T,,1,1,,T,B,0.00,0,,,A,N,,N,N,N,N,N,N,N,N,N,N,N,N,N,N,N,N,N,N,N,N,N,,HOME OFFICE DISCOUNT 29% - MODERULE 37,,,,,,0,,NAPLAN,,
9DIS70,,HOME OFFICE DISCOUNT - 70/13%,0,B,,,0.00,22,0.00,4,4,00,100,T,100,00,100,00,100.0000,52.5017,27.0007,9.1997,8.7966,0.0000,0.0000,0.0000,0.0000,0.0000,1000.00,,CF,T,,1,1,,T,B,0.00,0,,,A,N,,N,N,N,N,N,N,N,N,N,N,N,N,N,N,N,N,N,N,N,N,N,,HOME OFFICE DISCOUNT - 70/13%,,,,,,0,,NAPLAN,,
9DIS80,,"HOME OFFICE DISCOUNT 80% 1 YR, 10% 2-10",0,B,,,0.00,22,0.00,4,4,00,85,T,100,00,100,00,100.0000,52.5017,27.0007,9.1997,8.7966,0.0000,0.0000,0.0000,0.0000,0.0000,1000.00,,CF,T,,0,99,,T,B,0.00,0,,,A,N,,N,N,N,N,N,N,N,N,N,N,N,N,N,N,N,N,N,N,N,N,N,,"HOME OFFICE DISCOUNT 80% 1 YR, 10% 2-10",,,,,,0,,NAPLAN,,
9DIS90,,"HOME OFFICE DISCOUNT 90% 1 YR, 10%, 5%",0,B,,,0.00,22,0.00,4,4,00,85,T,100,00,100,00,100.0000,52.5017,27.0007,9.1997,8.7966,0.0000,0.0000,0.0000,0.0000,0.0000,1000.00,,CF,T,,0,99,,T,B,0.00,0,,,A,N,,N,N,N,N,N,N,N,N,N,N,N,N,N,N,N,N,N,N,N,N,N,,"HOME OFFICE DISCOUNT 90% 1 YR, 10%, 5%",,,,,,0,,NAPLAN,,
5L0110,L10,TEN YEAR LEVEL TERM TO AGE 95,1,B,,,0.00,22,0.00,4,4,00,85,T,00,95,00,95,100.0000,52.4993,26.9994,9.1999,8.7999,0.0000,0.0000,0.0000,0.0000,0.0000,1000.00,,08,T,,25000,1000000,,T,B,0.00,0,,,A,N,,Y,Y,N,N,N,N,Y,N,N,N,N,Y,N,N,N,N,N,N,N,N,N,,TEN YEAR LEVEL TERM TO AGE 95,,,,,,0,,NAPLAN,,
5L01MA,L10,TEN YEAR LEVEL TERM TO AGE 95,1,B,,,0.00,22,0.00,4,4,00,85,T,00,95,00,95,100.0000,52.4993,26.9994,9.1999,8.7999,0.0000,0.0000,0.0000,0.0000,0.0000,1000.00,,08,T,,25000,1000000,,T,B,0.00,0,,,A,N,,Y,N,N,N,Y,N,N,N,N,N,N,Y,N,N,N,N,N,N,N,N,N,,TEN YEAR LEVEL TERM TO AGE 95,,,,,,0,,NAPLAN,,
5L0510,L05,TEN YEAR TERM TO AGE 85,1,B,,,0.00,22,0.00,4,4,00,85,T,00,85,00,85,100.0000,52.5000,27.0000,9.2000,8.8002,0.0000,0.0000,0.0000,0.0000,0.0000,1000.00,,08,T,,0,99,,T,B,0.00,0,,,A,N,,Y,Y,N,N,N,N,Y,N,N,N,N,Y,N,N,N,N,N,N,N,N,N,,TEN YEAR TERM TO AGE 85,,,,,,0,,NAPLAN,,
5L075Y,L07,FIVE YEAR TERM TO AGE 85,1,B,,,0.00,22,0.00,4,4,00,85,T,00,85,00,85,100.0000,52.5000,27.0000,9.1998,9.1998,0.0000,0.0000,0.0000,0.0000,0.0000,1000.00,,08,T,,50000,1000000,,T,B,0.00,0,,,A,N,,Y,Y,N,N,N,N,Y,N,N,N,N,Y,N,N,N,N,N,N,N,N,N,,FIVE YEAR TERM TO AGE 85,,,,,,0,,NAPLAN,,
9ADB10,8140,L10 ACCIDENTAL DEATH BENEFIT,0,B,,,0.00,22,0.00,4,4,19,60,T,00,65,00,65,100.0000,50.0000,25.0035,8.3298,8.3298,0.0000,0.0000,0.0000,0.0000,0.0000,1000.00,,12,T,,10000,150000,,T,B,0.00,0,,,A,N,,N,N,N,N,N,N,N,N,N,N,N,N,N,N,N,N,N,N,N,N,N,,L10 ACCIDENTAL DEATH BENEFIT,,,,,,0,,NAPLAN,,
5CDT10,8142,L10 CHILD TERM RIDER,0,B,,,0.00,22,0.00,4,4,00,25,T,00,25,00,25,100.0000,50.0000,25.0035,8.3298,8.3298,0.0000,0.0000,0.0000,0.0000,0.0000,1000.00,,03,T,,1,5,,T,B,0.00,0,,,A,N,,Y,N,N,N,Y,N,N,N,N,Y,N,N,N,N,N,N,N,N,N,N,N,,L10 CHILD TERM RIDER,,,,,,0,,NAPLAN,,
9GPO10,8143,L10 GPO OLD,0,B,,,0.00,22,0.00,4,4,00,40,T,08,00,08,00,100.0000,50.0000,25.0035,8.3298,8.3298,0.0000,0.0000,0.0000,0.0000,0.0000,1000.00,,12,T,,1000,100000,,T,B,0.00,0,,,A,N,,N,N,N,N,N,N,N,N,N,N,N,N,N,N,N,N,N,N,N,N,N,,L10 GPO OLD,,,,,,0,,NAPLAN,,
9JPO10,8144,L10 JUVENILE PURCHASE OPTION - OLD,0,B,,,0.00,22,0.00,4,4,00,18,T,00,40,00,40,100.0000,50.0000,25.0035,8.3298,8.3298,0.0000,0.0000,0.0000,0.0000,0.0000,1000.00,,12,T,,1000,25000,,T,B,0.00,0,,,A,N,,Y,N,N,N,N,N,Y,N,N,N,N,N,N,N,N,N,N,N,N,N,N,,L10 JUVENILE PURCHASE OPTION - OLD,,,,,,0,,NAPLAN,,
1L1095,L10,L10 - LPU95     POST 1997 LIFE,1,B,,C,7.40,A,0.00,4,4,00,85,T,00,95,100,00,100.0000,50.0000,25.0035,8.3298,8.3298,0.0000,0.0000,0.0000,0.0000,0.0000,1000.00,,12,T,,0,0,,T,B,0.00,0,,,0,N,,Y,Y,N,Y,Y,N,Y,N,Y,Y,N,Y,N,N,N,N,N,N,N,N,N,,L10 - LPU95     POST 1997 LIFE,,,,,,0,,NAPLAN,,
1L10SR,L10,L10 - LPU95   POST 1997  SENIOR LIFE,1,B,,C,7.40,A,0.00,4,4,50,85,T,00,95,100,00,100.0000,50.0000,25.0000,8.3333,8.3333,0.0000,0.0000,0.0000,0.0000,0.0000,1000.00,,13,T,,3000,25000,,T,B,0.00,0,,,0,N,,Y,Y,N,Y,Y,N,Y,N,Y,N,N,Y,N,N,N,N,N,N,N,N,N,,L10 - LPU95   POST 1997  SENIOR LIFE,,,,,,0,,NAPLAN,,
1L10OD,L10,L10 - LPU95       PRE 1997,1,B,,C,7.40,A,0.00,4,4,00,85,T,00,95,100,00,100.0000,50.0000,25.0000,8.3345,8.3345,0.0000,0.0000,0.0000,0.0000,0.0000,1000.00,,12,T,,0,99,,T,B,0.00,0,,,0,N,,Y,Y,N,Y,Y,N,Y,N,Y,Y,N,Y,N,N,N,N,N,N,N,N,N,,L10 - LPU95       PRE 1997,,,,,,0,,NAPLAN,,
1L10PR,L10 UNI,L10 - LPU95       PRE 1997,1,B,,C,0.00,22,0.00,4,4,00,85,T,00,95,00,100,100.0000,50.0000,25.0035,8.3298,8.3298,0.0000,0.0000,0.0000,0.0000,0.0000,1000.00,,12,T,,0,99,,T,B,0.00,0,,,0,N,,Y,N,N,N,Y,N,Y,N,Y,Y,N,Y,N,N,N,N,N,N,N,N,N,,L10 - LPU95       PRE 1997,,,,,,0,,NAPLAN,,
7SDT10,8141,L10 SPOUSE DECREASING TERM,0,B,,,0.00,22,0.00,4,4,18,55,T,00,65,00,65,100.0000,50.0000,25.0035,8.3298,8.3298,0.0000,0.0000,0.0000,0.0000,0.0000,1000.00,,03,T,,1,20,,T,B,0.00,0,,,A,N,,Y,N,N,N,Y,N,N,N,N,Y,N,N,N,N,N,N,N,N,N,N,N,,L10 SPOUSE DECREASING TERM,,,,,,0,,NAPLAN,,
910SWP,8139,L10 SPOUSE WP,0,B,,,0.00,22,0.00,4,4,18,55,T,00,64,00,64,100.0000,50.0000,25.0035,8.3298,8.3298,0.0000,0.0000,0.0000,0.0000,0.0000,1000.00,,12,T,,1,20,,T,B,0.00,0,,,A,N,,N,N,N,N,N,N,N,N,N,N,N,N,N,N,N,N,N,N,N,N,N,,L10 SPOUSE WP,,,,,,0,,NAPLAN,,
1L10SO,L10,L10 - LPU95  SR.     PRE 1997,1,B,,C,7.40,A,0.00,4,4,50,85,T,00,95,00,100,100.0000,50.0000,25.0016,8.3328,8.3328,0.0000,0.0000,0.0000,0.0000,0.0000,1000.00,,13,T,,3000,20000,,T,B,0.00,0,,,0,N,,Y,Y,N,Y,Y,N,Y,N,Y,Y,N,Y,N,N,N,N,N,N,N,N,N,,L10 - LPU95  SR.     PRE 1997,,,,,,0,,NAPLAN,,
9WPL10,8139,L10 WAIVER OF PREMIUM   POST 1997,0,B,,,0.00,22,0.00,4,4,19,55,T,00,60,00,60,100.0000,50.0000,25.0035,8.3298,8.3298,0.0000,0.0000,0.0000,0.0000,0.0000,1000.00,,12,T,,3000,999999999,,T,B,0.00,0,,,A,N,,Y,Y,N,N,N,N,Y,N,N,N,N,Y,N,N,N,N,N,N,N,N,N,,L10 WAIVER OF PREMIUM   POST 1997,,,,,,0,,NAPLAN,,
9CDTWP,8139,L10 CHILD WP,0,B,,,0.00,22,0.00,4,4,00,25,T,00,25,00,25,100.0000,50.0000,25.0035,8.3298,8.3298,0.0000,0.0000,0.0000,0.0000,0.0000,1000.00,,12,T,,1,5,,T,B,0.00,0,,,A,N,,N,N,N,N,N,N,N,N,N,N,N,N,N,N,N,N,N,N,N,N,N,,L10 CHILD WP,,,,,,0,,NAPLAN,,
9OLDWP,8139,WAIVER OF PREMIUM - L10,0,B,,,0.00,22,0.00,4,4,19,55,T,00,60,00,60,100.0000,50.0000,25.0035,8.3298,8.3298,0.0000,0.0000,0.0000,0.0000,0.0000,1000.00,,12,T,,0,99,,T,B,0.00,0,,,A,N,,Y,Y,N,N,N,N,Y,N,N,N,N,Y,N,N,N,N,N,N,N,N,N,,WAIVER OF PREMIUM - L10,,,,,,0,,NAPLAN,,
910RWP,8139,L10 WAIVER OF PREMIUM   POST 1997,0,B,,,0.00,22,0.00,4,4,19,55,T,00,60,00,60,100.0000,50.0000,25.0035,8.3298,8.3298,0.0000,0.0000,0.0000,0.0000,0.0000,1000.00,,13,T,,3000,999999999,,T,B,0.00,0,,,A,N,,Y,Y,N,N,N,N,N,N,N,N,N,N,N,N,N,N,N,N,N,N,N,,L10 WAIVER OF PREMIUM   POST 1997,,,,,,0,,NAPLAN,,
1L14SC,L14,WHOLE LIFE,1,B,,C,7.40,A,0.00,4,4,45,85,T,00,100,00,100,100.0000,50.0000,25.0000,8.3333,8.3333,0.0000,0.0000,0.0000,0.0000,0.0000,1000.00,,13,T,,0,0,,T,B,0.00,0,,,0,N,,Y,Y,N,Y,Y,N,N,N,N,N,N,N,N,N,N,N,N,N,N,N,N,,WHOLE LIFE,,,,,,0,,NAPLAN,,
1L15GD,L15,"GRADED DEATH BENEFIT, WHOLE LIFE",1,B,,C,7.40,A,0.00,4,4,45,85,T,00,100,00,100,100.0000,50.0000,25.0000,8.3333,8.3333,0.0000,0.0000,0.0000,0.0000,0.0000,1000.00,,13,T,,0,99,,T,B,0.00,0,,,0,N,,Y,N,N,Y,Y,N,N,N,N,N,N,N,N,N,N,N,N,N,N,N,N,,"GRADED DEATH BENEFIT, WHOLE LIFE",,,,,,0,,NAPLAN,,
9ADB15,L15 INHER,INHERENT ACCIDENTAL DEATH (3 YR) FOR L15,1,B,,,0.00,22,0.00,4,4,45,85,T,03,00,03,00,100.0000,50.0000,25.0035,8.3298,8.3298,0.0000,0.0000,0.0000,0.0000,0.0000,1000.00,,13,T,,5000,25000,,T,B,0.00,0,,,A,N,,F,0,0,,,,,,,,,,,,,,,,,,,,INHERENT ACCIDENTAL DEATH (3 YR) FOR L15,,,,,,0,,NAPLAN,,
1L16GD,L16,"GRADED DEATH BENEFIT, WHOLE LIFE",1,B,,C,0.00,22,0.00,2,4,50,70,T,00,100,00,100,100.0000,50.0000,25.0035,8.3298,8.3298,0.0000,0.0000,0.0000,0.0000,0.0000,1000.00,,13,T,,0,99,,T,B,0.00,0,,,0,N,,Y,Y,Y,Y,Y,N,N,N,N,N,N,N,N,N,N,N,N,N,N,N,N,,"GRADED DEATH BENEFIT, WHOLE LIFE",,,,,,0,,NAPLAN,,
9L16PF,L16 INHER,"GRADED DEATH BENEFIT, WHOLE LIFE",1,B,,,0.00,22,0.00,1,4,50,70,T,02,00,02,00,100.0000,50.0000,25.0035,8.3298,8.3298,0.0000,0.0000,0.0000,0.0000,0.0000,1000.00,,13,T,,0,99,,T,B,0.00,0,,,A,N,,Y,N,Y,N,N,N,N,N,N,N,N,N,N,N,N,N,N,N,N,N,N,,"GRADED DEATH BENEFIT, WHOLE LIFE",,,,,,0,,NAPLAN,,
10L171,L17,SINGLE PREMIUM WHOLE LIFE,1,B,,C,0.00,22,0.00,4,4,00,18,T,00,00,00,100,100.0000,50.0000,25.0035,8.3298,8.3298,0.0000,0.0000,0.0000,0.0000,0.0000,1000.00,,12,T,,0,99,,T,B,0.00,0,,,0,N,,F,0,0,,,,,,,,,,,,,,,,,,,,SINGLE PREMIUM WHOLE LIFE,,,,,,0,,NAPLAN,,
117JPO,L17,SINGLE PREMIUM WHOLE LIFE,1,B,,C,0.00,22,0.00,4,4,00,18,T,00,00,00,100,100.0000,50.0000,25.0035,8.3298,8.3298,0.0000,0.0000,0.0000,0.0000,0.0000,1000.00,,12,T,,0,99,,T,B,0.00,0,,,0,N,,F,0,0,,,,,,,,,,,,,,,,,,,,SINGLE PREMIUM WHOLE LIFE,,,,,,0,,NAPLAN,,
10L172,L17,SINGLE PREMIUM WHOLE LIFE,1,B,,C,0.00,22,0.00,4,4,00,18,T,00,00,00,100,100.0000,50.0000,25.0035,8.3298,8.3298,0.0000,0.0000,0.0000,0.0000,0.0000,1000.00,,12,T,,0,99,,T,B,0.00,0,,,0,N,,F,0,0,,,,,,,,,,,,,,,,,,,,SINGLE PREMIUM WHOLE LIFE,,,,,,0,,NAPLAN,,
17MJPO,L17,SINGLE PREMIUM WHOLE LIFE,1,B,,C,0.00,22,0.00,4,4,00,18,T,00,00,00,100,100.0000,50.0000,25.0035,8.3298,8.3298,0.0000,0.0000,0.0000,0.0000,0.0000,1000.00,,12,T,,0,99,,T,B,0.00,0,,,0,N,,Y,Y,N,N,N,N,N,N,N,N,N,Y,N,N,N,N,N,N,N,N,N,,SINGLE PREMIUM WHOLE LIFE,,,,,,0,,NAPLAN,,
1L17SP,L17,"SINGLE PREMIUM, WHOLE LIFE",1,B,,C,0.00,22,0.00,4,4,00,18,T,00,00,00,100,100.0000,50.0000,25.0035,8.3298,8.3298,0.0000,0.0000,0.0000,0.0000,0.0000,1000.00,,12,T,,0,99,,T,B,0.00,0,,,0,N,,Y,Y,N,N,N,N,N,N,N,N,N,Y,N,N,N,N,N,N,N,N,N,,"SINGLE PREMIUM, WHOLE LIFE",,,,,,0,,NAPLAN,,
9SLADB,SAL ADB,SAL ACCIDENTAL DEATH BENEFIT,0,B,,,0.00,22,0.00,4,4,00,75,T,100,00,100,00,100.0000,62.8866,37.8866,12.8866,12.8866,0.0000,0.0000,0.0000,0.0000,0.0000,1000.00,,70,T,,0,10000,,T,B,0.00,0,,,A,N,,N,N,N,N,N,N,N,N,N,N,N,N,N,N,N,N,N,N,N,N,N,,SAL ACCIDENTAL DEATH BENEFIT,,,,,,0,,NAPLAN,,
1SALML,SAL ML,MODIFIED LIFE,1,B,,4,0.00,22,0.00,4,4,00,75,T,100,00,100,00,100.0000,62.8866,37.8866,12.8866,12.8866,0.0000,0.0000,0.0000,0.0000,0.0000,1000.00,,70,T,,1,10000,,T,B,0.00,0,,,0,N,,Y,Y,N,N,N,N,N,N,N,N,N,N,N,N,N,N,N,N,N,N,N,,MODIFIED LIFE,,,,,,0,,NAPLAN,,
1SALMI,SAL ML,MULTIPLE INSUREDS SAL MODIFIED LIFE,1,B,,,0.00,22,0.00,4,4,00,75,T,100,00,100,00,100.0000,62.8866,37.8866,12.8866,12.8866,0.0000,0.0000,0.0000,0.0000,0.0000,1000.00,,70,T,,0,10000,,T,B,0.00,0,,,A,N,,N,N,N,N,N,N,N,N,N,N,N,N,N,N,N,N,N,N,N,N,N,,MULTIPLE INSUREDS SAL MODIFIED LIFE,,,,,,0,,NAPLAN,,
1SALOL,,ORDINARY WHOLE LIFE,1,B,,4,0.00,22,0.00,4,4,00,75,T,100,00,100,00,100.0000,54.9603,29.9603,4.9603,4.9603,0.0000,0.0000,0.0000,0.0000,0.0000,1000.00,,70,T,,2,1000,,T,B,0.00,0,,,0,N,,Y,Y,N,N,N,N,N,N,N,N,N,N,N,N,N,N,N,N,N,N,N,,ORDINARY WHOLE LIFE,,,,,,0,,NAPLAN,,
9WP646,0823,WAIVER OF PREMIUM,1,B,,,0.00,22,0.00,4,4,20,60,T,00,69,00,69,100.0000,50.0000,25.0035,8.3298,8.3298,0.0000,0.0000,0.0000,0.0000,0.0000,1000.00,,03,T,,1,200,,T,B,0.00,0,,,A,N,,N,N,N,N,N,N,N,N,N,N,N,N,N,N,N,N,N,N,N,N,N,,WAIVER OF PREMIUM,,,,,,0,,NAPLAN,,
