CHANGE,MPOLICY
REMOVED_FROM_EMIT,010381745C
REMOVED_FROM_EMIT,010391876C
REMOVED_FROM_EMIT,010393181C
REMOVED_FROM_EMIT,010404602C
REMOVED_FROM_EMIT,010425942C
REMOVED_FROM_EMIT,010426657C
REMOVED_FROM_EMIT,010438938C
REMOVED_FROM_EMIT,010456751C
REMOVED_FROM_EMIT,010458663C
REMOVED_FROM_EMIT,010510671C
REMOVED_FROM_EMIT,010525250C
REMOVED_FROM_EMIT,010736035C
REMOVED_FROM_EMIT,010749053C
REMOVED_FROM_EMIT,010763063C
REMOVED_FROM_EMIT,010776653C
REMOVED_FROM_EMIT,010789547C
REMOVED_FROM_EMIT,010813414C
REMOVED_FROM_EMIT,010815523C
REMOVED_FROM_EMIT,010834414C
REMOVED_FROM_EMIT,010836265C
REMOVED_FROM_EMIT,010851847C
REMOVED_FROM_EMIT,010858099C
REMOVED_FROM_EMIT,010956145C
REMOVED_FROM_EMIT,011092549C
REMOVED_FROM_EMIT,011105385C
REMOVED_FROM_EMIT,011154752C
REMOVED_FROM_EMIT,011193692C
REMOVED_FROM_EMIT,011198926C
REMOVED_FROM_EMIT,011200008C
REMOVED_FROM_EMIT,011209469C
