QLA,CLASS,BEFORE_LEN,AFTER_LEN,DELTA_LEN,GAINED_BAUERLY_PATTERN,BEFORE_HAS_PNOTE,AFTER_HAS_PNOTE
010901832C,MEMOTEXT_CHANGED,2475,11192,8717,False,True,True
011089397C,MEMOTEXT_CHANGED,7802,14873,7071,False,True,True
010858435C,MEMOTEXT_CHANGED,15450,21228,5778,False,True,True
011189170C,MEMOTEXT_CHANGED,881,6372,5491,False,True,True
010985184C,MEMOTEXT_CHANGED,920,6090,5170,False,True,True
010858434C,MEMOTEXT_CHANGED,12828,17536,4708,False,True,True
010762558C,MEMOTEXT_CHANGED,1492,5119,3627,False,True,True
010803993C,MEMOTEXT_CHANGED,1656,5068,3412,False,True,True
011094544C,MEMOTEXT_CHANGED,865,3945,3080,False,True,True
010394662C,MEMOTEXT_CHANGED,1469,4233,2764,False,True,True
011248017C,MEMOTEXT_CHANGED,1014,3395,2381,False,True,True
011207733C,MEMOTEXT_CHANGED,1335,3570,2235,False,True,True
010398591C,MEMOTEXT_CHANGED,1076,3250,2174,False,True,True
011064372C,MEMOTEXT_CHANGED,1196,3352,2156,False,True,True
010402014C,MEMOTEXT_CHANGED,1054,3166,2112,False,True,True
010901657C,MEMOTEXT_CHANGED,6592,8681,2089,False,True,True
011159295C,MEMOTEXT_CHANGED,401,2414,2013,False,True,True
011152698C,MEMOTEXT_CHANGED,7232,9232,2000,False,True,True
010835891C,MEMOTEXT_CHANGED,735,2588,1853,False,True,True
010735781C,MEMOTEXT_CHANGED,1405,3181,1776,False,True,True
011200012C,MEMOTEXT_CHANGED,683,2392,1709,False,True,True
011195144C,MEMOTEXT_CHANGED,2260,3931,1671,False,True,True
011184467C,MEMOTEXT_CHANGED,4808,6417,1609,False,True,True
011075203C,MEMOTEXT_CHANGED,566,2174,1608,False,True,True
010875065C,MEMOTEXT_CHANGED,794,2365,1571,False,True,True
011210720C,MEMOTEXT_CHANGED,117,1649,1532,False,False,True
011083028C,MEMOTEXT_CHANGED,3743,5257,1514,False,True,True
011261439C,MEMOTEXT_CHANGED,1360,2871,1511,False,True,True
010735611C,MEMOTEXT_CHANGED,1250,2651,1401,False,True,True
010927989C,MEMOTEXT_CHANGED,1473,2870,1397,False,True,True
010750812C,MEMOTEXT_CHANGED,7081,8472,1391,False,True,True
011203311C,MEMOTEXT_CHANGED,153,1524,1371,False,True,True
010850533C,MEMOTEXT_CHANGED,314,1674,1360,False,False,True
011046268C,MEMOTEXT_CHANGED,2594,3925,1331,False,True,True
010458663C,MEMOTEXT_CHANGED,1227,2546,1319,False,True,True
011210089C,MEMOTEXT_CHANGED,300,1603,1303,False,False,True
010988454C,MEMOTEXT_CHANGED,2412,3667,1255,False,True,True
010928495C,MEMOTEXT_CHANGED,9691,10936,1245,False,True,True
011271084C,MEMOTEXT_CHANGED,1342,2586,1244,False,True,True
011199782C,MEMOTEXT_CHANGED,2857,4099,1242,False,False,True
010778519C,MEMOTEXT_CHANGED,458,1700,1242,False,False,True
010783269C,MEMOTEXT_CHANGED,3003,4243,1240,False,True,True
011207112C,MEMOTEXT_CHANGED,6796,7986,1190,False,True,True
011103728C,MEMOTEXT_CHANGED,207,1397,1190,False,True,True
010432120C,MEMOTEXT_CHANGED,119,1300,1181,False,False,True
01142D978C,MEMOTEXT_CHANGED,122,1290,1168,False,True,True
010463537C,MEMOTEXT_CHANGED,922,2088,1166,False,False,True
011174928C,MEMOTEXT_CHANGED,474,1617,1143,False,True,True
011113236C,MEMOTEXT_CHANGED,1705,2840,1135,False,True,True
011181920C,MEMOTEXT_CHANGED,7534,8658,1124,False,True,True
011190459C,MEMOTEXT_CHANGED,4371,5479,1108,False,True,True
010779552C,MEMOTEXT_CHANGED,2482,3574,1092,False,True,True
011225329C,MEMOTEXT_CHANGED,609,1681,1072,False,True,True
011181014C,MEMOTEXT_CHANGED,3735,4799,1064,False,True,True
010764812C,MEMOTEXT_CHANGED,1471,2523,1052,False,True,True
011205079C,MEMOTEXT_CHANGED,797,1836,1039,False,False,True
010928016C,MEMOTEXT_CHANGED,255,1250,995,False,False,True
010905677C,MEMOTEXT_CHANGED,428,1419,991,False,True,True
010870474C,MEMOTEXT_CHANGED,3166,4156,990,False,True,True
010774773C,MEMOTEXT_CHANGED,530,1510,980,False,False,True
010823866C,MEMOTEXT_CHANGED,765,1726,961,False,True,True
010983356C,MEMOTEXT_CHANGED,2773,3716,943,False,True,True
010797197C,MEMOTEXT_CHANGED,3345,4285,940,False,True,True
010958446C,MEMOTEXT_CHANGED,774,1709,935,False,True,True
010803660C,MEMOTEXT_CHANGED,514,1443,929,False,False,True
010797196C,MEMOTEXT_CHANGED,2172,3063,891,False,True,True
015000239C,MEMOTEXT_CHANGED,463,1341,878,False,True,True
010869804C,NEW_MEMOKEY,0,870,870,,,
010422417C,MEMOTEXT_CHANGED,1068,1931,863,False,False,True
011176240C,MEMOTEXT_CHANGED,923,1782,859,False,True,True
010939731C,MEMOTEXT_CHANGED,1907,2762,855,False,True,True
010776811C,MEMOTEXT_CHANGED,1635,2488,853,False,True,True
010860472C,MEMOTEXT_CHANGED,4614,5463,849,False,True,True
011057611C,MEMOTEXT_CHANGED,1102,1949,847,False,True,True
010815236C,MEMOTEXT_CHANGED,3695,4539,844,False,True,True
010491000C,MEMOTEXT_CHANGED,6129,6969,840,False,True,True
011194146C,MEMOTEXT_CHANGED,315,1151,836,False,True,True
011192106C,MEMOTEXT_CHANGED,714,1546,832,False,True,True
011207115C,MEMOTEXT_CHANGED,6535,7363,828,False,True,True
010780510C,MEMOTEXT_CHANGED,1245,2070,825,False,True,True
015000485C,MEMOTEXT_CHANGED,1132,1956,824,False,True,True
010788421C,MEMOTEXT_CHANGED,662,1478,816,False,True,True
010763006C,MEMOTEXT_CHANGED,1367,2171,804,False,True,True
011207114C,MEMOTEXT_CHANGED,6195,6980,785,False,False,True
010723388C,MEMOTEXT_CHANGED,3429,4208,779,False,True,True
010779197C,NEW_MEMOKEY,0,776,776,,,
010445074C,MEMOTEXT_CHANGED,702,1475,773,False,True,True
011162203C,MEMOTEXT_CHANGED,4817,5582,765,False,True,True
011201896C,MEMOTEXT_CHANGED,776,1535,759,False,True,True
011273881C,MEMOTEXT_CHANGED,117,873,756,False,False,True
010917603C,MEMOTEXT_CHANGED,5749,6504,755,False,True,True
010917604C,MEMOTEXT_CHANGED,5648,6401,753,False,True,True
011130781C,MEMOTEXT_CHANGED,1058,1803,745,False,False,True
010804711C,MEMOTEXT_CHANGED,166,908,742,False,False,True
010776027C,MEMOTEXT_CHANGED,3473,4211,738,False,True,True
01FG8801C,MEMOTEXT_CHANGED,695,1424,729,False,True,True
011195673C,MEMOTEXT_CHANGED,252,978,726,False,True,True
010886812C,MEMOTEXT_CHANGED,892,1614,722,False,True,True
011250566C,MEMOTEXT_CHANGED,4319,5033,714,False,True,True
011226273C,MEMOTEXT_CHANGED,6738,7450,712,False,True,True
011206562C,MEMOTEXT_CHANGED,495,1205,710,False,True,True
010448025C,MEMOTEXT_CHANGED,1633,2342,709,False,True,True
015000570C,MEMOTEXT_CHANGED,298,1002,704,False,False,True
011086178C,MEMOTEXT_CHANGED,755,1458,703,False,True,True
010889439C,MEMOTEXT_CHANGED,1163,1866,703,False,True,True
011213043C,MEMOTEXT_CHANGED,98,795,697,False,False,True
011237657C,MEMOTEXT_CHANGED,85,782,697,False,True,True
010776672C,MEMOTEXT_CHANGED,276,970,694,False,True,True
011148532C,MEMOTEXT_CHANGED,254,947,693,False,False,True
010785310C,NEW_MEMOKEY,0,689,689,,,
011253007C,MEMOTEXT_CHANGED,2688,3375,687,False,True,True
010768069C,MEMOTEXT_CHANGED,2643,3330,687,False,True,True
011140100C,MEMOTEXT_CHANGED,697,1384,687,False,False,True
010780668C,MEMOTEXT_CHANGED,3182,3862,680,False,True,True
011107863C,MEMOTEXT_CHANGED,296,973,677,False,True,True
010741943C,MEMOTEXT_CHANGED,5492,6165,673,False,True,True
010858489C,MEMOTEXT_CHANGED,3528,4197,669,False,True,True
011026337C,MEMOTEXT_CHANGED,257,926,669,False,True,True
010798517C,MEMOTEXT_CHANGED,175,844,669,False,False,True
01185D536C,MEMOTEXT_CHANGED,198,867,669,False,True,True
01ML8250C,MEMOTEXT_CHANGED,409,1078,669,False,True,True
010863334C,MEMOTEXT_CHANGED,533,1201,668,False,True,True
010840780C,MEMOTEXT_CHANGED,374,1037,663,False,True,True
010498260C,MEMOTEXT_CHANGED,669,1329,660,False,False,True
010382520C,MEMOTEXT_CHANGED,968,1611,643,False,True,True
011197220C,MEMOTEXT_CHANGED,4971,5614,643,False,True,True
011198532C,MEMOTEXT_CHANGED,2606,3246,640,False,True,True
011263511C,MEMOTEXT_CHANGED,279,919,640,False,False,True
011121984C,MEMOTEXT_CHANGED,602,1230,628,False,False,True
011125619C,MEMOTEXT_CHANGED,1283,1910,627,False,True,True
011191578C,MEMOTEXT_CHANGED,1118,1729,611,False,True,True
011141382C,MEMOTEXT_CHANGED,389,999,610,False,False,True
011226579C,MEMOTEXT_CHANGED,6978,7587,609,False,True,True
018163C,MEMOTEXT_CHANGED,581,1190,609,False,True,True
011038065C,MEMOTEXT_CHANGED,387,992,605,False,True,True
010786237C,MEMOTEXT_CHANGED,1102,1705,603,False,True,True
011090363C,MEMOTEXT_CHANGED,265,867,602,False,True,True
01ML4096C,MEMOTEXT_CHANGED,49,651,602,False,True,True
010824611C,MEMOTEXT_CHANGED,12761,13360,599,False,True,True
010796459C,MEMOTEXT_CHANGED,144,743,599,False,True,True
010783086C,NEW_MEMOKEY,0,597,597,,,
011195201C,MEMOTEXT_CHANGED,5393,5988,595,False,True,True
011224556C,MEMOTEXT_CHANGED,1010,1600,590,False,True,True
010816336C,MEMOTEXT_CHANGED,3401,3990,589,False,True,True
011068652C,MEMOTEXT_CHANGED,877,1463,586,False,False,True
010769221C,MEMOTEXT_CHANGED,160,743,583,False,True,True
014098AC,MEMOTEXT_CHANGED,117,700,583,False,False,True
010816337C,MEMOTEXT_CHANGED,4221,4804,583,False,True,True
010816969C,MEMOTEXT_CHANGED,909,1491,582,False,True,True
010733472C,MEMOTEXT_CHANGED,5466,6046,580,False,True,True
010872105C,MEMOTEXT_CHANGED,1998,2577,579,False,True,True
010806596C,MEMOTEXT_CHANGED,465,1043,578,False,True,True
010432631C,MEMOTEXT_CHANGED,758,1335,577,False,True,True
010899163C,MEMOTEXT_CHANGED,3558,4134,576,False,True,True
010834690C,MEMOTEXT_CHANGED,1066,1641,575,False,False,True
010479749C,MEMOTEXT_CHANGED,1026,1601,575,False,True,True
011006781C,MEMOTEXT_CHANGED,4791,5364,573,False,True,True
011113093C,MEMOTEXT_CHANGED,789,1360,571,False,True,True
010780667C,MEMOTEXT_CHANGED,1848,2418,570,False,True,True
010484821C,MEMOTEXT_CHANGED,920,1490,570,False,True,True
011130902C,MEMOTEXT_CHANGED,281,851,570,False,True,True
011129883C,MEMOTEXT_CHANGED,3709,4278,569,False,False,True
01ML8209C,MEMOTEXT_CHANGED,708,1276,568,False,True,True
010937735C,MEMOTEXT_CHANGED,9364,9931,567,False,True,True
010809311C,MEMOTEXT_CHANGED,776,1340,564,False,True,True
011113046C,MEMOTEXT_CHANGED,1112,1676,564,False,True,True
011080170C,MEMOTEXT_CHANGED,2736,3293,557,False,True,True
011207116C,MEMOTEXT_CHANGED,6953,7510,557,False,False,True
011188927C,MEMOTEXT_CHANGED,507,1064,557,False,True,True
010516211C,MEMOTEXT_CHANGED,3805,4360,555,False,False,True
011157086C,MEMOTEXT_CHANGED,224,777,553,False,True,True
010814389C,MEMOTEXT_CHANGED,1202,1752,550,False,True,True
010917599C,MEMOTEXT_CHANGED,15387,15936,549,False,True,True
01FG8563C,MEMOTEXT_CHANGED,554,1102,548,False,True,True
011014579C,MEMOTEXT_CHANGED,1063,1611,548,False,True,True
010832681C,MEMOTEXT_CHANGED,1062,1609,547,False,True,True
011154282C,MEMOTEXT_CHANGED,275,822,547,False,False,True
010545623C,MEMOTEXT_CHANGED,1211,1757,546,False,False,True
010810194C,MEMOTEXT_CHANGED,8731,9276,545,False,True,True
011105387C,MEMOTEXT_CHANGED,567,1111,544,False,False,True
010796554C,MEMOTEXT_CHANGED,1611,2154,543,False,True,True
010987089C,MEMOTEXT_CHANGED,1015,1556,541,False,True,True
010828369C,MEMOTEXT_CHANGED,1517,2056,539,False,True,True
010760874C,MEMOTEXT_CHANGED,1114,1653,539,False,True,True
010738539C,MEMOTEXT_CHANGED,1582,2117,535,False,True,True
010777546C,MEMOTEXT_CHANGED,518,1053,535,False,True,True
010817835C,MEMOTEXT_CHANGED,99,633,534,False,False,True
010731608C,MEMOTEXT_CHANGED,975,1509,534,False,True,True
011160018C,MEMOTEXT_CHANGED,373,905,532,False,True,True
011190048C,MEMOTEXT_CHANGED,317,849,532,False,True,True
010764121C,MEMOTEXT_CHANGED,506,1036,530,False,True,True
011093883C,MEMOTEXT_CHANGED,6906,7435,529,False,True,True
011143825C,MEMOTEXT_CHANGED,652,1181,529,False,True,True
011238372C,MEMOTEXT_CHANGED,236,764,528,False,True,True
010521213C,MEMOTEXT_CHANGED,368,895,527,False,True,True
010841424C,MEMOTEXT_CHANGED,977,1503,526,False,True,True
010749906C,MEMOTEXT_CHANGED,1311,1836,525,False,True,True
010860471C,MEMOTEXT_CHANGED,1432,1953,521,False,True,True
010792884C,MEMOTEXT_CHANGED,1041,1561,520,False,True,True
011196521C,MEMOTEXT_CHANGED,123,643,520,False,False,True
010547892C,MEMOTEXT_CHANGED,536,1055,519,False,False,True
010917602C,MEMOTEXT_CHANGED,6271,6784,513,False,True,True
010936709C,MEMOTEXT_CHANGED,2569,3077,508,False,False,True
010748300C,MEMOTEXT_CHANGED,2193,2695,502,False,True,True
010876417C,MEMOTEXT_CHANGED,580,1081,501,False,True,True
010813286C,MEMOTEXT_CHANGED,1054,1555,501,False,True,True
010914301C,MEMOTEXT_CHANGED,1089,1588,499,False,True,True
011191584C,MEMOTEXT_CHANGED,118,616,498,False,False,True
011189535C,NEW_MEMOKEY,0,497,497,,,
011204292C,MEMOTEXT_CHANGED,2562,3056,494,False,True,True
010464870C,MEMOTEXT_CHANGED,1577,2069,492,False,True,True
011270209C,MEMOTEXT_CHANGED,82,572,490,False,True,True
011198207C,MEMOTEXT_CHANGED,356,845,489,False,False,True
011231670C,MEMOTEXT_CHANGED,103,590,487,False,True,True
011189855C,MEMOTEXT_CHANGED,1250,1737,487,False,True,True
011194622C,MEMOTEXT_CHANGED,841,1327,486,False,True,True
01ML8804C,MEMOTEXT_CHANGED,367,852,485,False,True,True
011150430C,MEMOTEXT_CHANGED,491,976,485,False,False,True
011223517C,MEMOTEXT_CHANGED,1081,1562,481,False,True,True
011191892C,MEMOTEXT_CHANGED,5716,6193,477,False,True,True
010760865C,MEMOTEXT_CHANGED,2752,3229,477,False,True,True
010813387C,MEMOTEXT_CHANGED,269,745,476,False,True,True
011182823C,NEW_MEMOKEY,0,476,476,,,
011223989C,MEMOTEXT_CHANGED,308,782,474,False,False,True
010817836C,MEMOTEXT_CHANGED,306,780,474,False,True,True
011158320C,MEMOTEXT_CHANGED,2541,3012,471,False,True,True
010888339C,MEMOTEXT_CHANGED,126,595,469,False,False,True
011243725C,MEMOTEXT_CHANGED,1355,1824,469,False,True,True
010896924C,MEMOTEXT_CHANGED,176,644,468,False,False,True
010847488C,MEMOTEXT_CHANGED,1064,1531,467,False,True,True
010901824C,NEW_MEMOKEY,0,465,465,,,
011214181C,MEMOTEXT_CHANGED,481,946,465,False,False,True
011217839C,MEMOTEXT_CHANGED,436,898,462,False,True,True
010762319C,MEMOTEXT_CHANGED,857,1319,462,False,True,True
011214338C,NEW_MEMOKEY,0,459,459,,,
010840582C,MEMOTEXT_CHANGED,498,956,458,False,True,True
011114119C,NEW_MEMOKEY,0,457,457,,,
010787511C,NEW_MEMOKEY,0,457,457,,,
010747241C,MEMOTEXT_CHANGED,579,1035,456,False,True,True
010398274C,MEMOTEXT_CHANGED,408,863,455,False,True,True
011266421C,MEMOTEXT_CHANGED,232,684,452,False,True,True
010771580C,MEMOTEXT_CHANGED,2211,2663,452,False,True,True
010764837C,MEMOTEXT_CHANGED,451,903,452,False,True,True
011041220C,MEMOTEXT_CHANGED,2800,3248,448,False,True,True
011262791C,MEMOTEXT_CHANGED,1456,1903,447,False,True,True
010948278C,MEMOTEXT_CHANGED,5393,5837,444,False,True,True
011225266C,MEMOTEXT_CHANGED,483,927,444,False,False,True
010456928C,MEMOTEXT_CHANGED,118,557,439,False,False,True
010753687C,MEMOTEXT_CHANGED,176,615,439,False,False,True
011221309C,MEMOTEXT_CHANGED,2246,2684,438,False,True,True
010902761C,MEMOTEXT_CHANGED,530,968,438,False,True,True
011227605C,MEMOTEXT_CHANGED,923,1359,436,False,True,True
011198366C,MEMOTEXT_CHANGED,1899,2335,436,False,True,True
010958268C,MEMOTEXT_CHANGED,1683,2119,436,False,True,True
011082331C,MEMOTEXT_CHANGED,1639,2074,435,False,True,True
010820635C,MEMOTEXT_CHANGED,546,975,429,False,True,True
011178240C,MEMOTEXT_CHANGED,683,1111,428,False,False,True
010853285C,MEMOTEXT_CHANGED,1059,1483,424,False,False,True
011116003C,MEMOTEXT_CHANGED,422,844,422,False,True,True
010999170C,MEMOTEXT_CHANGED,4188,4605,417,False,True,True
010760840C,MEMOTEXT_CHANGED,2390,2806,416,False,True,True
011151285C,MEMOTEXT_CHANGED,1462,1877,415,False,True,True
010948195C,MEMOTEXT_CHANGED,546,958,412,False,True,True
011137768C,MEMOTEXT_CHANGED,830,1241,411,False,False,True
010811204C,MEMOTEXT_CHANGED,543,953,410,False,True,True
018910C,NEW_MEMOKEY,0,409,409,,,
011000854C,MEMOTEXT_CHANGED,691,1100,409,False,True,True
011047402C,MEMOTEXT_CHANGED,183,592,409,False,True,True
010776445C,MEMOTEXT_CHANGED,333,742,409,False,True,True
011237663C,MEMOTEXT_CHANGED,92,495,403,False,True,True
010823867C,MEMOTEXT_CHANGED,286,689,403,False,True,True
010835334C,MEMOTEXT_CHANGED,131,533,402,False,True,True
010773088C,MEMOTEXT_CHANGED,1597,1997,400,False,True,True
011175414C,MEMOTEXT_CHANGED,400,789,389,False,False,True
010486919C,MEMOTEXT_CHANGED,1455,1843,388,False,False,True
010439836C,MEMOTEXT_CHANGED,327,715,388,False,True,True
010828602C,NEW_MEMOKEY,0,386,386,,,
011184291C,MEMOTEXT_CHANGED,292,675,383,False,True,True
010425944C,MEMOTEXT_CHANGED,961,1343,382,False,False,True
010822330C,MEMOTEXT_CHANGED,639,1020,381,False,True,True
011154281C,MEMOTEXT_CHANGED,176,557,381,False,False,True
010446852C,NEW_MEMOKEY,0,378,378,,,
010804005C,NEW_MEMOKEY,0,372,372,,,
010787147C,MEMOTEXT_CHANGED,175,544,369,False,False,True
011194186C,MEMOTEXT_CHANGED,476,843,367,False,True,True
011109881C,MEMOTEXT_CHANGED,534,900,366,False,True,True
010823736C,MEMOTEXT_CHANGED,81,447,366,False,True,True
010904097C,MEMOTEXT_CHANGED,364,728,364,False,True,True
010809353C,MEMOTEXT_CHANGED,284,648,364,False,True,True
011254298C,MEMOTEXT_CHANGED,87,451,364,False,True,True
011080481C,MEMOTEXT_CHANGED,467,830,363,False,True,True
010761874C,MEMOTEXT_CHANGED,1212,1571,359,False,True,True
010429958C,MEMOTEXT_CHANGED,755,1114,359,False,False,True
010499349C,MEMOTEXT_CHANGED,277,636,359,False,True,True
010442552C,MEMOTEXT_CHANGED,253,608,355,False,True,True
011145521C,MEMOTEXT_CHANGED,543,898,355,False,False,True
010757551C,NEW_MEMOKEY,0,354,354,,,
01ML8487C,MEMOTEXT_CHANGED,503,856,353,False,True,True
010848398C,MEMOTEXT_CHANGED,165,518,353,False,False,True
015000622C,MEMOTEXT_CHANGED,558,909,351,False,True,True
010901775C,MEMOTEXT_CHANGED,3177,3528,351,False,True,True
010808361C,MEMOTEXT_CHANGED,1090,1441,351,False,True,True
010880362C,MEMOTEXT_CHANGED,2337,2688,351,False,True,True
010782822C,MEMOTEXT_CHANGED,893,1243,350,False,True,True
010877890C,MEMOTEXT_CHANGED,775,1125,350,False,True,True
010736935C,MEMOTEXT_CHANGED,1209,1558,349,False,True,True
011246246C,MEMOTEXT_CHANGED,3618,3966,348,False,True,True
010958111C,MEMOTEXT_CHANGED,255,603,348,False,False,True
010971528C,MEMOTEXT_CHANGED,707,1054,347,False,False,True
010790755C,MEMOTEXT_CHANGED,136,481,345,False,True,True
010411920C,MEMOTEXT_CHANGED,542,887,345,False,True,True
010438325C,MEMOTEXT_CHANGED,1502,1845,343,False,True,True
011257862C,MEMOTEXT_CHANGED,706,1048,342,False,True,True
011202750C,MEMOTEXT_CHANGED,445,786,341,False,True,True
010834719C,MEMOTEXT_CHANGED,2811,3152,341,False,True,True
011202039C,MEMOTEXT_CHANGED,2106,2446,340,False,True,True
010440000C,MEMOTEXT_CHANGED,1085,1424,339,False,True,True
010407023C,MEMOTEXT_CHANGED,83,421,338,False,True,True
010764834C,MEMOTEXT_CHANGED,700,1037,337,False,True,True
011145715C,NEW_MEMOKEY,0,337,337,,,
011090807C,MEMOTEXT_CHANGED,2200,2536,336,False,True,True
010823868C,MEMOTEXT_CHANGED,627,962,335,False,True,True
010823870C,MEMOTEXT_CHANGED,167,502,335,False,False,True
010823869C,MEMOTEXT_CHANGED,478,813,335,False,False,True
010486964C,MEMOTEXT_CHANGED,1775,2109,334,False,True,True
010773681C,MEMOTEXT_CHANGED,467,800,333,False,True,True
018284AC,NEW_MEMOKEY,0,332,332,,,
018236CC,MEMOTEXT_CHANGED,385,717,332,False,True,True
010934017C,MEMOTEXT_CHANGED,2720,3052,332,False,True,True
010395382C,MEMOTEXT_CHANGED,550,881,331,False,False,True
010741234C,MEMOTEXT_CHANGED,1545,1876,331,False,True,True
011073758C,MEMOTEXT_CHANGED,565,895,330,False,True,True
010792607C,MEMOTEXT_CHANGED,873,1203,330,False,True,True
011139777C,MEMOTEXT_CHANGED,254,583,329,False,False,True
011103996C,MEMOTEXT_CHANGED,466,794,328,False,True,True
010778841C,NEW_MEMOKEY,0,328,328,,,
011197709C,MEMOTEXT_CHANGED,1399,1726,327,False,True,True
010363098C,MEMOTEXT_CHANGED,1328,1655,327,False,True,True
011262631C,MEMOTEXT_CHANGED,482,807,325,False,True,True
011189851C,MEMOTEXT_CHANGED,14035,14360,325,False,True,True
010920186C,MEMOTEXT_CHANGED,2881,3206,325,False,False,True
011134051C,MEMOTEXT_CHANGED,2033,2357,324,False,True,True
010795612C,MEMOTEXT_CHANGED,176,499,323,False,False,True
011261538C,MEMOTEXT_CHANGED,998,1320,322,False,True,True
010762461C,MEMOTEXT_CHANGED,4160,4482,322,False,True,True
010451650C,MEMOTEXT_CHANGED,157,478,321,False,True,True
011150003C,MEMOTEXT_CHANGED,446,766,320,False,True,True
011254240C,MEMOTEXT_CHANGED,156,476,320,False,True,True
010933370C,MEMOTEXT_CHANGED,359,679,320,False,False,True
010815118C,MEMOTEXT_CHANGED,87,406,319,False,True,True
011038780C,MEMOTEXT_CHANGED,1522,1841,319,False,True,True
011033048C,MEMOTEXT_CHANGED,1320,1639,319,False,True,True
011179153C,MEMOTEXT_CHANGED,18975,19294,319,False,True,True
011227604C,MEMOTEXT_CHANGED,1068,1387,319,False,True,True
011284103C,NEW_MEMOKEY,0,319,319,,,
010812079C,MEMOTEXT_CHANGED,2121,2440,319,False,True,True
011199527C,MEMOTEXT_CHANGED,226,543,317,False,True,True
010434544C,MEMOTEXT_CHANGED,208,525,317,False,True,True
018258CC,NEW_MEMOKEY,0,317,317,,,
011148847C,MEMOTEXT_CHANGED,2098,2414,316,False,True,True
010443816C,MEMOTEXT_CHANGED,361,676,315,False,True,True
010786878C,NEW_MEMOKEY,0,315,315,,,
010477513C,MEMOTEXT_CHANGED,1529,1844,315,False,True,True
011044132C,MEMOTEXT_CHANGED,593,908,315,False,True,True
01154D174C,MEMOTEXT_CHANGED,1136,1450,314,False,True,True
011192240C,MEMOTEXT_CHANGED,519,832,313,False,True,True
01ML8791C,MEMOTEXT_CHANGED,1024,1337,313,False,True,True
011177899C,MEMOTEXT_CHANGED,2504,2817,313,False,True,True
011211133C,MEMOTEXT_CHANGED,1715,2028,313,False,False,True
010802494C,MEMOTEXT_CHANGED,2103,2415,312,False,True,True
010429711C,MEMOTEXT_CHANGED,1986,2298,312,False,True,True
011080169C,MEMOTEXT_CHANGED,2825,3137,312,False,False,True
011036054C,MEMOTEXT_CHANGED,1012,1323,311,False,False,True
011186904C,MEMOTEXT_CHANGED,1204,1514,310,False,True,True
011224634C,MEMOTEXT_CHANGED,256,566,310,False,False,True
011102977C,MEMOTEXT_CHANGED,744,1054,310,False,True,True
011206224C,MEMOTEXT_CHANGED,809,1118,309,False,False,True
010969153C,MEMOTEXT_CHANGED,805,1114,309,False,True,True
011042400C,MEMOTEXT_CHANGED,3740,4049,309,False,False,True
011209097C,MEMOTEXT_CHANGED,296,605,309,False,True,True
010429965C,MEMOTEXT_CHANGED,83,391,308,False,True,True
011108803C,MEMOTEXT_CHANGED,437,744,307,False,False,True
010833378C,MEMOTEXT_CHANGED,783,1090,307,False,True,True
010759537C,MEMOTEXT_CHANGED,592,899,307,False,True,True
011184753C,MEMOTEXT_CHANGED,15299,15606,307,False,True,True
011209098C,MEMOTEXT_CHANGED,296,602,306,False,True,True
011065352C,MEMOTEXT_CHANGED,675,981,306,False,True,True
011101925C,MEMOTEXT_CHANGED,1535,1841,306,False,True,True
011085270C,MEMOTEXT_CHANGED,275,581,306,False,False,True
011109861C,MEMOTEXT_CHANGED,943,1248,305,False,True,True
011045619C,MEMOTEXT_CHANGED,61,365,304,False,True,True
011211134C,MEMOTEXT_CHANGED,2824,3128,304,False,False,True
011060625C,MEMOTEXT_CHANGED,336,639,303,False,False,True
011208334C,MEMOTEXT_CHANGED,1365,1667,302,False,True,True
010813155C,MEMOTEXT_CHANGED,544,846,302,False,True,True
011124987C,MEMOTEXT_CHANGED,480,782,302,False,False,True
011003162C,MEMOTEXT_CHANGED,86,388,302,False,True,True
010439128C,NEW_MEMOKEY,0,302,302,,,
010813163C,MEMOTEXT_CHANGED,2514,2815,301,False,True,True
010487125C,MEMOTEXT_CHANGED,704,1005,301,False,True,True
010936713C,MEMOTEXT_CHANGED,1747,2048,301,False,True,True
011040826C,MEMOTEXT_CHANGED,1053,1353,300,False,True,True
010872331C,MEMOTEXT_CHANGED,937,1236,299,False,True,True
010789351C,MEMOTEXT_CHANGED,1846,2145,299,False,True,True
010434876C,MEMOTEXT_CHANGED,941,1239,298,False,True,True
011139002C,MEMOTEXT_CHANGED,122,420,298,False,True,True
010756833C,MEMOTEXT_CHANGED,1857,2155,298,False,True,True
011261618C,MEMOTEXT_CHANGED,1574,1872,298,False,True,True
011130666C,MEMOTEXT_CHANGED,259,557,298,False,True,True
011207117C,MEMOTEXT_CHANGED,7384,7681,297,False,True,True
011158069C,MEMOTEXT_CHANGED,890,1187,297,False,True,True
01ML8557C,MEMOTEXT_CHANGED,1276,1573,297,False,False,True
011127439C,MEMOTEXT_CHANGED,1767,2064,297,False,True,True
011105523C,MEMOTEXT_CHANGED,1416,1713,297,False,True,True
010797766C,MEMOTEXT_CHANGED,494,790,296,False,False,True
011268908C,MEMOTEXT_CHANGED,916,1212,296,False,True,True
010442230C,MEMOTEXT_CHANGED,175,471,296,False,False,True
011214731C,MEMOTEXT_CHANGED,4239,4535,296,False,True,True
010765068C,MEMOTEXT_CHANGED,126,419,293,False,False,True
010789213C,MEMOTEXT_CHANGED,389,682,293,False,True,True
010942232C,MEMOTEXT_CHANGED,916,1208,292,False,True,True
018737AC,NEW_MEMOKEY,0,292,292,,,
010772915C,MEMOTEXT_CHANGED,126,417,291,False,True,True
010452169C,MEMOTEXT_CHANGED,3076,3367,291,False,True,True
011220582C,MEMOTEXT_CHANGED,1757,2047,290,False,True,True
011273480C,MEMOTEXT_CHANGED,524,813,289,False,True,True
011187405C,MEMOTEXT_CHANGED,724,1013,289,False,True,True
011196281C,MEMOTEXT_CHANGED,300,589,289,False,True,True
018253C,NEW_MEMOKEY,0,289,289,,,
010773468C,MEMOTEXT_CHANGED,936,1225,289,False,True,True
010425720C,MEMOTEXT_CHANGED,2411,2700,289,False,True,True
011204579C,MEMOTEXT_CHANGED,1168,1456,288,False,True,True
010883563C,MEMOTEXT_CHANGED,166,454,288,False,False,True
011211045C,MEMOTEXT_CHANGED,1245,1533,288,False,True,True
011185059C,MEMOTEXT_CHANGED,5105,5392,287,False,True,True
011177441C,MEMOTEXT_CHANGED,773,1060,287,False,True,True
010950970C,MEMOTEXT_CHANGED,2812,3099,287,False,True,True
010844919C,MEMOTEXT_CHANGED,3686,3973,287,False,True,True
010834689C,MEMOTEXT_CHANGED,777,1064,287,False,True,True
010803051C,MEMOTEXT_CHANGED,666,952,286,False,True,True
010833740C,MEMOTEXT_CHANGED,1341,1627,286,False,True,True
010857638C,MEMOTEXT_CHANGED,1372,1657,285,False,True,True
010830330C,NEW_MEMOKEY,0,285,285,,,
010822238C,MEMOTEXT_CHANGED,1516,1801,285,False,True,True
011186243C,MEMOTEXT_CHANGED,536,821,285,False,False,True
010403922C,MEMOTEXT_CHANGED,332,617,285,False,True,True
015000069C,MEMOTEXT_CHANGED,356,640,284,False,False,True
010772916C,MEMOTEXT_CHANGED,296,580,284,False,True,True
011261438C,MEMOTEXT_CHANGED,1357,1640,283,False,True,True
011107879C,MEMOTEXT_CHANGED,582,865,283,False,True,True
010795609C,MEMOTEXT_CHANGED,697,980,283,False,True,True
011185537C,MEMOTEXT_CHANGED,400,683,283,False,True,True
010809333C,MEMOTEXT_CHANGED,1639,1921,282,False,True,True
010495113C,MEMOTEXT_CHANGED,3211,3493,282,False,True,True
011217684C,MEMOTEXT_CHANGED,110,392,282,False,True,True
010807842C,MEMOTEXT_CHANGED,4216,4497,281,False,True,True
011254827C,MEMOTEXT_CHANGED,99,380,281,False,True,True
011221211C,MEMOTEXT_CHANGED,106,386,280,False,False,True
010794629C,MEMOTEXT_CHANGED,126,406,280,False,False,True
010841421C,MEMOTEXT_CHANGED,205,485,280,False,True,True
010771654C,MEMOTEXT_CHANGED,457,736,279,False,True,True
011130753C,MEMOTEXT_CHANGED,1190,1469,279,False,True,True
011203228C,MEMOTEXT_CHANGED,1553,1832,279,False,True,True
011269384C,MEMOTEXT_CHANGED,1099,1377,278,False,True,True
011123322C,MEMOTEXT_CHANGED,276,554,278,False,False,True
010738161C,MEMOTEXT_CHANGED,9874,10152,278,False,True,True
011179951C,MEMOTEXT_CHANGED,593,870,277,False,True,True
011217617C,MEMOTEXT_CHANGED,1152,1429,277,False,True,True
010852748C,MEMOTEXT_CHANGED,1664,1941,277,False,True,True
010845863C,MEMOTEXT_CHANGED,347,624,277,False,False,True
011158909C,MEMOTEXT_CHANGED,66,343,277,False,True,True
011147930C,MEMOTEXT_CHANGED,833,1109,276,False,True,True
011145881C,MEMOTEXT_CHANGED,720,996,276,False,False,True
010586005C,MEMOTEXT_CHANGED,13188,13464,276,False,True,True
010783066C,MEMOTEXT_CHANGED,2196,2472,276,False,True,True
010803782C,MEMOTEXT_CHANGED,359,635,276,False,False,True
011203904C,MEMOTEXT_CHANGED,376,652,276,False,True,True
010872404C,MEMOTEXT_CHANGED,2542,2817,275,False,False,True
010899761C,MEMOTEXT_CHANGED,5713,5987,274,False,True,True
010804489C,MEMOTEXT_CHANGED,1368,1641,273,False,True,True
010395411C,MEMOTEXT_CHANGED,537,810,273,False,False,True
010896144C,MEMOTEXT_CHANGED,311,584,273,False,True,True
010717447C,MEMOTEXT_CHANGED,758,1031,273,False,False,True
010843553C,MEMOTEXT_CHANGED,639,912,273,False,False,True
010389651C,MEMOTEXT_CHANGED,549,821,272,False,False,True
010723386C,MEMOTEXT_CHANGED,3460,3732,272,False,True,True
011074898C,MEMOTEXT_CHANGED,67,339,272,False,True,True
010791497C,MEMOTEXT_CHANGED,266,538,272,False,True,True
011155011C,MEMOTEXT_CHANGED,365,636,271,False,True,True
010755885C,MEMOTEXT_CHANGED,388,659,271,False,True,True
010718278C,MEMOTEXT_CHANGED,1834,2105,271,False,False,True
010889364C,MEMOTEXT_CHANGED,973,1244,271,False,True,True
010914378C,MEMOTEXT_CHANGED,1746,2017,271,False,True,True
010434419C,MEMOTEXT_CHANGED,1116,1387,271,False,True,True
018737BC,MEMOTEXT_CHANGED,87,357,270,False,True,True
010843137C,MEMOTEXT_CHANGED,570,840,270,False,True,True
011157556C,MEMOTEXT_CHANGED,130,400,270,False,True,True
010789547C,MEMOTEXT_CHANGED,525,795,270,False,False,True
010797765C,MEMOTEXT_CHANGED,535,804,269,False,False,True
010786872C,NEW_MEMOKEY,0,269,269,,,
010889177C,MEMOTEXT_CHANGED,177,446,269,False,False,True
010969227C,MEMOTEXT_CHANGED,1036,1305,269,False,True,True
010780393C,MEMOTEXT_CHANGED,346,615,269,False,False,True
010440371C,MEMOTEXT_CHANGED,722,990,268,False,True,True
010858518C,MEMOTEXT_CHANGED,407,675,268,False,True,True
010411499C,MEMOTEXT_CHANGED,1417,1685,268,False,True,True
011189325C,MEMOTEXT_CHANGED,71,338,267,False,True,True
011259930C,MEMOTEXT_CHANGED,503,770,267,False,True,True
010838364C,MEMOTEXT_CHANGED,2768,3035,267,False,True,True
010756540C,MEMOTEXT_CHANGED,2697,2964,267,False,False,True
010867962C,MEMOTEXT_CHANGED,87,354,267,False,True,True
011206462C,MEMOTEXT_CHANGED,1994,2261,267,False,True,True
011064567C,MEMOTEXT_CHANGED,343,609,266,False,True,True
011199383C,MEMOTEXT_CHANGED,355,620,265,False,False,True
011120375C,MEMOTEXT_CHANGED,592,856,264,False,False,True
010798024C,MEMOTEXT_CHANGED,175,439,264,False,False,True
010883246C,MEMOTEXT_CHANGED,588,852,264,False,True,True
011142695C,MEMOTEXT_CHANGED,862,1125,263,False,True,True
010767222C,MEMOTEXT_CHANGED,1232,1495,263,False,True,True
011220581C,MEMOTEXT_CHANGED,834,1097,263,False,True,True
011229737C,MEMOTEXT_CHANGED,1384,1647,263,False,True,True
011000026C,MEMOTEXT_CHANGED,191,453,262,False,True,True
010763063C,MEMOTEXT_CHANGED,1633,1895,262,False,False,True
011105232C,MEMOTEXT_CHANGED,643,905,262,False,True,True
011204293C,MEMOTEXT_CHANGED,135,397,262,False,False,True
011013545C,NEW_MEMOKEY,0,261,261,,,
011272310C,MEMOTEXT_CHANGED,4402,4663,261,False,True,True
010752477C,MEMOTEXT_CHANGED,3186,3446,260,False,True,True
011077008C,MEMOTEXT_CHANGED,275,535,260,False,False,True
011196134C,MEMOTEXT_CHANGED,1313,1572,259,False,True,True
010788426C,MEMOTEXT_CHANGED,1499,1758,259,False,False,True
011054985C,MEMOTEXT_CHANGED,1849,2108,259,False,True,True
010820996C,MEMOTEXT_CHANGED,723,981,258,False,True,True
011010387C,MEMOTEXT_CHANGED,1122,1380,258,False,False,True
010897517C,MEMOTEXT_CHANGED,264,522,258,False,False,True
010849668C,MEMOTEXT_CHANGED,671,929,258,False,False,True
011174600C,MEMOTEXT_CHANGED,1386,1643,257,False,True,True
010745811C,MEMOTEXT_CHANGED,626,882,256,False,False,True
010723524C,MEMOTEXT_CHANGED,478,734,256,False,True,True
010466978C,MEMOTEXT_CHANGED,378,634,256,False,True,True
010394249C,MEMOTEXT_CHANGED,136,391,255,False,True,True
011163086C,MEMOTEXT_CHANGED,2026,2280,254,False,False,True
010437794C,MEMOTEXT_CHANGED,2348,2602,254,False,True,True
011139778C,MEMOTEXT_CHANGED,2307,2561,254,False,True,True
011198370C,NEW_MEMOKEY,0,254,254,,,
010743832C,MEMOTEXT_CHANGED,357,611,254,False,False,True
010768208C,MEMOTEXT_CHANGED,167,420,253,False,False,True
010859282C,MEMOTEXT_CHANGED,176,429,253,False,False,True
011103130C,NEW_MEMOKEY,0,253,253,,,
010454003C,MEMOTEXT_CHANGED,176,429,253,False,False,True
011227429C,MEMOTEXT_CHANGED,201,454,253,False,False,True
011048440C,MEMOTEXT_CHANGED,126,378,252,False,False,True
010845548C,MEMOTEXT_CHANGED,346,598,252,False,True,True
010889547C,MEMOTEXT_CHANGED,2440,2692,252,False,False,True
010502820C,NEW_MEMOKEY,0,252,252,,,
010772840C,MEMOTEXT_CHANGED,908,1159,251,False,False,True
010947866C,MEMOTEXT_CHANGED,515,765,250,False,True,True
011122810C,NEW_MEMOKEY,0,250,250,,,
011269382C,MEMOTEXT_CHANGED,625,875,250,False,True,True
011086709C,MEMOTEXT_CHANGED,812,1062,250,False,True,True
010806350C,MEMOTEXT_CHANGED,4112,4362,250,False,False,True
011200210C,MEMOTEXT_CHANGED,135,385,250,False,False,True
01ML8522C,NEW_MEMOKEY,0,249,249,,,
010789992C,NEW_MEMOKEY,0,249,249,,,
010798018C,MEMOTEXT_CHANGED,1673,1921,248,False,True,True
010892695C,MEMOTEXT_CHANGED,653,901,248,False,True,True
011251747C,MEMOTEXT_CHANGED,391,639,248,False,False,True
011130547C,MEMOTEXT_CHANGED,13017,13264,247,False,False,True
010783102C,MEMOTEXT_CHANGED,2169,2416,247,False,True,True
011138044C,MEMOTEXT_CHANGED,614,860,246,False,True,True
010782018C,NEW_MEMOKEY,0,246,246,,,
011271994C,MEMOTEXT_CHANGED,6906,7151,245,False,True,True
011203122C,MEMOTEXT_CHANGED,934,1179,245,False,True,True
010754480C,MEMOTEXT_CHANGED,2135,2380,245,False,False,True
010782818C,MEMOTEXT_CHANGED,2646,2891,245,False,True,True
010823906C,MEMOTEXT_CHANGED,340,584,244,False,True,True
011162365C,MEMOTEXT_CHANGED,167,411,244,False,False,True
011062607C,MEMOTEXT_CHANGED,588,831,243,False,False,True
011189940C,MEMOTEXT_CHANGED,495,738,243,False,False,True
010442906C,MEMOTEXT_CHANGED,1814,2056,242,False,False,True
010915533C,MEMOTEXT_CHANGED,1987,2229,242,False,True,True
011188865C,MEMOTEXT_CHANGED,748,990,242,False,True,True
011207685C,MEMOTEXT_CHANGED,1202,1443,241,False,False,True
010881301C,MEMOTEXT_CHANGED,758,999,241,False,True,True
010403109C,MEMOTEXT_CHANGED,1064,1303,239,False,True,True
011146916C,MEMOTEXT_CHANGED,264,503,239,False,True,True
010873140C,MEMOTEXT_CHANGED,244,483,239,False,True,True
010506789C,MEMOTEXT_CHANGED,642,881,239,False,True,True
011005348C,MEMOTEXT_CHANGED,1732,1970,238,False,True,True
011001984C,MEMOTEXT_CHANGED,963,1201,238,False,True,True
010782675C,MEMOTEXT_CHANGED,431,669,238,False,True,True
011261619C,MEMOTEXT_CHANGED,539,776,237,False,False,True
011213201C,MEMOTEXT_CHANGED,1573,1809,236,False,False,True
010469430C,MEMOTEXT_CHANGED,1092,1328,236,False,True,True
011197715C,MEMOTEXT_CHANGED,1125,1361,236,False,True,True
018252C,NEW_MEMOKEY,0,236,236,,,
010987095C,MEMOTEXT_CHANGED,472,708,236,False,True,True
01ML8584C,MEMOTEXT_CHANGED,137,372,235,False,True,True
010817956C,MEMOTEXT_CHANGED,718,953,235,False,True,True
014130C,MEMOTEXT_CHANGED,381,616,235,False,True,True
011264376C,MEMOTEXT_CHANGED,357,592,235,False,False,True
010456114C,MEMOTEXT_CHANGED,199,434,235,False,True,True
010367132C,MEMOTEXT_CHANGED,438,673,235,False,False,True
010841471C,MEMOTEXT_CHANGED,187,421,234,False,True,True
011131443C,MEMOTEXT_CHANGED,315,549,234,False,True,True
011136147C,MEMOTEXT_CHANGED,1126,1360,234,False,False,True
010789348C,MEMOTEXT_CHANGED,1010,1244,234,False,True,True
010924474C,MEMOTEXT_CHANGED,86,320,234,False,True,True
010811700C,MEMOTEXT_CHANGED,86,319,233,False,True,True
010787390C,MEMOTEXT_CHANGED,474,707,233,False,True,True
010756034C,MEMOTEXT_CHANGED,1066,1299,233,False,True,True
011192032C,MEMOTEXT_CHANGED,1146,1379,233,False,True,True
011141741C,MEMOTEXT_CHANGED,246,477,231,False,False,True
011283990C,NEW_MEMOKEY,0,231,231,,,
010901833C,MEMOTEXT_CHANGED,999,1230,231,False,True,True
011162328C,MEMOTEXT_CHANGED,264,495,231,False,True,True
010412525C,NEW_MEMOKEY,0,230,230,,,
011194618C,MEMOTEXT_CHANGED,833,1063,230,False,True,True
011191513C,MEMOTEXT_CHANGED,486,716,230,False,True,True
010774107C,MEMOTEXT_CHANGED,906,1136,230,False,False,True
010920793C,NEW_MEMOKEY,0,229,229,,,
011182104C,MEMOTEXT_CHANGED,176,405,229,False,False,True
011219543C,MEMOTEXT_CHANGED,217,445,228,False,True,True
010752703C,MEMOTEXT_CHANGED,769,997,228,False,True,True
010476803C,MEMOTEXT_CHANGED,289,517,228,False,True,True
010764400C,MEMOTEXT_CHANGED,1138,1366,228,False,True,True
010779031C,MEMOTEXT_CHANGED,339,567,228,False,True,True
010974838C,NEW_MEMOKEY,0,227,227,,,
011178930C,MEMOTEXT_CHANGED,1595,1822,227,False,True,True
011216797C,MEMOTEXT_CHANGED,862,1089,227,False,True,True
010380049C,MEMOTEXT_CHANGED,382,608,226,False,False,True
010756929C,MEMOTEXT_CHANGED,161,387,226,False,False,True
011227527C,MEMOTEXT_CHANGED,1749,1975,226,False,True,True
010723523C,MEMOTEXT_CHANGED,1720,1946,226,False,True,True
011110363C,MEMOTEXT_CHANGED,614,839,225,False,False,True
011136667C,MEMOTEXT_CHANGED,378,603,225,False,True,True
011133663C,MEMOTEXT_CHANGED,379,604,225,False,True,True
010457291C,MEMOTEXT_CHANGED,970,1195,225,False,True,True
010915619C,MEMOTEXT_CHANGED,224,449,225,False,True,True
011040022C,MEMOTEXT_CHANGED,486,710,224,False,True,True
011215903C,NEW_MEMOKEY,0,224,224,,,
010445719C,MEMOTEXT_CHANGED,235,459,224,False,True,True
011131163C,MEMOTEXT_CHANGED,209,433,224,False,True,True
010396147C,MEMOTEXT_CHANGED,874,1098,224,False,True,True
011157373C,NEW_MEMOKEY,0,224,224,,,
010779130C,MEMOTEXT_CHANGED,121,344,223,False,True,True
010475850C,MEMOTEXT_CHANGED,564,787,223,False,True,True
011115534C,MEMOTEXT_CHANGED,2174,2396,222,False,True,True
010367133C,MEMOTEXT_CHANGED,438,660,222,False,False,True
011210919C,MEMOTEXT_CHANGED,1035,1257,222,False,False,True
010893394C,NEW_MEMOKEY,0,222,222,,,
010803417C,MEMOTEXT_CHANGED,21280,21502,222,False,True,True
011061723C,MEMOTEXT_CHANGED,1734,1956,222,False,False,True
011180968C,MEMOTEXT_CHANGED,965,1187,222,False,True,True
011050114C,MEMOTEXT_CHANGED,395,617,222,False,False,True
010445091C,MEMOTEXT_CHANGED,784,1005,221,False,True,True
011115690C,MEMOTEXT_CHANGED,2050,2271,221,False,True,True
011274754C,MEMOTEXT_CHANGED,5526,5747,221,False,True,True
010776002C,MEMOTEXT_CHANGED,240,460,220,False,True,True
011098913C,MEMOTEXT_CHANGED,4149,4369,220,False,True,True
010768635C,MEMOTEXT_CHANGED,276,496,220,False,True,True
010810691C,MEMOTEXT_CHANGED,448,668,220,False,True,True
011189885C,MEMOTEXT_CHANGED,652,872,220,False,True,True
010799472C,MEMOTEXT_CHANGED,107,326,219,False,True,True
010883239C,MEMOTEXT_CHANGED,152,371,219,False,True,True
010842969C,MEMOTEXT_CHANGED,111,330,219,False,True,True
010920798C,NEW_MEMOKEY,0,219,219,,,
010879203C,MEMOTEXT_CHANGED,459,678,219,False,True,True
010776157C,MEMOTEXT_CHANGED,1508,1727,219,False,True,True
018284CC,NEW_MEMOKEY,0,218,218,,,
010367131C,MEMOTEXT_CHANGED,619,837,218,False,False,True
011196569C,MEMOTEXT_CHANGED,327,545,218,False,True,True
010795565C,MEMOTEXT_CHANGED,332,550,218,False,True,True
010917172C,MEMOTEXT_CHANGED,684,901,217,False,True,True
011014739C,MEMOTEXT_CHANGED,1584,1801,217,False,True,True
010841783C,MEMOTEXT_CHANGED,580,796,216,False,False,True
010766910C,MEMOTEXT_CHANGED,613,829,216,False,True,True
010986137C,MEMOTEXT_CHANGED,982,1198,216,False,True,True
010816928C,MEMOTEXT_CHANGED,448,663,215,False,True,True
010331157C,MEMOTEXT_CHANGED,310,525,215,False,True,True
01122D991C,MEMOTEXT_CHANGED,304,519,215,False,True,True
011190599C,MEMOTEXT_CHANGED,175,389,214,False,False,True
010810272C,MEMOTEXT_CHANGED,2750,2964,214,False,False,True
011092140C,MEMOTEXT_CHANGED,446,659,213,False,True,True
010778913C,MEMOTEXT_CHANGED,1073,1286,213,False,True,True
010764158C,MEMOTEXT_CHANGED,3246,3458,212,False,False,True
010854307C,MEMOTEXT_CHANGED,1497,1709,212,False,True,True
010872406C,MEMOTEXT_CHANGED,2732,2944,212,False,False,True
010820835C,MEMOTEXT_CHANGED,2426,2638,212,False,False,True
010844324C,MEMOTEXT_CHANGED,923,1133,210,False,True,True
011047683C,MEMOTEXT_CHANGED,1079,1289,210,False,False,True
011210918C,MEMOTEXT_CHANGED,1035,1245,210,False,False,True
010810273C,MEMOTEXT_CHANGED,2284,2493,209,False,False,True
011101252C,MEMOTEXT_CHANGED,855,1064,209,False,True,True
011235719C,MEMOTEXT_CHANGED,704,912,208,False,True,True
010724403C,MEMOTEXT_CHANGED,404,612,208,False,True,True
010886851C,MEMOTEXT_CHANGED,175,383,208,False,False,True
011202381C,MEMOTEXT_CHANGED,259,467,208,False,True,True
01ML8211C,MEMOTEXT_CHANGED,356,564,208,False,True,True
011139998C,MEMOTEXT_CHANGED,1119,1327,208,False,True,True
01ML8225C,NEW_MEMOKEY,0,207,207,,,
011124666C,MEMOTEXT_CHANGED,791,997,206,False,True,True
010846539C,MEMOTEXT_CHANGED,1035,1241,206,False,False,True
011112998C,NEW_MEMOKEY,0,206,206,,,
010730780C,MEMOTEXT_CHANGED,1158,1363,205,False,True,True
010779074C,MEMOTEXT_CHANGED,662,867,205,False,True,True
010439435C,MEMOTEXT_CHANGED,1347,1551,204,False,False,True
011193421C,MEMOTEXT_CHANGED,1537,1741,204,False,True,True
011086069C,MEMOTEXT_CHANGED,2688,2892,204,False,True,True
010818718C,NEW_MEMOKEY,0,204,204,,,
018237EC,NEW_MEMOKEY,0,204,204,,,
011254241C,NEW_MEMOKEY,0,204,204,,,
010831077C,MEMOTEXT_CHANGED,166,369,203,False,False,True
015000466C,MEMOTEXT_CHANGED,1723,1926,203,False,False,True
010800475C,NEW_MEMOKEY,0,202,202,,,
010840477C,MEMOTEXT_CHANGED,370,572,202,False,True,True
011153424C,MEMOTEXT_CHANGED,399,601,202,False,True,True
010756442C,MEMOTEXT_CHANGED,391,592,201,False,False,True
011182857C,MEMOTEXT_CHANGED,1181,1382,201,False,True,True
010766679C,MEMOTEXT_CHANGED,255,456,201,False,False,True
011210611C,MEMOTEXT_CHANGED,3855,4056,201,False,False,True
011176525C,NEW_MEMOKEY,0,201,201,,,
011014276C,MEMOTEXT_CHANGED,505,705,200,False,True,True
010914384C,MEMOTEXT_CHANGED,445,645,200,False,True,True
010748070C,MEMOTEXT_CHANGED,4288,4488,200,False,True,True
011155232C,MEMOTEXT_CHANGED,182,382,200,False,True,True
011196570C,MEMOTEXT_CHANGED,176,375,199,False,False,True
011229738C,MEMOTEXT_CHANGED,1006,1205,199,False,False,True
010828463C,MEMOTEXT_CHANGED,618,817,199,False,True,True
011053076C,MEMOTEXT_CHANGED,528,726,198,False,True,True
010840776C,MEMOTEXT_CHANGED,1039,1237,198,False,True,True
010149295C,MEMOTEXT_CHANGED,165,363,198,False,False,True
011197559C,MEMOTEXT_CHANGED,419,617,198,False,True,True
018237DC,MEMOTEXT_CHANGED,242,440,198,False,True,True
010436599C,MEMOTEXT_CHANGED,1417,1614,197,False,True,True
018645CC,NEW_MEMOKEY,0,197,197,,,
011163083C,MEMOTEXT_CHANGED,685,882,197,False,True,True
010517231C,MEMOTEXT_CHANGED,517,714,197,False,True,True
010780597C,MEMOTEXT_CHANGED,177,372,195,False,False,True
010803681C,MEMOTEXT_CHANGED,177,372,195,False,False,True
011215024C,NEW_MEMOKEY,0,195,195,,,
011184993C,MEMOTEXT_CHANGED,557,752,195,False,True,True
010900142C,NEW_MEMOKEY,0,195,195,,,
010839714C,MEMOTEXT_CHANGED,882,1077,195,False,True,True
01ML8597C,NEW_MEMOKEY,0,194,194,,,
011196571C,NEW_MEMOKEY,0,194,194,,,
010899718C,MEMOTEXT_CHANGED,3305,3497,192,False,False,True
011193336C,MEMOTEXT_CHANGED,413,605,192,False,True,True
011196525C,NEW_MEMOKEY,0,192,192,,,
011152369C,MEMOTEXT_CHANGED,613,805,192,False,True,True
010832740C,MEMOTEXT_CHANGED,2088,2280,192,False,False,True
010471933C,MEMOTEXT_CHANGED,106,297,191,False,True,True
011077285C,NEW_MEMOKEY,0,190,190,,,
010833595C,MEMOTEXT_CHANGED,176,366,190,False,False,True
010868188C,MEMOTEXT_CHANGED,662,852,190,False,False,True
010874797C,NEW_MEMOKEY,0,190,190,,,
010872109C,NEW_MEMOKEY,0,190,190,,,
011047684C,MEMOTEXT_CHANGED,1079,1268,189,False,False,True
01FG8033CC,MEMOTEXT_CHANGED,67,256,189,False,True,True
011132389C,MEMOTEXT_CHANGED,233,422,189,False,True,True
010418088C,MEMOTEXT_CHANGED,788,977,189,False,True,True
011045847C,MEMOTEXT_CHANGED,402,591,189,False,True,True
011085980C,MEMOTEXT_CHANGED,275,464,189,False,False,True
010801730C,MEMOTEXT_CHANGED,614,803,189,False,False,True
018237GC,NEW_MEMOKEY,0,188,188,,,
010900145C,MEMOTEXT_CHANGED,355,543,188,False,True,True
011025088C,MEMOTEXT_CHANGED,248,436,188,False,True,True
010899717C,MEMOTEXT_CHANGED,3304,3491,187,False,False,True
011235718C,NEW_MEMOKEY,0,187,187,,,
011274946C,NEW_MEMOKEY,0,187,187,,,
014075AC,NEW_MEMOKEY,0,187,187,,,
011109446C,MEMOTEXT_CHANGED,1027,1214,187,False,False,True
01ML8151C,MEMOTEXT_CHANGED,328,514,186,False,True,True
010814971C,MEMOTEXT_CHANGED,290,476,186,False,True,True
011226092C,MEMOTEXT_CHANGED,323,509,186,False,True,True
010782357C,MEMOTEXT_CHANGED,251,436,185,False,True,True
011110270C,MEMOTEXT_CHANGED,822,1007,185,False,True,True
010426961C,NEW_MEMOKEY,0,185,185,,,
011023481C,MEMOTEXT_CHANGED,2569,2754,185,False,False,True
010757817C,MEMOTEXT_CHANGED,634,818,184,False,True,True
010763377C,NEW_MEMOKEY,0,184,184,,,
010781117C,MEMOTEXT_CHANGED,108,291,183,False,True,True
010875937C,NEW_MEMOKEY,0,183,183,,,
011197430C,MEMOTEXT_CHANGED,1422,1604,182,False,True,True
011140826C,MEMOTEXT_CHANGED,556,738,182,False,True,True
018258BC,NEW_MEMOKEY,0,182,182,,,
011047682C,MEMOTEXT_CHANGED,2333,2514,181,False,True,True
011015419C,MEMOTEXT_CHANGED,241,422,181,False,True,True
010806082C,MEMOTEXT_CHANGED,730,911,181,False,True,True
010458744C,NEW_MEMOKEY,0,181,181,,,
01ML4134C,MEMOTEXT_CHANGED,357,537,180,False,True,True
010868189C,MEMOTEXT_CHANGED,766,945,179,False,False,True
011246931C,MEMOTEXT_CHANGED,202,381,179,False,True,True
010748404C,MEMOTEXT_CHANGED,636,813,177,False,True,True
010436727C,MEMOTEXT_CHANGED,414,591,177,False,True,True
010784074C,MEMOTEXT_CHANGED,399,576,177,False,True,True
010773575C,MEMOTEXT_CHANGED,2312,2488,176,False,False,True
010784946C,MEMOTEXT_CHANGED,423,599,176,False,True,True
015000070C,MEMOTEXT_CHANGED,356,532,176,False,False,True
018712FC,NEW_MEMOKEY,0,175,175,,,
011191414C,NEW_MEMOKEY,0,175,175,,,
010776062C,MEMOTEXT_CHANGED,256,430,174,False,False,True
010771352C,MEMOTEXT_CHANGED,104,278,174,False,True,True
011128980C,MEMOTEXT_CHANGED,624,798,174,False,True,True
011150820C,MEMOTEXT_CHANGED,374,548,174,False,True,True
011178457C,MEMOTEXT_CHANGED,104,278,174,False,True,True
010773243C,MEMOTEXT_CHANGED,477,651,174,False,False,True
011094545C,MEMOTEXT_CHANGED,248,422,174,False,True,True
010500769C,MEMOTEXT_CHANGED,118,291,173,False,True,True
018499AC,NEW_MEMOKEY,0,173,173,,,
010766527C,MEMOTEXT_CHANGED,296,469,173,False,False,True
018465DC,NEW_MEMOKEY,0,172,172,,,
010431738C,MEMOTEXT_CHANGED,1177,1349,172,False,True,True
010756938C,MEMOTEXT_CHANGED,742,914,172,False,True,True
011194752C,MEMOTEXT_CHANGED,605,777,172,False,True,True
010792701C,MEMOTEXT_CHANGED,337,509,172,False,True,True
010463420C,MEMOTEXT_CHANGED,263,435,172,False,True,True
011033416C,MEMOTEXT_CHANGED,177,349,172,False,True,True
010434747C,MEMOTEXT_CHANGED,252,423,171,False,True,True
011106029C,MEMOTEXT_CHANGED,421,592,171,False,False,True
010752698C,MEMOTEXT_CHANGED,176,347,171,False,False,True
010746005C,MEMOTEXT_CHANGED,410,581,171,False,True,True
011195589C,MEMOTEXT_CHANGED,297,467,170,False,True,True
010928491C,MEMOTEXT_CHANGED,761,931,170,False,False,True
010747438C,MEMOTEXT_CHANGED,326,496,170,False,True,True
010815416C,MEMOTEXT_CHANGED,356,525,169,False,False,True
011182070C,MEMOTEXT_CHANGED,120,289,169,False,True,True
010785777C,MEMOTEXT_CHANGED,457,626,169,False,True,True
010978232C,MEMOTEXT_CHANGED,537,706,169,False,False,True
010826525C,MEMOTEXT_CHANGED,316,484,168,False,False,True
011191041C,MEMOTEXT_CHANGED,485,653,168,False,True,True
010459653C,MEMOTEXT_CHANGED,356,524,168,False,False,True
011261107C,MEMOTEXT_CHANGED,83,251,168,False,True,True
010786015C,MEMOTEXT_CHANGED,397,564,167,False,True,True
010788086C,NEW_MEMOKEY,0,167,167,,,
010778262C,MEMOTEXT_CHANGED,309,476,167,False,True,True
010853287C,MEMOTEXT_CHANGED,916,1083,167,False,False,True
010382426C,MEMOTEXT_CHANGED,924,1091,167,False,False,True
010815643C,MEMOTEXT_CHANGED,129,295,166,False,False,True
011191886C,NEW_MEMOKEY,0,166,166,,,
010460406C,NEW_MEMOKEY,0,166,166,,,
011069372C,NEW_MEMOKEY,0,165,165,,,
011224365C,MEMOTEXT_CHANGED,97,262,165,False,True,True
010769184C,MEMOTEXT_CHANGED,305,470,165,False,False,True
010785164C,MEMOTEXT_CHANGED,1092,1257,165,False,True,True
010793722C,MEMOTEXT_CHANGED,170,334,164,False,True,True
010836583C,NEW_MEMOKEY,0,164,164,,,
011106030C,MEMOTEXT_CHANGED,275,439,164,False,False,True
011180646C,MEMOTEXT_CHANGED,653,817,164,False,True,True
011175626C,MEMOTEXT_CHANGED,107,271,164,False,True,True
011065353C,MEMOTEXT_CHANGED,276,439,163,False,False,True
011091795C,MEMOTEXT_CHANGED,665,828,163,False,True,True
010850346C,MEMOTEXT_CHANGED,2336,2499,163,False,False,True
010815945C,NEW_MEMOKEY,0,163,163,,,
010769227C,MEMOTEXT_CHANGED,865,1027,162,False,True,True
010764842C,MEMOTEXT_CHANGED,1742,1904,162,False,True,True
011064956C,MEMOTEXT_CHANGED,275,436,161,False,False,True
010764339C,MEMOTEXT_CHANGED,501,662,161,False,True,True
011180300C,MEMOTEXT_CHANGED,1014,1175,161,False,True,True
010757827C,MEMOTEXT_CHANGED,166,326,160,False,False,True
010880951C,MEMOTEXT_CHANGED,3557,3717,160,False,False,True
010880950C,MEMOTEXT_CHANGED,3557,3717,160,False,False,True
010757826C,MEMOTEXT_CHANGED,166,326,160,False,False,True
010807605C,NEW_MEMOKEY,0,159,159,,,
010813164C,NEW_MEMOKEY,0,159,159,,,
010938121C,MEMOTEXT_CHANGED,201,360,159,False,False,True
01ML8214C,MEMOTEXT_CHANGED,372,531,159,False,True,True
010784529C,MEMOTEXT_CHANGED,276,435,159,False,True,True
011025612C,MEMOTEXT_CHANGED,256,414,158,False,False,True
010900155C,NEW_MEMOKEY,0,158,158,,,
010834096C,MEMOTEXT_CHANGED,797,955,158,False,True,True
011083791C,MEMOTEXT_CHANGED,613,771,158,False,True,True
011054089C,MEMOTEXT_CHANGED,2726,2884,158,False,False,True
011191289C,MEMOTEXT_CHANGED,176,333,157,False,False,True
010514051C,NEW_MEMOKEY,0,157,157,,,
010748432C,NEW_MEMOKEY,0,156,156,,,
010803050C,MEMOTEXT_CHANGED,611,767,156,False,True,True
011181080C,MEMOTEXT_CHANGED,934,1089,155,False,True,True
010395878C,MEMOTEXT_CHANGED,231,386,155,False,True,True
010898542C,MEMOTEXT_CHANGED,1129,1284,155,False,True,True
010818657C,MEMOTEXT_CHANGED,166,320,154,False,False,True
011092792C,MEMOTEXT_CHANGED,275,428,153,False,False,True
011129184C,NEW_MEMOKEY,0,152,152,,,
01FG8314EC,NEW_MEMOKEY,0,152,152,,,
010832205C,NEW_MEMOKEY,0,152,152,,,
01ML4107C,MEMOTEXT_CHANGED,62,213,151,False,True,True
011198344C,MEMOTEXT_CHANGED,1380,1531,151,False,True,True
01159D276C,NEW_MEMOKEY,0,151,151,,,
010968814C,MEMOTEXT_CHANGED,2855,3005,150,False,True,True
011156098C,MEMOTEXT_CHANGED,1051,1201,150,False,True,True
010793968C,MEMOTEXT_CHANGED,126,275,149,False,False,True
010506497C,NEW_MEMOKEY,0,148,148,,,
010827228C,MEMOTEXT_CHANGED,267,415,148,False,True,True
010473866C,MEMOTEXT_CHANGED,357,504,147,False,False,True
018645AC,NEW_MEMOKEY,0,146,146,,,
010784075C,MEMOTEXT_CHANGED,1096,1242,146,False,True,True
011110968C,MEMOTEXT_CHANGED,393,538,145,False,False,True
018237CC,NEW_MEMOKEY,0,145,145,,,
011196163C,MEMOTEXT_CHANGED,2898,3041,143,False,True,True
01FG8314FC,NEW_MEMOKEY,0,143,143,,,
010780003C,MEMOTEXT_CHANGED,2640,2783,143,False,True,True
010817930C,MEMOTEXT_CHANGED,763,906,143,False,True,True
018528C,MEMOTEXT_CHANGED,65,207,142,False,True,True
010478214C,MEMOTEXT_CHANGED,99,240,141,False,False,True
010956610C,MEMOTEXT_CHANGED,1582,1722,140,False,False,True
011142354C,MEMOTEXT_CHANGED,515,654,139,False,True,True
01ML8457C,MEMOTEXT_CHANGED,456,593,137,False,True,True
015000089C,MEMOTEXT_CHANGED,119,256,137,False,True,True
011197039C,MEMOTEXT_CHANGED,378,514,136,False,True,True
011124205C,MEMOTEXT_CHANGED,656,792,136,False,True,True
010407533C,MEMOTEXT_CHANGED,485,620,135,False,False,True
010498153C,MEMOTEXT_CHANGED,626,761,135,False,True,True
011136508C,MEMOTEXT_CHANGED,159,293,134,False,True,True
010824296C,MEMOTEXT_CHANGED,245,378,133,False,True,True
011097228C,MEMOTEXT_CHANGED,1291,1423,132,False,True,True
010778464C,MEMOTEXT_CHANGED,546,678,132,False,True,True
011142178C,MEMOTEXT_CHANGED,736,868,132,False,True,True
010835310C,MEMOTEXT_CHANGED,498,630,132,False,True,True
010371171C,MEMOTEXT_CHANGED,119,251,132,False,False,True
011195295C,MEMOTEXT_CHANGED,727,859,132,False,True,True
011212050C,NEW_MEMOKEY,0,132,132,,,
011215896C,MEMOTEXT_CHANGED,626,758,132,False,True,True
010803026C,MEMOTEXT_CHANGED,315,446,131,False,True,True
011178435C,MEMOTEXT_CHANGED,122,253,131,False,True,True
011198734C,MEMOTEXT_CHANGED,485,616,131,False,True,True
011207677C,MEMOTEXT_CHANGED,485,616,131,False,True,True
010807516C,MEMOTEXT_CHANGED,86,216,130,False,True,True
01ML8171C,MEMOTEXT_CHANGED,73,203,130,False,True,True
011177866C,MEMOTEXT_CHANGED,118,248,130,False,False,True
011139254C,MEMOTEXT_CHANGED,262,392,130,False,True,True
010437335C,MEMOTEXT_CHANGED,123,253,130,False,False,True
011153183C,MEMOTEXT_CHANGED,560,690,130,False,False,True
011225416C,MEMOTEXT_CHANGED,380,510,130,False,True,True
011195919C,MEMOTEXT_CHANGED,557,687,130,False,True,True
011128643C,MEMOTEXT_CHANGED,263,392,129,False,True,True
010785099C,MEMOTEXT_CHANGED,22039,22167,128,False,True,True
010893908C,NEW_MEMOKEY,0,128,128,,,
01FG8033BC,MEMOTEXT_CHANGED,67,194,127,False,True,True
010856188C,MEMOTEXT_CHANGED,898,1025,127,False,True,True
011217112C,MEMOTEXT_CHANGED,603,729,126,False,True,True
010851148C,MEMOTEXT_CHANGED,208,334,126,False,True,True
01330D153C,NEW_MEMOKEY,0,126,126,,,
010781368C,NEW_MEMOKEY,0,126,126,,,
010758573C,MEMOTEXT_CHANGED,513,638,125,False,True,True
01ML8251C,MEMOTEXT_CHANGED,240,365,125,False,True,True
010828370C,MEMOTEXT_CHANGED,3807,3932,125,False,True,True
011239255C,MEMOTEXT_CHANGED,92,217,125,False,True,True
011162541C,MEMOTEXT_CHANGED,673,798,125,False,True,True
018845CC,NEW_MEMOKEY,0,125,125,,,
01ML8535C,NEW_MEMOKEY,0,125,125,,,
010761639C,MEMOTEXT_CHANGED,14232,14356,124,False,True,True
01222DDC,NEW_MEMOKEY,0,123,123,,,
011181499C,MEMOTEXT_CHANGED,1464,1587,123,False,False,True
018586C,NEW_MEMOKEY,0,123,123,,,
010809300C,MEMOTEXT_CHANGED,177,299,122,False,False,True
018721C,NEW_MEMOKEY,0,122,122,,,
018492C,NEW_MEMOKEY,0,122,122,,,
01222DCC,NEW_MEMOKEY,0,122,122,,,
011257364C,MEMOTEXT_CHANGED,474,596,122,False,True,True
01ML4150C,NEW_MEMOKEY,0,122,122,,,
01ML8195C,MEMOTEXT_CHANGED,309,430,121,False,True,True
018907C,MEMOTEXT_CHANGED,492,613,121,False,True,True
011238178C,MEMOTEXT_CHANGED,1528,1648,120,False,True,True
01ML8570C,MEMOTEXT_CHANGED,588,708,120,False,True,True
01ML8565C,MEMOTEXT_CHANGED,79,198,119,False,True,True
011191189C,MEMOTEXT_CHANGED,747,866,119,False,True,True
010436541C,MEMOTEXT_CHANGED,175,294,119,False,False,True
01ML4054C,MEMOTEXT_CHANGED,476,594,118,False,True,True
018330CC,NEW_MEMOKEY,0,117,117,,,
01353D732C,NEW_MEMOKEY,0,116,116,,,
018187C,NEW_MEMOKEY,0,116,116,,,
010391004C,MEMOTEXT_CHANGED,719,835,116,False,False,True
018237FC,NEW_MEMOKEY,0,116,116,,,
018167EC,NEW_MEMOKEY,0,116,116,,,
010856925C,MEMOTEXT_CHANGED,358,472,114,False,False,True
018645BC,MEMOTEXT_CHANGED,85,199,114,False,True,True
011143630C,MEMOTEXT_CHANGED,432,545,113,False,True,True
018495BC,MEMOTEXT_CHANGED,65,178,113,True,True,True
01ML8772C,MEMOTEXT_CHANGED,79,191,112,False,True,True
018167DC,NEW_MEMOKEY,0,111,111,,,
018222BC,NEW_MEMOKEY,0,110,110,,,
014112C,NEW_MEMOKEY,0,110,110,,,
01FG8314DC,NEW_MEMOKEY,0,110,110,,,
010815772C,MEMOTEXT_CHANGED,3094,3204,110,False,False,True
014075BC,NEW_MEMOKEY,0,109,109,,,
018845BC,NEW_MEMOKEY,0,108,108,,,
018234C,NEW_MEMOKEY,0,108,108,,,
010429064C,MEMOTEXT_CHANGED,356,463,107,False,False,True
018253AC,NEW_MEMOKEY,0,106,106,,,
018491C,NEW_MEMOKEY,0,106,106,,,
018253BC,NEW_MEMOKEY,0,105,105,,,
018258AC,NEW_MEMOKEY,0,104,104,,,
011283883C,NEW_MEMOKEY,0,104,104,,,
018313AC,NEW_MEMOKEY,0,104,104,,,
011085655C,MEMOTEXT_CHANGED,86,189,103,False,True,True
010756024C,MEMOTEXT_CHANGED,513,615,102,False,True,True
011154364C,MEMOTEXT_CHANGED,135,237,102,False,False,True
011112641C,MEMOTEXT_CHANGED,641,743,102,False,True,True
010796325C,MEMOTEXT_CHANGED,665,767,102,False,True,True
01ML8501C,MEMOTEXT_CHANGED,123,224,101,False,True,True
018529C,MEMOTEXT_CHANGED,65,165,100,False,True,True
010772919C,MEMOTEXT_CHANGED,1092,1191,99,False,True,True
011180707C,NEW_MEMOKEY,0,96,96,,,
014098BC,NEW_MEMOKEY,0,93,93,,,
014048C,MEMOTEXT_CHANGED,671,756,85,False,True,True
018509C,NEW_MEMOKEY,0,83,83,,,
01ML8246C,MEMOTEXT_CHANGED,85,168,83,False,True,True
018185C,MEMOTEXT_CHANGED,65,145,80,False,True,True
01ML8307C,MEMOTEXT_CHANGED,65,144,79,False,True,True
01ML8438C,MEMOTEXT_CHANGED,1396,1475,79,False,True,True
01ML4012AC,MEMOTEXT_CHANGED,76,155,79,False,True,True
01ML8378AC,MEMOTEXT_CHANGED,674,752,78,False,True,True
01ML8450BC,MEMOTEXT_CHANGED,66,143,77,False,True,True
018495AC,MEMOTEXT_CHANGED,490,567,77,False,True,True
018222AC,NEW_MEMOKEY,0,77,77,,,
01ML8007C,MEMOTEXT_CHANGED,49,126,77,False,True,True
01ML8678C,NEW_MEMOKEY,0,76,76,,,
01ML8303C,NEW_MEMOKEY,0,76,76,,,
014126AC,NEW_MEMOKEY,0,76,76,,,
018495CC,MEMOTEXT_CHANGED,65,140,75,False,True,True
018021C,NEW_MEMOKEY,0,75,75,,,
01ML8367C,MEMOTEXT_CHANGED,315,390,75,False,True,True
018330AC,NEW_MEMOKEY,0,74,74,,,
01ML8556C,MEMOTEXT_CHANGED,67,140,73,False,True,True
018909C,NEW_MEMOKEY,0,73,73,,,
018465CC,MEMOTEXT_CHANGED,123,196,73,False,True,True
01ML8314BC,NEW_MEMOKEY,0,72,72,,,
014059C,NEW_MEMOKEY,0,72,72,,,
018306FC,NEW_MEMOKEY,0,72,72,,,
01ML8515C,MEMOTEXT_CHANGED,345,416,71,False,True,True
018167CC,NEW_MEMOKEY,0,71,71,,,
018313DC,NEW_MEMOKEY,0,71,71,,,
018284DC,NEW_MEMOKEY,0,71,71,,,
018236BC,NEW_MEMOKEY,0,71,71,,,
01ML8493C,NEW_MEMOKEY,0,70,70,,,
018900C,NEW_MEMOKEY,0,70,70,,,
01ML8464C,NEW_MEMOKEY,0,69,69,,,
018166CC,MEMOTEXT_CHANGED,70,139,69,False,True,True
018330BC,NEW_MEMOKEY,0,69,69,,,
018499CC,NEW_MEMOKEY,0,68,68,,,
018386C,NEW_MEMOKEY,0,68,68,,,
018355C,NEW_MEMOKEY,0,68,68,,,
01FG8314BC,NEW_MEMOKEY,0,66,66,,,
