MPOLICY,MLOANPRIN,MLOANBAL,MLOANINT,MLOANINTX,MLOANIDT,MLOANDATE,MLOANACCR,MLOANBILL,EXCEPTION_REASON,SOURCE_POLICY
010300689C,0.00,0.00,5.00,A,20100801,20100801,0.00,0.00,ZERO_BALANCE_HELD,9010300689
010310404C,0.00,0.00,5.00,A,20131216,20131216,0.00,0.00,ZERO_BALANCE_HELD,9010310404
010367438C,0.00,0.00,5.00,A,20211110,20211110,0.00,0.00,ZERO_BALANCE_HELD,9010367438
010374099C,0.00,0.00,5.00,A,20090921,20090921,0.00,0.00,ZERO_BALANCE_HELD,9010374099
010376522C,0.00,0.00,5.00,A,20211006,20211006,0.00,0.00,ZERO_BALANCE_HELD,9010376522
010376529C,0.00,0.00,5.00,A,20190614,20190614,0.00,0.00,ZERO_BALANCE_HELD,9010376529
010377918C,0.00,0.00,5.00,A,20031106,20031106,0.00,0.00,ZERO_BALANCE_HELD,9010377918
010378485C,0.00,0.00,5.00,A,20171021,20171021,0.00,0.00,ZERO_BALANCE_HELD,9010378485
010382520C,0.00,0.00,5.00,A,20110114,20110114,0.00,0.00,ZERO_BALANCE_HELD,9010382520
010382931C,0.00,0.00,5.00,A,20220210,20220210,0.00,0.00,ZERO_BALANCE_HELD,9010382931
010385636C,0.00,0.00,5.00,A,20180507,20180507,0.00,0.00,ZERO_BALANCE_HELD,9010385636
010391228C,0.00,0.00,5.00,A,20240319,20240319,0.00,0.00,ZERO_BALANCE_HELD,9010391228
010391359C,0.00,0.00,5.00,A,20211119,20211119,0.00,0.00,ZERO_BALANCE_HELD,9010391359
010391422C,0.00,0.00,5.00,A,20191120,20191120,0.00,0.00,ZERO_BALANCE_HELD,9010391422
010391878C,0.00,0.00,5.00,A,20100701,20100701,0.00,0.00,ZERO_BALANCE_HELD,9010391878
010391895C,0.00,0.00,5.00,A,20150615,20150615,0.00,0.00,ZERO_BALANCE_HELD,9010391895
010392138C,0.00,0.00,5.00,A,20231206,20231206,0.00,0.00,ZERO_BALANCE_HELD,9010392138
010392763C,0.00,0.00,5.00,A,20150625,20150625,0.00,0.00,ZERO_BALANCE_HELD,9010392763
010395098C,0.00,0.00,5.00,A,20080801,20080801,0.00,0.00,ZERO_BALANCE_HELD,9010395098
010395382C,0.00,0.00,5.00,A,20240528,20240528,0.00,0.00,ZERO_BALANCE_HELD,9010395382
010395761C,0.00,0.00,5.00,A,20190729,20190729,0.00,0.00,ZERO_BALANCE_HELD,9010395761
010395879C,0.00,0.00,5.00,A,20150828,20150828,0.00,0.00,ZERO_BALANCE_HELD,9010395879
010397118C,0.00,0.00,5.00,A,20211108,20211108,0.00,0.00,ZERO_BALANCE_HELD,9010397118
010397318C,0.00,0.00,5.00,A,20070301,20070301,0.00,0.00,ZERO_BALANCE_HELD,9010397318
010397583C,0.00,0.00,5.00,A,20220831,20220831,0.00,0.00,ZERO_BALANCE_HELD,9010397583
010397945C,0.00,0.00,5.00,A,20091012,20091012,0.00,0.00,ZERO_BALANCE_HELD,9010397945
010400462C,0.00,0.00,5.00,A,20220428,20220428,0.00,0.00,ZERO_BALANCE_HELD,9010400462
010401565C,0.00,0.00,5.00,A,20111101,20111101,0.00,0.00,ZERO_BALANCE_HELD,9010401565
010402014C,0.00,0.00,5.00,A,20200401,20200401,0.00,0.00,ZERO_BALANCE_HELD,9010402014
010403109C,0.00,0.00,5.00,A,20260109,20260109,0.00,0.00,ZERO_BALANCE_HELD,9010403109
010404857C,0.00,0.00,5.00,A,20180118,20180118,0.00,0.00,ZERO_BALANCE_HELD,9010404857
010410566C,0.00,0.00,5.00,A,20130228,20130228,0.00,0.00,ZERO_BALANCE_HELD,9010410566
010413628C,0.00,0.00,5.00,A,20090413,20090413,0.00,0.00,ZERO_BALANCE_HELD,9010413628
010417200C,0.00,0.00,5.00,A,20200521,20200521,0.00,0.00,ZERO_BALANCE_HELD,9010417200
010420983C,0.00,0.00,5.00,A,20190909,20190909,0.00,0.00,ZERO_BALANCE_HELD,9010420983
010422033C,0.00,0.00,5.00,A,20210601,20210601,0.00,0.00,ZERO_BALANCE_HELD,9010422033
010425720C,0.00,0.00,5.00,A,20201105,20201105,0.00,0.00,ZERO_BALANCE_HELD,9010425720
010425944C,0.00,0.00,5.00,A,20120114,20120114,0.00,0.00,ZERO_BALANCE_HELD,9010425944
010426747C,0.00,0.00,5.00,A,20200312,20200312,0.00,0.00,ZERO_BALANCE_HELD,9010426747
010427456C,0.00,0.00,5.00,A,20050815,20050815,0.00,0.00,ZERO_BALANCE_HELD,9010427456
010428771C,0.00,0.00,5.00,A,20130909,20130909,0.00,0.00,ZERO_BALANCE_HELD,9010428771
010429710C,0.00,0.00,5.00,A,20230405,20230405,0.00,0.00,ZERO_BALANCE_HELD,9010429710
010429711C,0.00,0.00,5.00,A,20260413,20260413,0.00,0.00,ZERO_BALANCE_HELD,9010429711
010431738C,0.00,0.00,5.00,A,20121101,20121101,0.00,0.00,ZERO_BALANCE_HELD,9010431738
010434421C,0.00,0.00,5.00,A,20191108,20191108,0.00,0.00,ZERO_BALANCE_HELD,9010434421
010435244C,0.00,0.00,5.00,A,20100609,20100609,0.00,0.00,ZERO_BALANCE_HELD,9010435244
010435673C,0.00,0.00,5.00,A,20100218,20100218,0.00,0.00,ZERO_BALANCE_HELD,9010435673
010436599C,0.00,0.00,5.00,A,20120201,20120201,0.00,0.00,ZERO_BALANCE_HELD,9010436599
010436782C,0.00,0.00,5.00,A,20130110,20130110,0.00,0.00,ZERO_BALANCE_HELD,9010436782
010438325C,0.00,0.00,5.00,A,20100820,20100820,0.00,0.00,ZERO_BALANCE_HELD,9010438325
010438821C,0.00,0.00,5.00,A,20190402,20190402,0.00,0.00,ZERO_BALANCE_HELD,9010438821
010438942C,0.00,0.00,5.00,A,20100114,20100114,0.00,0.00,ZERO_BALANCE_HELD,9010438942
010439128C,0.00,0.00,5.00,A,20260427,20260427,0.00,0.00,ZERO_BALANCE_HELD,9010439128
010442332C,0.00,0.00,5.00,A,20190801,20190801,0.00,0.00,ZERO_BALANCE_HELD,9010442332
010442552C,0.00,0.00,5.00,A,20240517,20240517,0.00,0.00,ZERO_BALANCE_HELD,9010442552
010442906C,0.00,0.00,5.00,A,20100726,20100726,0.00,0.00,ZERO_BALANCE_HELD,9010442906
010443109C,0.00,0.00,5.00,A,20210514,20210514,0.00,0.00,ZERO_BALANCE_HELD,9010443109
010444283C,0.00,0.00,5.00,A,20041019,20041019,0.00,0.00,ZERO_BALANCE_HELD,9010444283
010445275C,0.00,0.00,5.00,A,20161006,20161006,0.00,0.00,ZERO_BALANCE_HELD,9010445275
010446852C,0.00,0.00,5.00,A,20251222,20251222,0.00,0.00,ZERO_BALANCE_HELD,9010446852
010448375C,0.00,0.00,5.00,A,20050705,20050705,0.00,0.00,ZERO_BALANCE_HELD,9010448375
010449155C,0.00,0.00,5.00,A,20120315,20120315,0.00,0.00,ZERO_BALANCE_HELD,9010449155
010451453C,0.00,0.00,5.00,A,20250515,20250515,0.00,0.00,ZERO_BALANCE_HELD,9010451453
010452169C,0.00,0.00,5.00,A,20200801,20200801,0.00,0.00,ZERO_BALANCE_HELD,9010452169
010452304C,0.00,0.00,5.00,A,20100804,20100804,0.00,0.00,ZERO_BALANCE_HELD,9010452304
010452305C,0.00,0.00,5.00,A,20100804,20100804,0.00,0.00,ZERO_BALANCE_HELD,9010452305
010454002C,0.00,0.00,5.00,A,20230424,20230424,0.00,0.00,ZERO_BALANCE_HELD,9010454002
010455341C,0.00,0.00,5.00,A,20050222,20050222,0.00,0.00,ZERO_BALANCE_HELD,9010455341
010456114C,0.00,0.00,5.00,A,20230718,20230718,0.00,0.00,ZERO_BALANCE_HELD,9010456114
010458520C,0.00,0.00,5.00,A,20230515,20230515,0.00,0.00,ZERO_BALANCE_HELD,9010458520
010458525C,0.00,0.00,5.00,A,20191115,20191115,0.00,0.00,ZERO_BALANCE_HELD,9010458525
010459723C,0.00,0.00,5.00,A,20070701,20070701,0.00,0.00,ZERO_BALANCE_HELD,9010459723
010460886C,0.00,0.00,5.00,A,20120515,20120515,0.00,0.00,ZERO_BALANCE_HELD,9010460886
010462630C,0.00,0.00,5.00,A,20230601,20230601,0.00,0.00,ZERO_BALANCE_HELD,9010462630
010462631C,0.00,0.00,5.00,A,20101029,20101029,0.00,0.00,ZERO_BALANCE_HELD,9010462631
010462839C,0.00,0.00,5.00,A,20070529,20070529,0.00,0.00,ZERO_BALANCE_HELD,9010462839
010463190C,0.00,0.00,5.00,A,20200515,20200515,0.00,0.00,ZERO_BALANCE_HELD,9010463190
010463420C,0.00,0.00,5.00,A,20180117,20180117,0.00,0.00,ZERO_BALANCE_HELD,9010463420
010463537C,0.00,0.00,5.00,A,20201202,20201202,0.00,0.00,ZERO_BALANCE_HELD,9010463537
010464869C,0.00,0.00,5.00,A,20200415,20200415,0.00,0.00,ZERO_BALANCE_HELD,9010464869
010464870C,0.00,0.00,5.00,A,20240121,20240121,0.00,0.00,ZERO_BALANCE_HELD,9010464870
010466470C,0.00,0.00,5.00,A,20100210,20100210,0.00,0.00,ZERO_BALANCE_HELD,9010466470
010466471C,0.00,0.00,5.00,A,20111213,20111213,0.00,0.00,ZERO_BALANCE_HELD,9010466471
010466472C,0.00,0.00,5.00,A,20101110,20101110,0.00,0.00,ZERO_BALANCE_HELD,9010466472
010467061C,0.00,0.00,5.00,A,20141029,20141029,0.00,0.00,ZERO_BALANCE_HELD,9010467061
010467173C,0.00,0.00,5.00,A,20051215,20051215,0.00,0.00,ZERO_BALANCE_HELD,9010467173
010467771C,0.00,0.00,5.00,A,20061115,20061115,0.00,0.00,ZERO_BALANCE_HELD,9010467771
010469081C,0.00,0.00,5.00,A,20221003,20221003,0.00,0.00,ZERO_BALANCE_HELD,9010469081
010469728C,0.00,0.00,5.00,A,20160315,20160315,0.00,0.00,ZERO_BALANCE_HELD,9010469728
010469896C,0.00,0.00,5.00,A,20150708,20150708,0.00,0.00,ZERO_BALANCE_HELD,9010469896
010471534C,0.00,0.00,5.00,A,20150615,20150615,0.00,0.00,ZERO_BALANCE_HELD,9010471534
010472182C,0.00,0.00,5.00,A,20210111,20210111,0.00,0.00,ZERO_BALANCE_HELD,9010472182
010472183C,0.00,0.00,5.00,A,20210111,20210111,0.00,0.00,ZERO_BALANCE_HELD,9010472183
010473137C,0.00,0.00,5.00,A,20190807,20190807,0.00,0.00,ZERO_BALANCE_HELD,9010473137
010474519C,0.00,0.00,5.00,A,20090609,20090609,0.00,0.00,ZERO_BALANCE_HELD,9010474519
010474522C,0.00,0.00,5.00,A,20240712,20240712,0.00,0.00,ZERO_BALANCE_HELD,9010474522
010476803C,0.00,0.00,5.00,A,20180107,20180107,0.00,0.00,ZERO_BALANCE_HELD,9010476803
010477512C,0.00,0.00,5.00,A,20201122,20201122,0.00,0.00,ZERO_BALANCE_HELD,9010477512
010477513C,0.00,0.00,5.00,A,20200430,20200430,0.00,0.00,ZERO_BALANCE_HELD,9010477513
010477989C,0.00,0.00,5.00,A,20200304,20200304,0.00,0.00,ZERO_BALANCE_HELD,9010477989
010478285C,0.00,0.00,5.00,A,20200405,20200405,0.00,0.00,ZERO_BALANCE_HELD,9010478285
010486964C,0.00,0.00,5.00,A,20220313,20220313,0.00,0.00,ZERO_BALANCE_HELD,9010486964
010487396C,0.00,0.00,5.00,A,20120827,20120827,0.00,0.00,ZERO_BALANCE_HELD,9010487396
010487886C,0.00,0.00,5.00,A,20241212,20241212,0.00,0.00,ZERO_BALANCE_HELD,9010487886
010496486C,0.00,0.00,5.00,A,20131008,20131008,0.00,0.00,ZERO_BALANCE_HELD,9010496486
010497768C,0.00,0.00,5.00,A,20211015,20211015,0.00,0.00,ZERO_BALANCE_HELD,9010497768
010499674C,0.00,0.00,5.00,A,20151215,20151215,0.00,0.00,ZERO_BALANCE_HELD,9010499674
010500769C,0.00,0.00,5.00,A,20150414,20150414,0.00,0.00,ZERO_BALANCE_HELD,9010500769
010501142C,0.00,0.00,5.00,A,20121204,20121204,0.00,0.00,ZERO_BALANCE_HELD,9010501142
010501836C,0.00,0.00,5.00,A,20150203,20150203,0.00,0.00,ZERO_BALANCE_HELD,9010501836
010502995C,0.00,0.00,5.00,A,20120515,20120515,0.00,0.00,ZERO_BALANCE_HELD,9010502995
010502996C,0.00,0.00,5.00,A,20120515,20120515,0.00,0.00,ZERO_BALANCE_HELD,9010502996
010510553C,0.00,0.00,5.00,A,20130701,20130701,0.00,0.00,ZERO_BALANCE_HELD,9010510553
010510979C,0.00,0.00,5.00,A,20050526,20050526,0.00,0.00,ZERO_BALANCE_HELD,9010510979
010511203C,0.00,0.00,5.00,A,20220804,20220804,0.00,0.00,ZERO_BALANCE_HELD,9010511203
010521651C,0.00,0.00,5.00,A,20230502,20230502,0.00,0.00,ZERO_BALANCE_HELD,9010521651
010523058C,0.00,0.00,5.00,A,20250301,20250301,0.00,0.00,ZERO_BALANCE_HELD,9010523058
010526524C,0.00,0.00,5.00,A,20240520,20240520,0.00,0.00,ZERO_BALANCE_HELD,9010526524
010529993C,0.00,0.00,5.00,A,20230505,20230505,0.00,0.00,ZERO_BALANCE_HELD,9010529993
010532612C,0.00,0.00,5.00,A,20050628,20050628,0.00,0.00,ZERO_BALANCE_HELD,9010532612
010544182C,0.00,0.00,5.00,A,20050117,20050117,0.00,0.00,ZERO_BALANCE_HELD,9010544182
010545623C,0.00,0.00,5.00,A,20230124,20230124,0.00,0.00,ZERO_BALANCE_HELD,9010545623
010547488C,0.00,0.00,5.00,A,20221110,20221110,0.00,0.00,ZERO_BALANCE_HELD,9010547488
010549966C,0.00,0.00,5.00,A,20071211,20071211,0.00,0.00,ZERO_BALANCE_HELD,9010549966
010550564C,0.00,0.00,5.00,A,20190920,20190920,0.00,0.00,ZERO_BALANCE_HELD,9010550564
010564241C,0.00,0.00,5.00,A,20171106,20171106,0.00,0.00,ZERO_BALANCE_HELD,9010564241
010583923C,0.00,0.00,5.00,A,20110704,20110704,0.00,0.00,ZERO_BALANCE_HELD,9010583923
010586005C,0.00,0.00,5.00,A,20241204,20241204,0.00,0.00,ZERO_BALANCE_HELD,9010586005
010639996C,0.00,0.00,5.00,A,20060719,20060719,0.00,0.00,ZERO_BALANCE_HELD,9010639996
010718278C,0.00,0.00,7.40,A,20050703,20050703,0.00,0.00,ZERO_BALANCE_HELD,9010718278
010726104C,0.00,0.00,7.40,A,20080813,20080813,0.00,0.00,ZERO_BALANCE_HELD,9010726104
010730647C,0.00,0.00,7.40,A,20190416,20190416,0.00,0.00,ZERO_BALANCE_HELD,9010730647
010730780C,0.00,0.00,7.40,A,20060918,20060918,0.00,0.00,ZERO_BALANCE_HELD,9010730780
010731970C,0.00,0.00,7.40,A,20220829,20220829,0.00,0.00,ZERO_BALANCE_HELD,9010731970
010733472C,0.00,0.00,7.40,A,20201026,20201026,0.00,0.00,ZERO_BALANCE_HELD,9010733472
010736283C,0.00,0.00,7.40,A,20080724,20080724,0.00,0.00,ZERO_BALANCE_HELD,9010736283
010736935C,0.00,0.00,7.40,A,20251210,20251210,0.00,0.00,ZERO_BALANCE_HELD,9010736935
010738539C,0.00,0.00,7.40,A,20250103,20250103,0.00,0.00,ZERO_BALANCE_HELD,9010738539
010741234C,0.00,0.00,7.40,A,20190201,20190201,0.00,0.00,ZERO_BALANCE_HELD,9010741234
010741334C,0.00,0.00,7.40,A,20090126,20090126,0.00,0.00,ZERO_BALANCE_HELD,9010741334
010741943C,0.00,0.00,7.40,A,20250718,20250718,0.00,0.00,ZERO_BALANCE_HELD,9010741943
010743395C,0.00,0.00,7.40,A,20110610,20110610,0.00,0.00,ZERO_BALANCE_HELD,9010743395
010745811C,0.00,0.00,7.40,A,20160627,20160627,0.00,0.00,ZERO_BALANCE_HELD,9010745811
010747320C,0.00,0.00,7.40,A,20190826,20190826,0.00,0.00,ZERO_BALANCE_HELD,9010747320
010748300C,0.00,0.00,7.40,A,20200327,20200327,0.00,0.00,ZERO_BALANCE_HELD,9010748300
010748334C,0.00,0.00,7.40,A,20091028,20091028,0.00,0.00,ZERO_BALANCE_HELD,9010748334
010748335C,0.00,0.00,7.40,A,20110404,20110404,0.00,0.00,ZERO_BALANCE_HELD,9010748335
010750812C,0.00,0.00,7.40,A,20250513,20250513,0.00,0.00,ZERO_BALANCE_HELD,9010750812
010750813C,0.00,0.00,7.40,A,20180629,20180629,0.00,0.00,ZERO_BALANCE_HELD,9010750813
010752513C,0.00,0.00,7.40,A,20200201,20200201,0.00,0.00,ZERO_BALANCE_HELD,9010752513
010752702C,0.00,0.00,7.40,A,20150625,20150625,0.00,0.00,ZERO_BALANCE_HELD,9010752702
010755885C,0.00,0.00,7.40,A,20090711,20090711,0.00,0.00,ZERO_BALANCE_HELD,9010755885
010756212C,0.00,0.00,7.40,A,20211105,20211105,0.00,0.00,ZERO_BALANCE_HELD,9010756212
010756540C,0.00,0.00,7.40,A,20230708,20230708,0.00,0.00,ZERO_BALANCE_HELD,9010756540
010759530C,0.00,0.00,7.40,A,20191118,20191118,0.00,0.00,ZERO_BALANCE_HELD,9010759530
010760306C,0.00,0.00,7.40,A,20200101,20200101,0.00,0.00,ZERO_BALANCE_HELD,9010760306
010760865C,0.00,0.00,7.40,A,20041022,20041022,0.00,0.00,ZERO_BALANCE_HELD,9010760865
010760874C,0.00,0.00,7.40,A,20050603,20050603,0.00,0.00,ZERO_BALANCE_HELD,9010760874
010761870C,0.00,0.00,7.40,A,20160125,20160125,0.00,0.00,ZERO_BALANCE_HELD,9010761870
010761965C,0.00,0.00,7.40,A,20150519,20150519,0.00,0.00,ZERO_BALANCE_HELD,9010761965
010762068C,0.00,0.00,7.40,A,20070426,20070426,0.00,0.00,ZERO_BALANCE_HELD,9010762068
010762331C,0.00,0.00,7.40,A,20201221,20201221,0.00,0.00,ZERO_BALANCE_HELD,9010762331
010763006C,0.00,0.00,7.40,A,20160804,20160804,0.00,0.00,ZERO_BALANCE_HELD,9010763006
010764379C,0.00,0.00,7.40,A,20200729,20200729,0.00,0.00,ZERO_BALANCE_HELD,9010764379
010766057C,0.00,0.00,7.40,A,20190424,20190424,0.00,0.00,ZERO_BALANCE_HELD,9010766057
010766284C,0.00,0.00,7.40,A,20190125,20190125,0.00,0.00,ZERO_BALANCE_HELD,9010766284
010766847C,0.00,0.00,7.40,A,20041004,20041004,0.00,0.00,ZERO_BALANCE_HELD,9010766847
010767772C,0.00,0.00,7.40,A,20090106,20090106,0.00,0.00,ZERO_BALANCE_HELD,9010767772
010769191C,0.00,0.00,7.40,A,20240105,20240105,0.00,0.00,ZERO_BALANCE_HELD,9010769191
010769711C,0.00,0.00,7.40,A,20181113,20181113,0.00,0.00,ZERO_BALANCE_HELD,9010769711
010769714C,0.00,0.00,7.40,A,20230404,20230404,0.00,0.00,ZERO_BALANCE_HELD,9010769714
010770571C,0.00,0.00,7.40,A,20120125,20120125,0.00,0.00,ZERO_BALANCE_HELD,9010770571
010770572C,0.00,0.00,7.40,A,20090724,20090724,0.00,0.00,ZERO_BALANCE_HELD,9010770572
010770719C,0.00,0.00,7.40,A,20191213,20191213,0.00,0.00,ZERO_BALANCE_HELD,9010770719
010770816C,0.00,0.00,7.40,A,20220711,20220711,0.00,0.00,ZERO_BALANCE_HELD,9010770816
010771111C,0.00,0.00,7.40,A,20200430,20200430,0.00,0.00,ZERO_BALANCE_HELD,9010771111
010771354C,0.00,0.00,7.40,A,20260514,20260514,0.00,0.00,ZERO_BALANCE_HELD,9010771354
010772840C,0.00,0.00,7.40,A,20210201,20210201,0.00,0.00,ZERO_BALANCE_HELD,9010772840
010774107C,0.00,0.00,7.40,A,20191215,20191215,0.00,0.00,ZERO_BALANCE_HELD,9010774107
010774109C,0.00,0.00,7.40,A,20201120,20201120,0.00,0.00,ZERO_BALANCE_HELD,9010774109
010774868C,0.00,0.00,7.40,A,20050105,20050105,0.00,0.00,ZERO_BALANCE_HELD,9010774868
010775239C,0.00,0.00,7.40,A,20041207,20041207,0.00,0.00,ZERO_BALANCE_HELD,9010775239
010775940C,0.00,0.00,7.40,A,20190125,20190125,0.00,0.00,ZERO_BALANCE_HELD,9010775940
010776157C,0.00,0.00,7.40,A,20200116,20200116,0.00,0.00,ZERO_BALANCE_HELD,9010776157
010776502C,0.00,0.00,7.40,A,20040629,20040629,0.00,0.00,ZERO_BALANCE_HELD,9010776502
010776918C,0.00,0.00,7.40,A,20170115,20170115,0.00,0.00,ZERO_BALANCE_HELD,9010776918
010779556C,0.00,0.00,7.40,A,20190828,20190828,0.00,0.00,ZERO_BALANCE_HELD,9010779556
010780668C,0.00,0.00,7.40,A,20050606,20050606,0.00,0.00,ZERO_BALANCE_HELD,9010780668
010781368C,0.00,0.00,7.40,A,20040109,20040109,0.00,0.00,ZERO_BALANCE_HELD,9010781368
010782818C,0.00,0.00,7.40,A,20181101,20181101,0.00,0.00,ZERO_BALANCE_HELD,9010782818
010783066C,0.00,0.00,7.40,A,20230414,20230414,0.00,0.00,ZERO_BALANCE_HELD,9010783066
010783269C,0.00,0.00,7.40,A,20080725,20080725,0.00,0.00,ZERO_BALANCE_HELD,9010783269
010783296C,0.00,0.00,7.40,A,20190401,20190401,0.00,0.00,ZERO_BALANCE_HELD,9010783296
010783715C,0.00,0.00,7.40,A,20201127,20201127,0.00,0.00,ZERO_BALANCE_HELD,9010783715
010784248C,0.00,0.00,7.40,A,20190604,20190604,0.00,0.00,ZERO_BALANCE_HELD,9010784248
010784249C,0.00,0.00,7.40,A,20190604,20190604,0.00,0.00,ZERO_BALANCE_HELD,9010784249
010784592C,0.00,0.00,7.40,A,20130305,20130305,0.00,0.00,ZERO_BALANCE_HELD,9010784592
010784731C,0.00,0.00,7.40,A,20040405,20040405,0.00,0.00,ZERO_BALANCE_HELD,9010784731
010784742C,0.00,0.00,7.40,A,20220309,20220309,0.00,0.00,ZERO_BALANCE_HELD,9010784742
010785049C,0.00,0.00,7.40,A,20200503,20200503,0.00,0.00,ZERO_BALANCE_HELD,9010785049
010785099C,0.00,0.00,7.40,A,20210306,20210306,0.00,0.00,ZERO_BALANCE_HELD,9010785099
010786321C,0.00,0.00,7.40,A,20190313,20190313,0.00,0.00,ZERO_BALANCE_HELD,9010786321
010787730C,0.00,0.00,7.40,A,20160401,20160401,0.00,0.00,ZERO_BALANCE_HELD,9010787730
010787952C,0.00,0.00,7.40,A,20070607,20070607,0.00,0.00,ZERO_BALANCE_HELD,9010787952
010788878C,0.00,0.00,7.40,A,20170404,20170404,0.00,0.00,ZERO_BALANCE_HELD,9010788878
010789348C,0.00,0.00,7.40,A,20120610,20120610,0.00,0.00,ZERO_BALANCE_HELD,9010789348
010789531C,0.00,0.00,7.40,A,20200403,20200403,0.00,0.00,ZERO_BALANCE_HELD,9010789531
010789532C,0.00,0.00,7.40,A,20180412,20180412,0.00,0.00,ZERO_BALANCE_HELD,9010789532
010790782C,0.00,0.00,7.40,A,20240520,20240520,0.00,0.00,ZERO_BALANCE_HELD,9010790782
010792705C,0.00,0.00,7.40,A,20220603,20220603,0.00,0.00,ZERO_BALANCE_HELD,9010792705
010792706C,0.00,0.00,7.40,A,20250503,20250503,0.00,0.00,ZERO_BALANCE_HELD,9010792706
010793737C,0.00,0.00,7.40,A,20110815,20110815,0.00,0.00,ZERO_BALANCE_HELD,9010793737
010793738C,0.00,0.00,7.40,A,20120815,20120815,0.00,0.00,ZERO_BALANCE_HELD,9010793738
010795047C,0.00,0.00,7.40,A,20150820,20150820,0.00,0.00,ZERO_BALANCE_HELD,9010795047
010795699C,0.00,0.00,7.40,A,20240526,20240526,0.00,0.00,ZERO_BALANCE_HELD,9010795699
010796459C,0.00,0.00,7.40,A,20241010,20241010,0.00,0.00,ZERO_BALANCE_HELD,9010796459
010796464C,0.00,0.00,7.40,A,20180314,20180314,0.00,0.00,ZERO_BALANCE_HELD,9010796464
010797196C,0.00,0.00,7.40,A,20060918,20060918,0.00,0.00,ZERO_BALANCE_HELD,9010797196
010798018C,0.00,0.00,7.40,A,20260113,20260113,0.00,0.00,ZERO_BALANCE_HELD,9010798018
010803025C,0.00,0.00,7.40,A,20211027,20211027,0.00,0.00,ZERO_BALANCE_HELD,9010803025
010803026C,0.00,0.00,7.40,A,20260509,20260509,0.00,0.00,ZERO_BALANCE_HELD,9010803026
010803417C,0.00,0.00,7.40,A,20220822,20220822,0.00,0.00,ZERO_BALANCE_HELD,9010803417
010804608C,0.00,0.00,7.40,A,20120208,20120208,0.00,0.00,ZERO_BALANCE_HELD,9010804608
010806596C,0.00,0.00,7.40,A,20260303,20260303,0.00,0.00,ZERO_BALANCE_HELD,9010806596
010806606C,0.00,0.00,7.40,A,20181107,20181107,0.00,0.00,ZERO_BALANCE_HELD,9010806606
010808106C,0.00,0.00,7.40,A,20140525,20140525,0.00,0.00,ZERO_BALANCE_HELD,9010808106
010808895C,0.00,0.00,7.40,A,20140805,20140805,0.00,0.00,ZERO_BALANCE_HELD,9010808895
010808901C,0.00,0.00,7.40,A,20110225,20110225,0.00,0.00,ZERO_BALANCE_HELD,9010808901
010809333C,0.00,0.00,7.40,A,20151214,20151214,0.00,0.00,ZERO_BALANCE_HELD,9010809333
010809353C,0.00,0.00,7.40,A,20220617,20220617,0.00,0.00,ZERO_BALANCE_HELD,9010809353
010809581C,0.00,0.00,7.40,A,20251029,20251029,0.00,0.00,ZERO_BALANCE_HELD,9010809581
010809966C,0.00,0.00,7.40,A,20180826,20180826,0.00,0.00,ZERO_BALANCE_HELD,9010809966
010810194C,0.00,0.00,7.40,A,20221021,20221021,0.00,0.00,ZERO_BALANCE_HELD,9010810194
010810271C,0.00,0.00,7.40,A,20191005,20191005,0.00,0.00,ZERO_BALANCE_HELD,9010810271
010810504C,0.00,0.00,7.40,A,20220824,20220824,0.00,0.00,ZERO_BALANCE_HELD,9010810504
010810539C,0.00,0.00,7.40,A,20200201,20200201,0.00,0.00,ZERO_BALANCE_HELD,9010810539
010810691C,0.00,0.00,7.40,A,20101008,20101008,0.00,0.00,ZERO_BALANCE_HELD,9010810691
010810912C,0.00,0.00,7.40,A,20180610,20180610,0.00,0.00,ZERO_BALANCE_HELD,9010810912
010811204C,0.00,0.00,7.40,A,20230824,20230824,0.00,0.00,ZERO_BALANCE_HELD,9010811204
010812930C,0.00,0.00,7.40,A,20061122,20061122,0.00,0.00,ZERO_BALANCE_HELD,9010812930
010813163C,0.00,0.00,7.40,A,20121016,20121016,0.00,0.00,ZERO_BALANCE_HELD,9010813163
010813426C,0.00,0.00,7.40,A,20220926,20220926,0.00,0.00,ZERO_BALANCE_HELD,9010813426
010813427C,0.00,0.00,7.40,A,20250726,20250726,0.00,0.00,ZERO_BALANCE_HELD,9010813427
010814559C,0.00,0.00,7.40,A,20120419,20120419,0.00,0.00,ZERO_BALANCE_HELD,9010814559
010814968C,0.00,0.00,7.40,A,20240925,20240925,0.00,0.00,ZERO_BALANCE_HELD,9010814968
010815236C,0.00,0.00,7.40,A,20231003,20231003,0.00,0.00,ZERO_BALANCE_HELD,9010815236
010815416C,0.00,0.00,7.40,A,20100409,20100409,0.00,0.00,ZERO_BALANCE_HELD,9010815416
010815417C,0.00,0.00,7.40,A,20080409,20080409,0.00,0.00,ZERO_BALANCE_HELD,9010815417
010815524C,0.00,0.00,7.40,A,20050224,20050224,0.00,0.00,ZERO_BALANCE_HELD,9010815524
010816331C,0.00,0.00,7.40,A,20181120,20181120,0.00,0.00,ZERO_BALANCE_HELD,9010816331
010816898C,0.00,0.00,7.40,A,20181121,20181121,0.00,0.00,ZERO_BALANCE_HELD,9010816898
010816928C,0.00,0.00,7.40,A,20041209,20041209,0.00,0.00,ZERO_BALANCE_HELD,9010816928
010817415C,0.00,0.00,7.40,A,20201122,20201122,0.00,0.00,ZERO_BALANCE_HELD,9010817415
010817639C,0.00,0.00,7.40,A,20231215,20231215,0.00,0.00,ZERO_BALANCE_HELD,9010817639
010817835C,0.00,0.00,7.40,A,20250124,20250124,0.00,0.00,ZERO_BALANCE_HELD,9010817835
010817836C,0.00,0.00,7.40,A,20250124,20250124,0.00,0.00,ZERO_BALANCE_HELD,9010817836
010818008C,0.00,0.00,7.40,A,20121029,20121029,0.00,0.00,ZERO_BALANCE_HELD,9010818008
010819400C,0.00,0.00,7.40,A,20200414,20200414,0.00,0.00,ZERO_BALANCE_HELD,9010819400
010819960C,0.00,0.00,7.40,A,20181116,20181116,0.00,0.00,ZERO_BALANCE_HELD,9010819960
010819961C,0.00,0.00,7.40,A,20181116,20181116,0.00,0.00,ZERO_BALANCE_HELD,9010819961
010821381C,0.00,0.00,7.40,A,20181114,20181114,0.00,0.00,ZERO_BALANCE_HELD,9010821381
010823187C,0.00,0.00,7.40,A,20040812,20040812,0.00,0.00,ZERO_BALANCE_HELD,9010823187
010824611C,0.00,0.00,7.40,A,20161205,20161205,0.00,0.00,ZERO_BALANCE_HELD,9010824611
010825195C,0.00,0.00,7.40,A,20250702,20250702,0.00,0.00,ZERO_BALANCE_HELD,9010825195
010825694C,0.00,0.00,7.40,A,20210601,20210601,0.00,0.00,ZERO_BALANCE_HELD,9010825694
010825720C,0.00,0.00,7.40,A,20210208,20210208,0.00,0.00,ZERO_BALANCE_HELD,9010825720
010825968C,0.00,0.00,7.40,A,20060207,20060207,0.00,0.00,ZERO_BALANCE_HELD,9010825968
010825969C,0.00,0.00,7.40,A,20060207,20060207,0.00,0.00,ZERO_BALANCE_HELD,9010825969
010826097C,0.00,0.00,7.40,A,20190329,20190329,0.00,0.00,ZERO_BALANCE_HELD,9010826097
010826130C,0.00,0.00,7.40,A,20080206,20080206,0.00,0.00,ZERO_BALANCE_HELD,9010826130
010826133C,0.00,0.00,7.40,A,20220322,20220322,0.00,0.00,ZERO_BALANCE_HELD,9010826133
010827434C,0.00,0.00,7.40,A,20110201,20110201,0.00,0.00,ZERO_BALANCE_HELD,9010827434
010827674C,0.00,0.00,7.40,A,20250202,20250202,0.00,0.00,ZERO_BALANCE_HELD,9010827674
010828368C,0.00,0.00,7.40,A,20180425,20180425,0.00,0.00,ZERO_BALANCE_HELD,9010828368
010831150C,0.00,0.00,7.40,A,20140310,20140310,0.00,0.00,ZERO_BALANCE_HELD,9010831150
010832626C,0.00,0.00,7.40,A,20190112,20190112,0.00,0.00,ZERO_BALANCE_HELD,9010832626
010833467C,0.00,0.00,7.40,A,20210213,20210213,0.00,0.00,ZERO_BALANCE_HELD,9010833467
010834430C,0.00,0.00,7.40,A,20181204,20181204,0.00,0.00,ZERO_BALANCE_HELD,9010834430
010834489C,0.00,0.00,7.40,A,20100401,20100401,0.00,0.00,ZERO_BALANCE_HELD,9010834489
010834689C,0.00,0.00,7.40,A,20211130,20211130,0.00,0.00,ZERO_BALANCE_HELD,9010834689
010834690C,0.00,0.00,7.40,A,20240928,20240928,0.00,0.00,ZERO_BALANCE_HELD,9010834690
010835334C,0.00,0.00,7.40,A,20040506,20040506,0.00,0.00,ZERO_BALANCE_HELD,9010835334
010838863C,0.00,0.00,7.40,A,20180501,20180501,0.00,0.00,ZERO_BALANCE_HELD,9010838863
010839290C,0.00,0.00,7.40,A,20160512,20160512,0.00,0.00,ZERO_BALANCE_HELD,9010839290
010839783C,0.00,0.00,7.40,A,20150201,20150201,0.00,0.00,ZERO_BALANCE_HELD,9010839783
010842016C,0.00,0.00,7.40,A,20230608,20230608,0.00,0.00,ZERO_BALANCE_HELD,9010842016
010842017C,0.00,0.00,7.40,A,20210415,20210415,0.00,0.00,ZERO_BALANCE_HELD,9010842017
010842026C,0.00,0.00,7.40,A,20100201,20100201,0.00,0.00,ZERO_BALANCE_HELD,9010842026
010842291C,0.00,0.00,7.40,A,20210915,20210915,0.00,0.00,ZERO_BALANCE_HELD,9010842291
010842863C,0.00,0.00,7.40,A,20210617,20210617,0.00,0.00,ZERO_BALANCE_HELD,9010842863
010842962C,0.00,0.00,7.40,A,20150309,20150309,0.00,0.00,ZERO_BALANCE_HELD,9010842962
010844069C,0.00,0.00,7.40,A,20260421,20260421,0.00,0.00,ZERO_BALANCE_HELD,9010844069
010844322C,0.00,0.00,7.40,A,20190701,20190701,0.00,0.00,ZERO_BALANCE_HELD,9010844322
010844496C,0.00,0.00,7.40,A,20170716,20170716,0.00,0.00,ZERO_BALANCE_HELD,9010844496
010845307C,0.00,0.00,7.40,A,20120807,20120807,0.00,0.00,ZERO_BALANCE_HELD,9010845307
010845880C,0.00,0.00,7.40,A,20160216,20160216,0.00,0.00,ZERO_BALANCE_HELD,9010845880
010846851C,0.00,0.00,7.40,A,20160502,20160502,0.00,0.00,ZERO_BALANCE_HELD,9010846851
010847570C,0.00,0.00,7.40,A,20220113,20220113,0.00,0.00,ZERO_BALANCE_HELD,9010847570
010851112C,0.00,0.00,7.40,A,20220425,20220425,0.00,0.00,ZERO_BALANCE_HELD,9010851112
010851148C,0.00,0.00,7.40,A,20240519,20240519,0.00,0.00,ZERO_BALANCE_HELD,9010851148
010852709C,0.00,0.00,7.40,A,20180504,20180504,0.00,0.00,ZERO_BALANCE_HELD,9010852709
010853070C,0.00,0.00,7.40,A,20200916,20200916,0.00,0.00,ZERO_BALANCE_HELD,9010853070
010855657C,0.00,0.00,7.40,A,20221024,20221024,0.00,0.00,ZERO_BALANCE_HELD,9010855657
010856188C,0.00,0.00,7.40,A,20240306,20240306,0.00,0.00,ZERO_BALANCE_HELD,9010856188
010856925C,0.00,0.00,7.40,A,20190713,20190713,0.00,0.00,ZERO_BALANCE_HELD,9010856925
010860471C,0.00,0.00,7.40,A,20231207,20231207,0.00,0.00,ZERO_BALANCE_HELD,9010860471
010860472C,0.00,0.00,7.40,A,20210129,20210129,0.00,0.00,ZERO_BALANCE_HELD,9010860472
010863788C,0.00,0.00,7.40,A,20250905,20250905,0.00,0.00,ZERO_BALANCE_HELD,9010863788
010866396C,0.00,0.00,7.40,A,20210208,20210208,0.00,0.00,ZERO_BALANCE_HELD,9010866396
010868131C,0.00,0.00,7.40,A,20240220,20240220,0.00,0.00,ZERO_BALANCE_HELD,9010868131
010870474C,0.00,0.00,7.40,A,20180816,20180816,0.00,0.00,ZERO_BALANCE_HELD,9010870474
010872105C,0.00,0.00,7.40,A,20250319,20250319,0.00,0.00,ZERO_BALANCE_HELD,9010872105
010872324C,0.00,0.00,7.40,A,20150117,20150117,0.00,0.00,ZERO_BALANCE_HELD,9010872324
010872329C,0.00,0.00,7.40,A,20260326,20260326,0.00,0.00,ZERO_BALANCE_HELD,9010872329
010872522C,0.00,0.00,7.40,A,20190121,20190121,0.00,0.00,ZERO_BALANCE_HELD,9010872522
010874688C,0.00,0.00,7.40,A,20081118,20081118,0.00,0.00,ZERO_BALANCE_HELD,9010874688
010877009C,0.00,0.00,7.40,A,20240127,20240127,0.00,0.00,ZERO_BALANCE_HELD,9010877009
010880257C,0.00,0.00,7.40,A,20180302,20180302,0.00,0.00,ZERO_BALANCE_HELD,9010880257
010881272C,0.00,0.00,7.40,A,20190806,20190806,0.00,0.00,ZERO_BALANCE_HELD,9010881272
010886528C,0.00,0.00,7.40,A,20161228,20161228,0.00,0.00,ZERO_BALANCE_HELD,9010886528
010887927C,0.00,0.00,7.40,A,20250408,20250408,0.00,0.00,ZERO_BALANCE_HELD,9010887927
010887929C,0.00,0.00,7.40,A,20240408,20240408,0.00,0.00,ZERO_BALANCE_HELD,9010887929
010892327C,0.00,0.00,7.40,A,20180418,20180418,0.00,0.00,ZERO_BALANCE_HELD,9010892327
010894743C,0.00,0.00,7.40,A,20150905,20150905,0.00,0.00,ZERO_BALANCE_HELD,9010894743
010895935C,0.00,0.00,7.40,A,20190225,20190225,0.00,0.00,ZERO_BALANCE_HELD,9010895935
010895936C,0.00,0.00,7.40,A,20190225,20190225,0.00,0.00,ZERO_BALANCE_HELD,9010895936
010897521C,0.00,0.00,7.40,A,20070921,20070921,0.00,0.00,ZERO_BALANCE_HELD,9010897521
010897664C,0.00,0.00,7.40,A,20180320,20180320,0.00,0.00,ZERO_BALANCE_HELD,9010897664
010899709C,0.00,0.00,7.40,A,20190826,20190826,0.00,0.00,ZERO_BALANCE_HELD,9010899709
010899761C,0.00,0.00,7.40,A,20190906,20190906,0.00,0.00,ZERO_BALANCE_HELD,9010899761
010900512C,0.00,0.00,7.40,A,20210601,20210601,0.00,0.00,ZERO_BALANCE_HELD,9010900512
010901657C,0.00,0.00,7.40,A,20260301,20260301,0.00,0.00,ZERO_BALANCE_HELD,9010901657
010901775C,0.00,0.00,7.40,A,20171113,20171113,0.00,0.00,ZERO_BALANCE_HELD,9010901775
010904808C,0.00,0.00,7.40,A,20190723,20190723,0.00,0.00,ZERO_BALANCE_HELD,9010904808
010904809C,0.00,0.00,7.40,A,20190723,20190723,0.00,0.00,ZERO_BALANCE_HELD,9010904809
010904810C,0.00,0.00,7.40,A,20190723,20190723,0.00,0.00,ZERO_BALANCE_HELD,9010904810
010909669C,0.00,0.00,7.40,A,20160707,20160707,0.00,0.00,ZERO_BALANCE_HELD,9010909669
010917231C,0.00,0.00,7.40,A,20230603,20230603,0.00,0.00,ZERO_BALANCE_HELD,9010917231
010917600C,0.00,0.00,7.40,A,20190718,20190718,0.00,0.00,ZERO_BALANCE_HELD,9010917600
010920186C,0.00,0.00,7.40,A,20240814,20240814,0.00,0.00,ZERO_BALANCE_HELD,9010920186
010927421C,0.00,0.00,7.40,A,20230522,20230522,0.00,0.00,ZERO_BALANCE_HELD,9010927421
010927552C,0.00,0.00,7.40,A,20080925,20080925,0.00,0.00,ZERO_BALANCE_HELD,9010927552
010928491C,0.00,0.00,7.40,A,20130930,20130930,0.00,0.00,ZERO_BALANCE_HELD,9010928491
010928495C,0.00,0.00,7.40,A,20241003,20241003,0.00,0.00,ZERO_BALANCE_HELD,9010928495
010928497C,0.00,0.00,7.40,A,20180501,20180501,0.00,0.00,ZERO_BALANCE_HELD,9010928497
010937087C,0.00,0.00,7.40,A,20241017,20241017,0.00,0.00,ZERO_BALANCE_HELD,9010937087
010937735C,0.00,0.00,7.40,A,20250420,20250420,0.00,0.00,ZERO_BALANCE_HELD,9010937735
010938121C,0.00,0.00,7.40,A,20250129,20250129,0.00,0.00,ZERO_BALANCE_HELD,9010938121
010949672C,0.00,0.00,7.40,A,20221113,20221113,0.00,0.00,ZERO_BALANCE_HELD,9010949672
010956144C,0.00,0.00,7.40,A,20190208,20190208,0.00,0.00,ZERO_BALANCE_HELD,9010956144
010968283C,0.00,0.00,7.40,A,20230224,20230224,0.00,0.00,ZERO_BALANCE_HELD,9010968283
010980833C,0.00,0.00,7.40,A,20170408,20170408,0.00,0.00,ZERO_BALANCE_HELD,9010980833
010985597C,0.00,0.00,7.40,A,20190501,20190501,0.00,0.00,ZERO_BALANCE_HELD,9010985597
010987095C,0.00,0.00,7.40,A,20041115,20041115,0.00,0.00,ZERO_BALANCE_HELD,9010987095
010988150C,0.00,0.00,7.40,A,20091109,20091109,0.00,0.00,ZERO_BALANCE_HELD,9010988150
010991108C,0.00,0.00,7.40,A,20140505,20140505,0.00,0.00,ZERO_BALANCE_HELD,9010991108
010994236C,0.00,0.00,7.40,A,20051101,20051101,0.00,0.00,ZERO_BALANCE_HELD,9010994236
010994968C,0.00,0.00,7.40,A,20200421,20200421,0.00,0.00,ZERO_BALANCE_HELD,9010994968
011001627C,0.00,0.00,7.40,A,20120201,20120201,0.00,0.00,ZERO_BALANCE_HELD,9011001627
011003108C,0.00,0.00,7.40,A,20180801,20180801,0.00,0.00,ZERO_BALANCE_HELD,9011003108
011004587C,0.00,0.00,7.40,A,20151109,20151109,0.00,0.00,ZERO_BALANCE_HELD,9011004587
011005435C,0.00,0.00,7.40,A,20180209,20180209,0.00,0.00,ZERO_BALANCE_HELD,9011005435
011010387C,0.00,0.00,7.40,A,20250921,20250921,0.00,0.00,ZERO_BALANCE_HELD,9011010387
011014578C,0.00,0.00,7.40,A,20180216,20180216,0.00,0.00,ZERO_BALANCE_HELD,9011014578
011014579C,0.00,0.00,7.40,A,20171109,20171109,0.00,0.00,ZERO_BALANCE_HELD,9011014579
011014580C,0.00,0.00,7.40,A,20171109,20171109,0.00,0.00,ZERO_BALANCE_HELD,9011014580
011023549C,0.00,0.00,7.40,A,20140507,20140507,0.00,0.00,ZERO_BALANCE_HELD,9011023549
011025612C,0.00,0.00,7.40,A,20041116,20041116,0.00,0.00,ZERO_BALANCE_HELD,9011025612
011033576C,0.00,0.00,7.40,A,20260318,20260318,0.00,0.00,ZERO_BALANCE_HELD,9011033576
011038794C,0.00,0.00,7.40,A,20160927,20160927,0.00,0.00,ZERO_BALANCE_HELD,9011038794
011040294C,0.00,0.00,7.40,A,20260220,20260220,0.00,0.00,ZERO_BALANCE_HELD,9011040294
011041220C,0.00,0.00,7.40,A,20200716,20200716,0.00,0.00,ZERO_BALANCE_HELD,9011041220
011042400C,0.00,0.00,7.40,A,20190716,20190716,0.00,0.00,ZERO_BALANCE_HELD,9011042400
011051851C,0.00,0.00,7.40,A,20201130,20201130,0.00,0.00,ZERO_BALANCE_HELD,9011051851
011052581C,0.00,0.00,7.40,A,20230314,20230314,0.00,0.00,ZERO_BALANCE_HELD,9011052581
011053428C,0.00,0.00,7.40,A,20180726,20180726,0.00,0.00,ZERO_BALANCE_HELD,9011053428
011057904C,0.00,0.00,7.40,A,20231024,20231024,0.00,0.00,ZERO_BALANCE_HELD,9011057904
011059175C,0.00,0.00,7.40,A,20130205,20130205,0.00,0.00,ZERO_BALANCE_HELD,9011059175
011059421C,0.00,0.00,7.40,A,20220917,20220917,0.00,0.00,ZERO_BALANCE_HELD,9011059421
011061607C,0.00,0.00,7.40,A,20200110,20200110,0.00,0.00,ZERO_BALANCE_HELD,9011061607
011066023C,0.00,0.00,7.40,A,20180126,20180126,0.00,0.00,ZERO_BALANCE_HELD,9011066023
011074703C,0.00,0.00,7.40,A,20120228,20120228,0.00,0.00,ZERO_BALANCE_HELD,9011074703
011075595C,0.00,0.00,7.40,A,20200727,20200727,0.00,0.00,ZERO_BALANCE_HELD,9011075595
011075596C,0.00,0.00,7.40,A,20200727,20200727,0.00,0.00,ZERO_BALANCE_HELD,9011075596
011075754C,0.00,0.00,7.40,A,20220803,20220803,0.00,0.00,ZERO_BALANCE_HELD,9011075754
011077285C,0.00,0.00,7.40,A,20170803,20170803,0.00,0.00,ZERO_BALANCE_HELD,9011077285
011078050C,0.00,0.00,7.40,A,20150224,20150224,0.00,0.00,ZERO_BALANCE_HELD,9011078050
011078051C,0.00,0.00,7.40,A,20101105,20101105,0.00,0.00,ZERO_BALANCE_HELD,9011078051
011078262C,0.00,0.00,7.40,A,20200814,20200814,0.00,0.00,ZERO_BALANCE_HELD,9011078262
011087127C,0.00,0.00,7.40,A,20210728,20210728,0.00,0.00,ZERO_BALANCE_HELD,9011087127
011087128C,0.00,0.00,7.40,A,20210728,20210728,0.00,0.00,ZERO_BALANCE_HELD,9011087128
011089397C,0.00,0.00,7.40,A,20180226,20180226,0.00,0.00,ZERO_BALANCE_HELD,9011089397
011095851C,0.00,0.00,7.40,A,20201230,20201230,0.00,0.00,ZERO_BALANCE_HELD,9011095851
011096068C,0.00,0.00,7.40,A,20260112,20260112,0.00,0.00,ZERO_BALANCE_HELD,9011096068
011101578C,0.00,0.00,7.40,A,20180628,20180628,0.00,0.00,ZERO_BALANCE_HELD,9011101578
011101607C,0.00,0.00,7.40,A,20160608,20160608,0.00,0.00,ZERO_BALANCE_HELD,9011101607
011102270C,0.00,0.00,7.40,A,20181217,20181217,0.00,0.00,ZERO_BALANCE_HELD,9011102270
011102551C,0.00,0.00,7.40,A,20220314,20220314,0.00,0.00,ZERO_BALANCE_HELD,9011102551
011102787C,0.00,0.00,7.40,A,20110921,20110921,0.00,0.00,ZERO_BALANCE_HELD,9011102787
011104064C,0.00,0.00,7.40,A,20181210,20181210,0.00,0.00,ZERO_BALANCE_HELD,9011104064
011105008C,0.00,0.00,7.40,A,20210719,20210719,0.00,0.00,ZERO_BALANCE_HELD,9011105008
011105386C,0.00,0.00,7.40,A,22180111,22180111,0.00,0.00,ZERO_BALANCE_HELD,9011105386
011105523C,0.00,0.00,7.40,A,20190813,20190813,0.00,0.00,ZERO_BALANCE_HELD,9011105523
011105839C,0.00,0.00,7.40,A,20190424,20190424,0.00,0.00,ZERO_BALANCE_HELD,9011105839
011109446C,0.00,0.00,7.40,A,20230901,20230901,0.00,0.00,ZERO_BALANCE_HELD,9011109446
011109994C,0.00,0.00,7.40,A,20200305,20200305,0.00,0.00,ZERO_BALANCE_HELD,9011109994
011113250C,0.00,0.00,7.40,A,20220920,20220920,0.00,0.00,ZERO_BALANCE_HELD,9011113250
011114096C,0.00,0.00,7.40,A,20220520,20220520,0.00,0.00,ZERO_BALANCE_HELD,9011114096
011114950C,0.00,0.00,7.40,A,20220125,20220125,0.00,0.00,ZERO_BALANCE_HELD,9011114950
011120297C,0.00,0.00,7.40,A,20160928,20160928,0.00,0.00,ZERO_BALANCE_HELD,9011120297
011122230C,0.00,0.00,7.40,A,20160919,20160919,0.00,0.00,ZERO_BALANCE_HELD,9011122230
011129276C,0.00,0.00,7.40,A,20120829,20120829,0.00,0.00,ZERO_BALANCE_HELD,9011129276
011130547C,0.00,0.00,7.40,A,20200201,20200201,0.00,0.00,ZERO_BALANCE_HELD,9011130547
011132516C,0.00,0.00,7.40,A,20130709,20130709,0.00,0.00,ZERO_BALANCE_HELD,9011132516
011135494C,0.00,0.00,7.40,A,20220105,20220105,0.00,0.00,ZERO_BALANCE_HELD,9011135494
011136476C,0.00,0.00,7.40,A,20181108,20181108,0.00,0.00,ZERO_BALANCE_HELD,9011136476
011139778C,0.00,0.00,7.40,A,20230714,20230714,0.00,0.00,ZERO_BALANCE_HELD,9011139778
011140516C,0.00,0.00,7.40,A,20210601,20210601,0.00,0.00,ZERO_BALANCE_HELD,9011140516
011140652C,0.00,0.00,7.40,A,20210601,20210601,0.00,0.00,ZERO_BALANCE_HELD,9011140652
011145429C,0.00,0.00,7.40,A,20190320,20190320,0.00,0.00,ZERO_BALANCE_HELD,9011145429
011148847C,0.00,0.00,7.40,A,20200118,20200118,0.00,0.00,ZERO_BALANCE_HELD,9011148847
011151209C,0.00,0.00,7.40,A,20240805,20240805,0.00,0.00,ZERO_BALANCE_HELD,9011151209
011151285C,0.00,0.00,7.40,A,20091118,20091118,0.00,0.00,ZERO_BALANCE_HELD,9011151285
011152459C,0.00,0.00,7.40,A,20231004,20231004,0.00,0.00,ZERO_BALANCE_HELD,9011152459
011158068C,0.00,0.00,7.40,A,20230201,20230201,0.00,0.00,ZERO_BALANCE_HELD,9011158068
011158069C,0.00,0.00,7.40,A,20220207,20220207,0.00,0.00,ZERO_BALANCE_HELD,9011158069
011158071C,0.00,0.00,7.40,A,20220121,20220121,0.00,0.00,ZERO_BALANCE_HELD,9011158071
011158530C,0.00,0.00,7.40,A,20151112,20151112,0.00,0.00,ZERO_BALANCE_HELD,9011158530
011158531C,0.00,0.00,7.40,A,20151112,20151112,0.00,0.00,ZERO_BALANCE_HELD,9011158531
011162203C,0.00,0.00,7.40,A,20250427,20250427,0.00,0.00,ZERO_BALANCE_HELD,9011162203
011163086C,0.00,0.00,7.40,A,20130422,20130422,0.00,0.00,ZERO_BALANCE_HELD,9011163086
011175485C,0.00,0.00,7.40,A,20200325,20200325,0.00,0.00,ZERO_BALANCE_HELD,9011175485
011176782C,0.00,0.00,7.40,A,20151208,20151208,0.00,0.00,ZERO_BALANCE_HELD,9011176782
011177899C,0.00,0.00,7.40,A,20240617,20240617,0.00,0.00,ZERO_BALANCE_HELD,9011177899
011178455C,0.00,0.00,7.40,A,20180227,20180227,0.00,0.00,ZERO_BALANCE_HELD,9011178455
011179371C,0.00,0.00,7.40,A,20221011,20221011,0.00,0.00,ZERO_BALANCE_HELD,9011179371
011181544C,0.00,0.00,7.40,A,20110307,20110307,0.00,0.00,ZERO_BALANCE_HELD,9011181544
011183653C,0.00,0.00,7.40,A,20200818,20200818,0.00,0.00,ZERO_BALANCE_HELD,9011183653
011185002C,0.00,0.00,7.40,A,20180101,20180101,0.00,0.00,ZERO_BALANCE_HELD,9011185002
011185059C,0.00,0.00,7.40,A,20250721,20250721,0.00,0.00,ZERO_BALANCE_HELD,9011185059
011185375C,0.00,0.00,7.40,A,20190613,20190613,0.00,0.00,ZERO_BALANCE_HELD,9011185375
011185943C,0.00,0.00,7.40,A,20180801,20180801,0.00,0.00,ZERO_BALANCE_HELD,9011185943
011185944C,0.00,0.00,7.40,A,20180810,20180810,0.00,0.00,ZERO_BALANCE_HELD,9011185944
011187300C,0.00,0.00,7.40,A,20190625,20190625,0.00,0.00,ZERO_BALANCE_HELD,9011187300
011190146C,0.00,0.00,7.40,A,20240604,20240604,0.00,0.00,ZERO_BALANCE_HELD,9011190146
011190668C,621.78,621.78,7.40,A,,,0.00,0.00,MISSING_MLOANDATE,9011190668
011191513C,0.00,0.00,7.40,A,20180410,20180410,0.00,0.00,ZERO_BALANCE_HELD,9011191513
011193674C,0.00,0.00,7.40,A,20191014,20191014,0.00,0.00,ZERO_BALANCE_HELD,9011193674
011194768C,0.00,0.00,7.40,A,20210415,20210415,0.00,0.00,ZERO_BALANCE_HELD,9011194768
011195139C,0.00,0.00,7.40,A,20201011,20201011,0.00,0.00,ZERO_BALANCE_HELD,9011195139
011195601C,0.00,0.00,7.40,A,20260403,20260403,0.00,0.00,ZERO_BALANCE_HELD,9011195601
011195602C,0.00,0.00,7.40,A,20260403,20260403,0.00,0.00,ZERO_BALANCE_HELD,9011195602
011196134C,0.00,0.00,7.40,A,20200314,20200314,0.00,0.00,ZERO_BALANCE_HELD,9011196134
011196444C,0.00,0.00,7.40,A,20230802,20230802,0.00,0.00,ZERO_BALANCE_HELD,9011196444
011196445C,0.00,0.00,7.40,A,20251202,20251202,0.00,0.00,ZERO_BALANCE_HELD,9011196445
011196852C,0.00,0.00,7.40,A,20081217,20081217,0.00,0.00,ZERO_BALANCE_HELD,9011196852
011197714C,0.00,0.00,7.40,A,20250205,20250205,0.00,0.00,ZERO_BALANCE_HELD,9011197714
011197715C,0.00,0.00,7.40,A,20201207,20201207,0.00,0.00,ZERO_BALANCE_HELD,9011197715
011198246C,0.00,0.00,7.40,A,20190731,20190731,0.00,0.00,ZERO_BALANCE_HELD,9011198246
011198799C,0.00,0.00,7.40,A,20240528,20240528,0.00,0.00,ZERO_BALANCE_HELD,9011198799
011198845C,0.00,0.00,7.40,A,20220401,20220401,0.00,0.00,ZERO_BALANCE_HELD,9011198845
011198951C,0.00,0.00,7.40,A,20190927,20190927,0.00,0.00,ZERO_BALANCE_HELD,9011198951
011199612C,0.00,0.00,7.40,A,20180105,20180105,0.00,0.00,ZERO_BALANCE_HELD,9011199612
011200012C,0.00,0.00,7.40,A,20250617,20250617,0.00,0.00,ZERO_BALANCE_HELD,9011200012
011202381C,0.00,0.00,7.40,A,20200514,20200514,0.00,0.00,ZERO_BALANCE_HELD,9011202381
011203371C,0.00,0.00,7.40,A,20250213,20250213,0.00,0.00,ZERO_BALANCE_HELD,9011203371
011203458C,0.00,0.00,7.40,A,20120310,20120310,0.00,0.00,ZERO_BALANCE_HELD,9011203458
011203598C,0.00,0.00,7.40,A,20190205,20190205,0.00,0.00,ZERO_BALANCE_HELD,9011203598
011204257C,0.00,0.00,7.40,A,20060206,20060206,0.00,0.00,ZERO_BALANCE_HELD,9011204257
011205919C,0.00,0.00,7.40,A,20190601,20190601,0.00,0.00,ZERO_BALANCE_HELD,9011205919
011206410C,0.00,0.00,7.40,A,20260121,20260121,0.00,0.00,ZERO_BALANCE_HELD,9011206410
011206644C,0.00,0.00,7.40,A,20240801,20240801,0.00,0.00,ZERO_BALANCE_HELD,9011206644
011207113C,0.00,0.00,7.40,A,20171124,20171124,0.00,0.00,ZERO_BALANCE_HELD,9011207113
011207222C,0.00,0.00,7.40,A,20211006,20211006,0.00,0.00,ZERO_BALANCE_HELD,9011207222
011208787C,0.00,0.00,7.40,A,20210624,20210624,0.00,0.00,ZERO_BALANCE_HELD,9011208787
011209064C,0.00,0.00,7.40,A,20240105,20240105,0.00,0.00,ZERO_BALANCE_HELD,9011209064
011209262C,0.00,0.00,7.40,A,20191122,20191122,0.00,0.00,ZERO_BALANCE_HELD,9011209262
011209496C,0.00,0.00,7.40,A,20170118,20170118,0.00,0.00,ZERO_BALANCE_HELD,9011209496
011209916C,0.00,0.00,7.40,A,20200727,20200727,0.00,0.00,ZERO_BALANCE_HELD,9011209916
011210060C,0.00,0.00,7.40,A,20170215,20170215,0.00,0.00,ZERO_BALANCE_HELD,9011210060
011210149C,0.00,0.00,7.40,A,20200623,20200623,0.00,0.00,ZERO_BALANCE_HELD,9011210149
011210611C,0.00,0.00,7.40,A,20210721,20210721,0.00,0.00,ZERO_BALANCE_HELD,9011210611
011211323C,0.00,0.00,7.40,A,20230422,20230422,0.00,0.00,ZERO_BALANCE_HELD,9011211323
011212602C,0.00,0.00,7.40,A,20201022,20201022,0.00,0.00,ZERO_BALANCE_HELD,9011212602
011213043C,0.00,0.00,7.40,A,20210816,20210816,0.00,0.00,ZERO_BALANCE_HELD,9011213043
011214223C,0.00,0.00,7.40,A,20180724,20180724,0.00,0.00,ZERO_BALANCE_HELD,9011214223
011215080C,0.00,0.00,7.40,A,20240821,20240821,0.00,0.00,ZERO_BALANCE_HELD,9011215080
011215081C,0.00,0.00,7.40,A,20210821,20210821,0.00,0.00,ZERO_BALANCE_HELD,9011215081
011216127C,0.00,0.00,7.40,A,20171001,20171001,0.00,0.00,ZERO_BALANCE_HELD,9011216127
011219517C,0.00,0.00,7.40,A,20210113,20210113,0.00,0.00,ZERO_BALANCE_HELD,9011219517
011220928C,0.00,0.00,7.40,A,20180101,20180101,0.00,0.00,ZERO_BALANCE_HELD,9011220928
011221209C,0.00,0.00,7.40,A,20240112,20240112,0.00,0.00,ZERO_BALANCE_HELD,9011221209
011221211C,0.00,0.00,7.40,A,20250909,20250909,0.00,0.00,ZERO_BALANCE_HELD,9011221211
011225793C,0.00,0.00,7.40,A,20230705,20230705,0.00,0.00,ZERO_BALANCE_HELD,9011225793
011227429C,0.00,0.00,7.40,A,20220303,20220303,0.00,0.00,ZERO_BALANCE_HELD,9011227429
011229737C,0.00,0.00,7.40,A,20230703,20230703,0.00,0.00,ZERO_BALANCE_HELD,9011229737
011229738C,0.00,0.00,7.40,A,20181003,20181003,0.00,0.00,ZERO_BALANCE_HELD,9011229738
011230767C,0.00,0.00,7.40,A,20180625,20180625,0.00,0.00,ZERO_BALANCE_HELD,9011230767
011232775C,0.00,0.00,7.40,A,20210414,20210414,0.00,0.00,ZERO_BALANCE_HELD,9011232775
011232776C,0.00,0.00,7.40,A,20210414,20210414,0.00,0.00,ZERO_BALANCE_HELD,9011232776
011235627C,0.00,0.00,7.40,A,20180217,20180217,0.00,0.00,ZERO_BALANCE_HELD,9011235627
011240164C,0.00,0.00,7.40,A,20260101,20260101,0.00,0.00,ZERO_BALANCE_HELD,9011240164
011244378C,0.00,0.00,7.40,A,20230118,20230118,0.00,0.00,ZERO_BALANCE_HELD,9011244378
011246246C,0.00,0.00,7.40,A,20221227,20221227,0.00,0.00,ZERO_BALANCE_HELD,9011246246
011251166C,0.00,0.00,7.40,A,20220201,20220201,0.00,0.00,ZERO_BALANCE_HELD,9011251166
011251167C,0.00,0.00,7.40,A,20180201,20180201,0.00,0.00,ZERO_BALANCE_HELD,9011251167
011251369C,0.00,0.00,7.40,A,20170202,20170202,0.00,0.00,ZERO_BALANCE_HELD,9011251369
011253007C,0.00,0.00,7.40,A,20180509,20180509,0.00,0.00,ZERO_BALANCE_HELD,9011253007
011255665C,0.00,0.00,7.40,A,20180305,20180305,0.00,0.00,ZERO_BALANCE_HELD,9011255665
011257022C,0.00,0.00,7.40,A,20200526,20200526,0.00,0.00,ZERO_BALANCE_HELD,9011257022
011257043C,0.00,0.00,7.40,A,20201115,20201115,0.00,0.00,ZERO_BALANCE_HELD,9011257043
011257863C,0.00,0.00,7.40,A,20221101,20221101,0.00,0.00,ZERO_BALANCE_HELD,9011257863
011262631C,0.00,0.00,7.40,A,20201126,20201126,0.00,0.00,ZERO_BALANCE_HELD,9011262631
011263511C,0.00,0.00,7.40,A,20251221,20251221,0.00,0.00,ZERO_BALANCE_HELD,9011263511
011264015C,0.00,0.00,7.40,A,20230421,20230421,0.00,0.00,ZERO_BALANCE_HELD,9011264015
011264194C,0.00,0.00,7.40,A,20130905,20130905,0.00,0.00,ZERO_BALANCE_HELD,9011264194
011269166C,0.00,0.00,7.40,A,20180210,20180210,0.00,0.00,ZERO_BALANCE_HELD,9011269166
011269263C,0.00,0.00,7.40,A,20220517,20220517,0.00,0.00,ZERO_BALANCE_HELD,9011269263
011271252C,0.00,0.00,7.40,A,20160112,20160112,0.00,0.00,ZERO_BALANCE_HELD,9011271252
011273881C,0.00,0.00,7.40,A,20250202,20250202,0.00,0.00,ZERO_BALANCE_HELD,9011273881
011273882C,0.00,0.00,7.40,A,20230413,20230413,0.00,0.00,ZERO_BALANCE_HELD,9011273882
011274753C,0.00,0.00,7.40,A,20170704,20170704,0.00,0.00,ZERO_BALANCE_HELD,9011274753
011274754C,0.00,0.00,7.40,A,20190304,20190304,0.00,0.00,ZERO_BALANCE_HELD,9011274754
011274755C,0.00,0.00,7.40,A,20171104,20171104,0.00,0.00,ZERO_BALANCE_HELD,9011274755
011275503C,0.00,0.00,7.40,A,20210914,20210914,0.00,0.00,ZERO_BALANCE_HELD,9011275503
011283014C,0.00,0.00,7.40,A,20191115,20191115,0.00,0.00,ZERO_BALANCE_HELD,9011283014
015000171C,0.00,0.00,7.40,A,20210810,20210810,0.00,0.00,ZERO_BALANCE_HELD,9015000171
015000181C,0.00,0.00,7.40,A,20191005,20191005,0.00,0.00,ZERO_BALANCE_HELD,9015000181
015000466C,0.00,0.00,7.40,A,20230111,20230111,0.00,0.00,ZERO_BALANCE_HELD,9015000466
