mpolicy,action,detail
9010385491C,OPTION3_HEADER_UPDATED,mpaid=6000.23;payees=1
9010391359C,OPTION3_HEADER_UPDATED,mpaid=1260.06;payees=0
9010411499C,OPTION3_HEADER_UPDATED,mpaid=10466.96;payees=1
9010428771C,OPTION3_HEADER_UPDATED,mpaid=5023.62;payees=1
9010500769C,OPTION3_HEADER_UPDATED,mpaid=5023.14;payees=1
9010745640C,OPTION3_HEADER_UPDATED,mpaid=5030.88;payees=1
9010764834C,OPTION3_HEADER_UPDATED,mpaid=10577.42;payees=1
9010778262C,OPTION3_HEADER_UPDATED,mpaid=9919.72;payees=3
9010778841C,OPTION3_HEADER_UPDATED,mpaid=11162.77;payees=1
9010832681C,OPTION3_HEADER_UPDATED,mpaid=10929.70;payees=1
9010841471C,OPTION3_HEADER_UPDATED,mpaid=7315.24;payees=1
9010894951C,OPTION3_HEADER_UPDATED,mpaid=14442.87;payees=1
9010896924C,OPTION3_HEADER_UPDATED,mpaid=12321.35;payees=2
9010900144C,OPTION3_HEADER_UPDATED,mpaid=6463.40;payees=1
9010914301C,OPTION3_HEADER_UPDATED,mpaid=25019.98;payees=2
9010959302C,OPTION3_HEADER_UPDATED,mpaid=5005.66;payees=1
9011025088C,OPTION3_HEADER_UPDATED,mpaid=8212.35;payees=0
9011040826C,OPTION3_HEADER_UPDATED,mpaid=5200.28;payees=1
9011077798C,OPTION3_HEADER_UPDATED,mpaid=4367.36;payees=1
9011092140C,OPTION3_HEADER_UPDATED,mpaid=9240.91;payees=1
9011097343C,OPTION3_HEADER_UPDATED,mpaid=5009.47;payees=1
9011101315C,OPTION3_HEADER_UPDATED,mpaid=5040.18;payees=1
9011104342C,OPTION3_HEADER_UPDATED,mpaid=5115.47;payees=1
9011115534C,OPTION3_HEADER_UPDATED,mpaid=5000.00;payees=1
9011132389C,OPTION3_HEADER_UPDATED,mpaid=10058.24;payees=0
9011133146C,OPTION3_HEADER_UPDATED,mpaid=3696.53;payees=1
9011134051C,OPTION3_HEADER_UPDATED,mpaid=10006.60;payees=1
9011138884C,OPTION3_HEADER_UPDATED,mpaid=5048.71;payees=0
9011141895C,OPTION3_HEADER_UPDATED,mpaid=5019.46;payees=0
9011156098C,OPTION3_HEADER_UPDATED,mpaid=15000.00;payees=1
9011159843C,OPTION3_HEADER_UPDATED,mpaid=5031.67;payees=1
9011162387C,OPTION3_HEADER_UPDATED,mpaid=5040.38;payees=2
9011175626C,OPTION3_HEADER_UPDATED,mpaid=10162.77;payees=3
9011176023C,OPTION3_HEADER_UPDATED,mpaid=5041.97;payees=1
9011181053C,OPTION3_HEADER_UPDATED,mpaid=5061.86;payees=2
9011183505C,OPTION3_HEADER_UPDATED,mpaid=5032.62;payees=0
9011191578C,OPTION3_HEADER_UPDATED,mpaid=5230.10;payees=1
9011193421C,OPTION3_HEADER_UPDATED,mpaid=4052.41;payees=1
9011197222C,OPTION3_HEADER_UPDATED,mpaid=15067.69;payees=0
9011198532C,OPTION3_HEADER_UPDATED,mpaid=5000.00;payees=1
9011200251C,OPTION3_HEADER_UPDATED,mpaid=8190.72;payees=0
9011208787C,OPTION3_HEADER_UPDATED,mpaid=36660.00;payees=0
9011217970C,OPTION3_HEADER_UPDATED,mpaid=7988.35;payees=0
9010367438C,DERIVED_EMIT_HEADER_ONLY_PAYEE_HOLD,mpaid=4469.37;legs=3
9010378710C,DERIVED_EMIT_HEADER_ONLY_PAYEE_HOLD,mpaid=6715.85;legs=1
9010395382C,DERIVED_EMIT_HEADER_ONLY_PAYEE_HOLD,mpaid=4012.31;legs=1
9010403922C,DERIVED_EMIT_HEADER_ONLY_PAYEE_HOLD,mpaid=9666.78;legs=1
9010404857C,DERIVED_EMIT_HEADER_ONLY_PAYEE_HOLD,mpaid=6292.70;legs=1
9010406795C,DERIVED_EMIT_HEADER_ONLY_PAYEE_HOLD,mpaid=8750.51;legs=1
9010410714C,DERIVED_EMIT_HEADER_ONLY_PAYEE_HOLD,mpaid=6140.25;legs=1
9010417200C,DERIVED_EMIT_HEADER_ONLY_PAYEE_HOLD,mpaid=3283.18;legs=1
9010425720C,DERIVED_EMIT_HEADER_ONLY_PAYEE_HOLD,mpaid=1918.99;legs=1
9010430086C,DERIVED_EMIT_HEADER_ONLY_PAYEE_HOLD,mpaid=6481.27;legs=1
9010442552C,DERIVED_EMIT_HEADER_ONLY_PAYEE_HOLD,mpaid=4716.41;legs=1
9010449559C,DERIVED_EMIT_HEADER_ONLY_PAYEE_HOLD,mpaid=7316.82;legs=1
9010457291C,DERIVED_EMIT_HEADER_ONLY_PAYEE_HOLD,mpaid=8829.12;legs=1
9010463420C,DERIVED_EMIT_HEADER_ONLY_PAYEE_HOLD,mpaid=3599.65;legs=1
9010464869C,DERIVED_EMIT_HEADER_ONLY_PAYEE_HOLD,mpaid=4716.62;legs=1
9010464870C,DERIVED_EMIT_HEADER_ONLY_PAYEE_HOLD,mpaid=2959.70;legs=4
9010476803C,DERIVED_EMIT_HEADER_ONLY_PAYEE_HOLD,mpaid=4859.27;legs=6
9010477512C,DERIVED_EMIT_HEADER_ONLY_PAYEE_HOLD,mpaid=11019.57;legs=3
9010477513C,DERIVED_EMIT_HEADER_ONLY_PAYEE_HOLD,mpaid=12260.03;legs=1
9010478285C,DERIVED_EMIT_HEADER_ONLY_PAYEE_HOLD,mpaid=8066.76;legs=1
9010486919C,DERIVED_EMIT_HEADER_ONLY_PAYEE_HOLD,mpaid=1363.61;legs=1
9010486964C,DERIVED_EMIT_HEADER_ONLY_PAYEE_HOLD,mpaid=5636.74;legs=1
9010488274C,DERIVED_EMIT_HEADER_ONLY_PAYEE_HOLD,mpaid=11489.42;legs=1
9010491000C,DERIVED_EMIT_HEADER_ONLY_PAYEE_HOLD,mpaid=5033.43;legs=1
9010498153C,DERIVED_EMIT_HEADER_ONLY_PAYEE_HOLD,mpaid=8136.19;legs=2
9010505549C,DERIVED_EMIT_HEADER_ONLY_PAYEE_HOLD,mpaid=5730.58;legs=1
9010521651C,DERIVED_EMIT_HEADER_ONLY_PAYEE_HOLD,mpaid=10150.54;legs=1
9010550564C,DERIVED_EMIT_HEADER_ONLY_PAYEE_HOLD,mpaid=13974.98;legs=1
9010607249C,DERIVED_EMIT_HEADER_ONLY_PAYEE_HOLD,mpaid=9672.81;legs=3
9010731970C,DERIVED_EMIT_HEADER_ONLY_PAYEE_HOLD,mpaid=20424.82;legs=1
9010736035C,DERIVED_EMIT_HEADER_ONLY_PAYEE_HOLD,mpaid=81378.18;legs=1
9010748300C,DERIVED_EMIT_HEADER_ONLY_PAYEE_HOLD,mpaid=15977.88;legs=4
9010749053C,DERIVED_EMIT_HEADER_ONLY_PAYEE_HOLD,mpaid=3634.52;legs=1
9010750813C,DERIVED_EMIT_HEADER_ONLY_PAYEE_HOLD,mpaid=1071.77;legs=1
9010752703C,DERIVED_EMIT_HEADER_ONLY_PAYEE_HOLD,mpaid=22556.61;legs=1
9010769714C,DERIVED_EMIT_HEADER_ONLY_PAYEE_HOLD,mpaid=49445.73;legs=1
9010771111C,DERIVED_EMIT_HEADER_ONLY_PAYEE_HOLD,mpaid=29840.23;legs=2
9010774109C,DERIVED_EMIT_HEADER_ONLY_PAYEE_HOLD,mpaid=9942.49;legs=2
9010776157C,DERIVED_EMIT_HEADER_ONLY_PAYEE_HOLD,mpaid=30968.34;legs=1
9010776653C,DERIVED_EMIT_HEADER_ONLY_PAYEE_HOLD,mpaid=30663.38;legs=1
9010785049C,DERIVED_EMIT_HEADER_ONLY_PAYEE_HOLD,mpaid=15651.06;legs=2
9010785932C,DERIVED_EMIT_HEADER_ONLY_PAYEE_HOLD,mpaid=11926.31;legs=1
9010803025C,DERIVED_EMIT_HEADER_ONLY_PAYEE_HOLD,mpaid=17499.78;legs=2
9010809932C,DERIVED_EMIT_HEADER_ONLY_PAYEE_HOLD,mpaid=25132.30;legs=1
9010810504C,DERIVED_EMIT_HEADER_ONLY_PAYEE_HOLD,mpaid=24284.16;legs=2
9010811204C,DERIVED_EMIT_HEADER_ONLY_PAYEE_HOLD,mpaid=19623.04;legs=2
9010814552C,DERIVED_EMIT_HEADER_ONLY_PAYEE_HOLD,mpaid=15271.13;legs=1
9010816590C,DERIVED_EMIT_HEADER_ONLY_PAYEE_HOLD,mpaid=4142.30;legs=1
9010817415C,DERIVED_EMIT_HEADER_ONLY_PAYEE_HOLD,mpaid=25936.35;legs=1
9010817477C,DERIVED_EMIT_HEADER_ONLY_PAYEE_HOLD,mpaid=53656.24;legs=1
9010817639C,DERIVED_EMIT_HEADER_ONLY_PAYEE_HOLD,mpaid=10735.34;legs=1
9010825720C,DERIVED_EMIT_HEADER_ONLY_PAYEE_HOLD,mpaid=99890.93;legs=1
9010834430C,DERIVED_EMIT_HEADER_ONLY_PAYEE_HOLD,mpaid=14160.46;legs=1
9010834689C,DERIVED_EMIT_HEADER_ONLY_PAYEE_HOLD,mpaid=15701.10;legs=1
9010834690C,DERIVED_EMIT_HEADER_ONLY_PAYEE_HOLD,mpaid=10483.16;legs=2
9010838129C,DERIVED_EMIT_HEADER_ONLY_PAYEE_HOLD,mpaid=10943.69;legs=1
9010851148C,DERIVED_EMIT_HEADER_ONLY_PAYEE_HOLD,mpaid=47407.10;legs=1
9010856188C,DERIVED_EMIT_HEADER_ONLY_PAYEE_HOLD,mpaid=22694.40;legs=2
9010860471C,DERIVED_EMIT_HEADER_ONLY_PAYEE_HOLD,mpaid=18257.80;legs=2
9010860472C,DERIVED_EMIT_HEADER_ONLY_PAYEE_HOLD,mpaid=34257.45;legs=2
9010863788C,DERIVED_EMIT_HEADER_ONLY_PAYEE_HOLD,mpaid=30627.74;legs=1
9010875065C,DERIVED_EMIT_HEADER_ONLY_PAYEE_HOLD,mpaid=16701.59;legs=1
9010891075C,DERIVED_EMIT_HEADER_ONLY_PAYEE_HOLD,mpaid=36938.36;legs=2
9010892327C,DERIVED_EMIT_HEADER_ONLY_PAYEE_HOLD,mpaid=10088.54;legs=1
9010917520C,DERIVED_EMIT_HEADER_ONLY_PAYEE_HOLD,mpaid=6896.82;legs=1
9010917600C,DERIVED_EMIT_HEADER_ONLY_PAYEE_HOLD,mpaid=24314.62;legs=2
9010920793C,DERIVED_EMIT_HEADER_ONLY_PAYEE_HOLD,mpaid=10363.74;legs=1
9010928495C,DERIVED_EMIT_HEADER_ONLY_PAYEE_HOLD,mpaid=21325.70;legs=4
9010929235C,DERIVED_EMIT_HEADER_ONLY_PAYEE_HOLD,mpaid=4236.96;legs=2
9010942233C,DERIVED_EMIT_HEADER_ONLY_PAYEE_HOLD,mpaid=12165.61;legs=1
9011013545C,DERIVED_EMIT_HEADER_ONLY_PAYEE_HOLD,mpaid=6197.09;legs=1
9011016867C,DERIVED_EMIT_HEADER_ONLY_PAYEE_HOLD,mpaid=8421.91;legs=1
9011045847C,DERIVED_EMIT_HEADER_ONLY_PAYEE_HOLD,mpaid=11636.43;legs=1
9011077201C,DERIVED_EMIT_HEADER_ONLY_PAYEE_HOLD,mpaid=9172.72;legs=1
9011083791C,DERIVED_EMIT_HEADER_ONLY_PAYEE_HOLD,mpaid=9513.81;legs=1
9011101578C,DERIVED_EMIT_HEADER_ONLY_PAYEE_HOLD,mpaid=2328.69;legs=1
9011105059C,DERIVED_EMIT_HEADER_ONLY_PAYEE_HOLD,mpaid=10037.77;legs=1
9011105839C,DERIVED_EMIT_HEADER_ONLY_PAYEE_HOLD,mpaid=3780.33;legs=2
9011106214C,DERIVED_EMIT_HEADER_ONLY_PAYEE_HOLD,mpaid=5078.60;legs=2
9011106317C,DERIVED_EMIT_HEADER_ONLY_PAYEE_HOLD,mpaid=3009.87;legs=2
9011109861C,DERIVED_EMIT_HEADER_ONLY_PAYEE_HOLD,mpaid=5015.13;legs=1
9011109994C,DERIVED_EMIT_HEADER_ONLY_PAYEE_HOLD,mpaid=5963.99;legs=1
9011114096C,DERIVED_EMIT_HEADER_ONLY_PAYEE_HOLD,mpaid=6755.54;legs=1
9011114950C,DERIVED_EMIT_HEADER_ONLY_PAYEE_HOLD,mpaid=4335.79;legs=1
9011124666C,DERIVED_EMIT_HEADER_ONLY_PAYEE_HOLD,mpaid=3028.55;legs=1
9011136476C,DERIVED_EMIT_HEADER_ONLY_PAYEE_HOLD,mpaid=1116.83;legs=1
9011139998C,DERIVED_EMIT_HEADER_ONLY_PAYEE_HOLD,mpaid=5000.00;legs=1
9011141382C,DERIVED_EMIT_HEADER_ONLY_PAYEE_HOLD,mpaid=3760.00;legs=1
9011142178C,DERIVED_EMIT_HEADER_ONLY_PAYEE_HOLD,mpaid=5165.88;legs=1
9011143630C,DERIVED_EMIT_HEADER_ONLY_PAYEE_HOLD,mpaid=3000.00;legs=1
9011147930C,DERIVED_EMIT_HEADER_ONLY_PAYEE_HOLD,mpaid=5017.89;legs=1
9011148847C,DERIVED_EMIT_HEADER_ONLY_PAYEE_HOLD,mpaid=4967.12;legs=1
9011150801C,DERIVED_EMIT_HEADER_ONLY_PAYEE_HOLD,mpaid=5027.29;legs=1
9011150973C,DERIVED_EMIT_HEADER_ONLY_PAYEE_HOLD,mpaid=5000.00;legs=1
9011154752C,DERIVED_EMIT_HEADER_ONLY_PAYEE_HOLD,mpaid=3642.14;legs=1
9011161880C,DERIVED_EMIT_HEADER_ONLY_PAYEE_HOLD,mpaid=5025.35;legs=1
9011178455C,DERIVED_EMIT_HEADER_ONLY_PAYEE_HOLD,mpaid=8617.79;legs=1
9011180887C,DERIVED_EMIT_HEADER_ONLY_PAYEE_HOLD,mpaid=5027.06;legs=1
9011180907C,DERIVED_EMIT_HEADER_ONLY_PAYEE_HOLD,mpaid=5015.22;legs=1
9011181080C,DERIVED_EMIT_HEADER_ONLY_PAYEE_HOLD,mpaid=1918.83;legs=1
9011182954C,DERIVED_EMIT_HEADER_ONLY_PAYEE_HOLD,mpaid=2611.97;legs=1
9011183532C,DERIVED_EMIT_HEADER_ONLY_PAYEE_HOLD,mpaid=5024.81;legs=1
9011185059C,DERIVED_EMIT_HEADER_ONLY_PAYEE_HOLD,mpaid=16790.37;legs=1
9011187300C,DERIVED_EMIT_HEADER_ONLY_PAYEE_HOLD,mpaid=6913.03;legs=1
9011189754C,DERIVED_EMIT_HEADER_ONLY_PAYEE_HOLD,mpaid=4185.03;legs=1
9011189786C,DERIVED_EMIT_HEADER_ONLY_PAYEE_HOLD,mpaid=7032.33;legs=1
9011189855C,DERIVED_EMIT_HEADER_ONLY_PAYEE_HOLD,mpaid=5008.76;legs=1
9011190411C,DERIVED_EMIT_HEADER_ONLY_PAYEE_HOLD,mpaid=5021.72;legs=1
9011191392C,DERIVED_EMIT_HEADER_ONLY_PAYEE_HOLD,mpaid=5008.19;legs=1
9011191513C,DERIVED_EMIT_HEADER_ONLY_PAYEE_HOLD,mpaid=2060.34;legs=2
9011194070C,DERIVED_EMIT_HEADER_ONLY_PAYEE_HOLD,mpaid=5022.34;legs=1
9011194752C,DERIVED_EMIT_HEADER_ONLY_PAYEE_HOLD,mpaid=3025.62;legs=2
9011194768C,DERIVED_EMIT_HEADER_ONLY_PAYEE_HOLD,mpaid=45216.44;legs=1
9011195093C,DERIVED_EMIT_HEADER_ONLY_PAYEE_HOLD,mpaid=5025.50;legs=1
9011195486C,DERIVED_EMIT_HEADER_ONLY_PAYEE_HOLD,mpaid=4067.21;legs=1
9011195599C,DERIVED_EMIT_HEADER_ONLY_PAYEE_HOLD,mpaid=10000.00;legs=1
9011196134C,DERIVED_EMIT_HEADER_ONLY_PAYEE_HOLD,mpaid=76963.55;legs=3
9011196569C,DERIVED_EMIT_HEADER_ONLY_PAYEE_HOLD,mpaid=5017.68;legs=1
9011197062C,DERIVED_EMIT_HEADER_ONLY_PAYEE_HOLD,mpaid=5027.91;legs=1
9011197715C,DERIVED_EMIT_HEADER_ONLY_PAYEE_HOLD,mpaid=9411.61;legs=1
9011198540C,DERIVED_EMIT_HEADER_ONLY_PAYEE_HOLD,mpaid=5000.00;legs=1
9011202381C,DERIVED_EMIT_HEADER_ONLY_PAYEE_HOLD,mpaid=3041.31;legs=2
9011203904C,DERIVED_EMIT_HEADER_ONLY_PAYEE_HOLD,mpaid=5011.27;legs=1
9011205919C,DERIVED_EMIT_HEADER_ONLY_PAYEE_HOLD,mpaid=7555.09;legs=1
9011209262C,DERIVED_EMIT_HEADER_ONLY_PAYEE_HOLD,mpaid=7681.39;legs=1
9011209469C,DERIVED_EMIT_HEADER_ONLY_PAYEE_HOLD,mpaid=28908.74;legs=2
9011210149C,DERIVED_EMIT_HEADER_ONLY_PAYEE_HOLD,mpaid=23938.07;legs=1
9011217617C,DERIVED_EMIT_HEADER_ONLY_PAYEE_HOLD,mpaid=6066.91;legs=1
9011235627C,DERIVED_EMIT_HEADER_ONLY_PAYEE_HOLD,mpaid=12155.58;legs=1
9011244378C,DERIVED_EMIT_HEADER_ONLY_PAYEE_HOLD,mpaid=29591.33;legs=1
9011246246C,DERIVED_EMIT_HEADER_ONLY_PAYEE_HOLD,mpaid=8557.29;legs=1
9011253007C,DERIVED_EMIT_HEADER_ONLY_PAYEE_HOLD,mpaid=9800.65;legs=5
9011257022C,DERIVED_EMIT_HEADER_ONLY_PAYEE_HOLD,mpaid=11415.05;legs=3
9011257043C,DERIVED_EMIT_HEADER_ONLY_PAYEE_HOLD,mpaid=9684.13;legs=1
9011259940C,DERIVED_EMIT_HEADER_ONLY_PAYEE_HOLD,mpaid=5019.50;legs=1
9011261538C,DERIVED_EMIT_HEADER_ONLY_PAYEE_HOLD,mpaid=5036.19;legs=1
9011262631C,DERIVED_EMIT_HEADER_ONLY_PAYEE_HOLD,mpaid=11746.31;legs=2
9011268907C,DERIVED_EMIT_HEADER_ONLY_PAYEE_HOLD,mpaid=5047.61;legs=1
9011273881C,DERIVED_EMIT_HEADER_ONLY_PAYEE_HOLD,mpaid=11505.55;legs=2
9011273882C,DERIVED_EMIT_HEADER_ONLY_PAYEE_HOLD,mpaid=11580.89;legs=2
9015000171C,DERIVED_EMIT_HEADER_ONLY_PAYEE_HOLD,mpaid=3450.89;legs=1
9015000181C,DERIVED_EMIT_HEADER_ONLY_PAYEE_HOLD,mpaid=4213.73;legs=1
9010381483C,HEADER_ONLY_NO_PACTG_EMIT,mpaid=9702.00;marker=CSO_CONTROLLED_NO_PACTG_HISTORY
9010383050C,HEADER_ONLY_NO_PACTG_EMIT,mpaid=4408.40;marker=CSO_CONTROLLED_NO_PACTG_HISTORY
9010394282C,HEADER_ONLY_NO_PACTG_EMIT,mpaid=1238.74;marker=CSO_CONTROLLED_NO_PACTG_HISTORY
9010394783C,HEADER_ONLY_NO_PACTG_EMIT,mpaid=12777.92;marker=CSO_CONTROLLED_NO_PACTG_HISTORY
9010398651C,HEADER_ONLY_NO_PACTG_EMIT,mpaid=7949.87;marker=CSO_CONTROLLED_NO_PACTG_HISTORY
9010398717C,HEADER_ONLY_NO_PACTG_EMIT,mpaid=6383.00;marker=CSO_CONTROLLED_NO_PACTG_HISTORY
9010401553C,HEADER_ONLY_NO_PACTG_EMIT,mpaid=4674.18;marker=CSO_CONTROLLED_NO_PACTG_HISTORY
9010406247C,HEADER_ONLY_NO_PACTG_EMIT,mpaid=7695.77;marker=CSO_CONTROLLED_NO_PACTG_HISTORY
9010406605C,HEADER_ONLY_NO_PACTG_EMIT,mpaid=3422.57;marker=CSO_CONTROLLED_NO_PACTG_HISTORY
9010415376C,HEADER_ONLY_NO_PACTG_EMIT,mpaid=4962.81;marker=CSO_CONTROLLED_NO_PACTG_HISTORY
9010418208C,HEADER_ONLY_NO_PACTG_EMIT,mpaid=1676.99;marker=CSO_CONTROLLED_NO_PACTG_HISTORY
9010421832C,HEADER_ONLY_NO_PACTG_EMIT,mpaid=16109.44;marker=CSO_CONTROLLED_NO_PACTG_HISTORY
9010422105C,HEADER_ONLY_NO_PACTG_EMIT,mpaid=10593.48;marker=CSO_CONTROLLED_NO_PACTG_HISTORY
9010430016C,HEADER_ONLY_NO_PACTG_EMIT,mpaid=10358.79;marker=CSO_CONTROLLED_NO_PACTG_HISTORY
9010431973C,HEADER_ONLY_NO_PACTG_EMIT,mpaid=5384.54;marker=CSO_CONTROLLED_NO_PACTG_HISTORY
9010433397C,HEADER_ONLY_NO_PACTG_EMIT,mpaid=6481.26;marker=CSO_CONTROLLED_NO_PACTG_HISTORY
9010436956C,HEADER_ONLY_NO_PACTG_EMIT,mpaid=8100.00;marker=CSO_CONTROLLED_NO_PACTG_HISTORY
9010437271C,HEADER_ONLY_NO_PACTG_EMIT,mpaid=9366.71;marker=CSO_CONTROLLED_NO_PACTG_HISTORY
9010441571C,HEADER_ONLY_NO_PACTG_EMIT,mpaid=5218.23;marker=CSO_CONTROLLED_NO_PACTG_HISTORY
9010442303C,HEADER_ONLY_NO_PACTG_EMIT,mpaid=5292.98;marker=CSO_CONTROLLED_NO_PACTG_HISTORY
9010447575C,HEADER_ONLY_NO_PACTG_EMIT,mpaid=1684.23;marker=CSO_CONTROLLED_NO_PACTG_HISTORY
9010453017C,HEADER_ONLY_NO_PACTG_EMIT,mpaid=3526.14;marker=CSO_CONTROLLED_NO_PACTG_HISTORY
9010456190C,HEADER_ONLY_NO_PACTG_EMIT,mpaid=3955.30;marker=CSO_CONTROLLED_NO_PACTG_HISTORY
9010457290C,HEADER_ONLY_NO_PACTG_EMIT,mpaid=9081.62;marker=CSO_CONTROLLED_NO_PACTG_HISTORY
9010458406C,HEADER_ONLY_NO_PACTG_EMIT,mpaid=13872.47;marker=CSO_CONTROLLED_NO_PACTG_HISTORY
9010458484C,HEADER_ONLY_NO_PACTG_EMIT,mpaid=11944.43;marker=CSO_CONTROLLED_NO_PACTG_HISTORY
9010458610C,HEADER_ONLY_NO_PACTG_EMIT,mpaid=7764.19;marker=CSO_CONTROLLED_NO_PACTG_HISTORY
9010459724C,HEADER_ONLY_NO_PACTG_EMIT,mpaid=14981.20;marker=CSO_CONTROLLED_NO_PACTG_HISTORY
9010460189C,HEADER_ONLY_NO_PACTG_EMIT,mpaid=4575.75;marker=CSO_CONTROLLED_NO_PACTG_HISTORY
9010462483C,HEADER_ONLY_NO_PACTG_EMIT,mpaid=7731.11;marker=CSO_CONTROLLED_NO_PACTG_HISTORY
9010463552C,HEADER_ONLY_NO_PACTG_EMIT,mpaid=17091.21;marker=CSO_CONTROLLED_NO_PACTG_HISTORY
9010467754C,HEADER_ONLY_NO_PACTG_EMIT,mpaid=3860.21;marker=CSO_CONTROLLED_NO_PACTG_HISTORY
9010470609C,HEADER_ONLY_NO_PACTG_EMIT,mpaid=11688.28;marker=CSO_CONTROLLED_NO_PACTG_HISTORY
9010477988C,HEADER_ONLY_NO_PACTG_EMIT,mpaid=11597.13;marker=CSO_CONTROLLED_NO_PACTG_HISTORY
9010478882C,HEADER_ONLY_NO_PACTG_EMIT,mpaid=5868.45;marker=CSO_CONTROLLED_NO_PACTG_HISTORY
9010487893C,HEADER_ONLY_NO_PACTG_EMIT,mpaid=3786.58;marker=CSO_CONTROLLED_NO_PACTG_HISTORY
9010493228C,HEADER_ONLY_NO_PACTG_EMIT,mpaid=6276.70;marker=CSO_CONTROLLED_NO_PACTG_HISTORY
9010494337C,HEADER_ONLY_NO_PACTG_EMIT,mpaid=3300.82;marker=CSO_CONTROLLED_NO_PACTG_HISTORY
9010496005C,HEADER_ONLY_NO_PACTG_EMIT,mpaid=235.79;marker=CSO_CONTROLLED_NO_PACTG_HISTORY
9010498703C,HEADER_ONLY_NO_PACTG_EMIT,mpaid=1298.69;marker=CSO_CONTROLLED_NO_PACTG_HISTORY
9010508560C,HEADER_ONLY_NO_PACTG_EMIT,mpaid=1002.08;marker=CSO_CONTROLLED_NO_PACTG_HISTORY
9010514053C,HEADER_ONLY_NO_PACTG_EMIT,mpaid=2488.53;marker=CSO_CONTROLLED_NO_PACTG_HISTORY
9010518637C,HEADER_ONLY_NO_PACTG_EMIT,mpaid=3000.00;marker=CSO_CONTROLLED_NO_PACTG_HISTORY
9010547859C,HEADER_ONLY_NO_PACTG_EMIT,mpaid=9984.96;marker=CSO_CONTROLLED_NO_PACTG_HISTORY
9010591111C,HEADER_ONLY_NO_PACTG_EMIT,mpaid=812.76;marker=CSO_CONTROLLED_NO_PACTG_HISTORY
9010621762C,HEADER_ONLY_NO_PACTG_EMIT,mpaid=11471.60;marker=CSO_CONTROLLED_NO_PACTG_HISTORY
9010743083C,HEADER_ONLY_NO_PACTG_EMIT,mpaid=9826.13;marker=CSO_CONTROLLED_NO_PACTG_HISTORY
9010747639C,HEADER_ONLY_NO_PACTG_EMIT,mpaid=4433.26;marker=CSO_CONTROLLED_NO_PACTG_HISTORY
9010750808C,HEADER_ONLY_NO_PACTG_EMIT,mpaid=8512.47;marker=CSO_CONTROLLED_NO_PACTG_HISTORY
9010751519C,HEADER_ONLY_NO_PACTG_EMIT,mpaid=13134.00;marker=CSO_CONTROLLED_NO_PACTG_HISTORY
9010754356C,HEADER_ONLY_NO_PACTG_EMIT,mpaid=23717.44;marker=CSO_CONTROLLED_NO_PACTG_HISTORY
9010755655C,HEADER_ONLY_NO_PACTG_EMIT,mpaid=11616.01;marker=CSO_CONTROLLED_NO_PACTG_HISTORY
9010755676C,HEADER_ONLY_NO_PACTG_EMIT,mpaid=6387.75;marker=CSO_CONTROLLED_NO_PACTG_HISTORY
9010757554C,HEADER_ONLY_NO_PACTG_EMIT,mpaid=10200.00;marker=CSO_CONTROLLED_NO_PACTG_HISTORY
9010757961C,HEADER_ONLY_NO_PACTG_EMIT,mpaid=5017.94;marker=CSO_CONTROLLED_NO_PACTG_HISTORY
9010758599C,HEADER_ONLY_NO_PACTG_EMIT,mpaid=25150.89;marker=CSO_CONTROLLED_NO_PACTG_HISTORY
9010761875C,HEADER_ONLY_NO_PACTG_EMIT,mpaid=25000.00;marker=CSO_CONTROLLED_NO_PACTG_HISTORY
9010761951C,HEADER_ONLY_NO_PACTG_EMIT,mpaid=24443.45;marker=CSO_CONTROLLED_NO_PACTG_HISTORY
9010764328C,HEADER_ONLY_NO_PACTG_EMIT,mpaid=7500.00;marker=CSO_CONTROLLED_NO_PACTG_HISTORY
9010764833C,HEADER_ONLY_NO_PACTG_EMIT,mpaid=5017.00;marker=CSO_CONTROLLED_NO_PACTG_HISTORY
9010765206C,HEADER_ONLY_NO_PACTG_EMIT,mpaid=10000.00;marker=CSO_CONTROLLED_NO_PACTG_HISTORY
9010766130C,HEADER_ONLY_NO_PACTG_EMIT,mpaid=13052.07;marker=CSO_CONTROLLED_NO_PACTG_HISTORY
9010768119C,HEADER_ONLY_NO_PACTG_EMIT,mpaid=17754.87;marker=CSO_CONTROLLED_NO_PACTG_HISTORY
9010770350C,HEADER_ONLY_NO_PACTG_EMIT,mpaid=3750.00;marker=CSO_CONTROLLED_NO_PACTG_HISTORY
9010770527C,HEADER_ONLY_NO_PACTG_EMIT,mpaid=7017.84;marker=CSO_CONTROLLED_NO_PACTG_HISTORY
9010770701C,HEADER_ONLY_NO_PACTG_EMIT,mpaid=25022.97;marker=CSO_CONTROLLED_NO_PACTG_HISTORY
9010773851C,HEADER_ONLY_NO_PACTG_EMIT,mpaid=7156.41;marker=CSO_CONTROLLED_NO_PACTG_HISTORY
9010777959C,HEADER_ONLY_NO_PACTG_EMIT,mpaid=2042.47;marker=CSO_CONTROLLED_NO_PACTG_HISTORY
9010778652C,HEADER_ONLY_NO_PACTG_EMIT,mpaid=21070.94;marker=CSO_CONTROLLED_NO_PACTG_HISTORY
9010779478C,HEADER_ONLY_NO_PACTG_EMIT,mpaid=15012.74;marker=CSO_CONTROLLED_NO_PACTG_HISTORY
9010781054C,HEADER_ONLY_NO_PACTG_EMIT,mpaid=10402.27;marker=CSO_CONTROLLED_NO_PACTG_HISTORY
9010781778C,HEADER_ONLY_NO_PACTG_EMIT,mpaid=6000.00;marker=CSO_CONTROLLED_NO_PACTG_HISTORY
9010781900C,HEADER_ONLY_NO_PACTG_EMIT,mpaid=6280.58;marker=CSO_CONTROLLED_NO_PACTG_HISTORY
9010783755C,HEADER_ONLY_NO_PACTG_EMIT,mpaid=200100.42;marker=CSO_CONTROLLED_NO_PACTG_HISTORY
9010783784C,HEADER_ONLY_NO_PACTG_EMIT,mpaid=16464.10;marker=CSO_CONTROLLED_NO_PACTG_HISTORY
9010785325C,HEADER_ONLY_NO_PACTG_EMIT,mpaid=8805.99;marker=CSO_CONTROLLED_NO_PACTG_HISTORY
9010786562C,HEADER_ONLY_NO_PACTG_EMIT,mpaid=16741.81;marker=CSO_CONTROLLED_NO_PACTG_HISTORY
9010786975C,HEADER_ONLY_NO_PACTG_EMIT,mpaid=7969.59;marker=CSO_CONTROLLED_NO_PACTG_HISTORY
9010788428C,HEADER_ONLY_NO_PACTG_EMIT,mpaid=1213.93;marker=CSO_CONTROLLED_NO_PACTG_HISTORY
9010790013C,HEADER_ONLY_NO_PACTG_EMIT,mpaid=25308.13;marker=CSO_CONTROLLED_NO_PACTG_HISTORY
9010790756C,HEADER_ONLY_NO_PACTG_EMIT,mpaid=6531.24;marker=CSO_CONTROLLED_NO_PACTG_HISTORY
9010791461C,HEADER_ONLY_NO_PACTG_EMIT,mpaid=54935.64;marker=CSO_CONTROLLED_NO_PACTG_HISTORY
9010792295C,HEADER_ONLY_NO_PACTG_EMIT,mpaid=9913.22;marker=CSO_CONTROLLED_NO_PACTG_HISTORY
9010793137C,HEADER_ONLY_NO_PACTG_EMIT,mpaid=2915.42;marker=CSO_CONTROLLED_NO_PACTG_HISTORY
9010794437C,HEADER_ONLY_NO_PACTG_EMIT,mpaid=50000.00;marker=CSO_CONTROLLED_NO_PACTG_HISTORY
9010794748C,HEADER_ONLY_NO_PACTG_EMIT,mpaid=25000.00;marker=CSO_CONTROLLED_NO_PACTG_HISTORY
9010795610C,HEADER_ONLY_NO_PACTG_EMIT,mpaid=12376.77;marker=CSO_CONTROLLED_NO_PACTG_HISTORY
9010795710C,HEADER_ONLY_NO_PACTG_EMIT,mpaid=5050.54;marker=CSO_CONTROLLED_NO_PACTG_HISTORY
9010796293C,HEADER_ONLY_NO_PACTG_EMIT,mpaid=9091.99;marker=CSO_CONTROLLED_NO_PACTG_HISTORY
9010796463C,HEADER_ONLY_NO_PACTG_EMIT,mpaid=50015.24;marker=CSO_CONTROLLED_NO_PACTG_HISTORY
9010799171C,HEADER_ONLY_NO_PACTG_EMIT,mpaid=24368.23;marker=CSO_CONTROLLED_NO_PACTG_HISTORY
9010802648C,HEADER_ONLY_NO_PACTG_EMIT,mpaid=9315.43;marker=CSO_CONTROLLED_NO_PACTG_HISTORY
9010803233C,HEADER_ONLY_NO_PACTG_EMIT,mpaid=25000.00;marker=CSO_CONTROLLED_NO_PACTG_HISTORY
9010803678C,HEADER_ONLY_NO_PACTG_EMIT,mpaid=19475.59;marker=CSO_CONTROLLED_NO_PACTG_HISTORY
9010803679C,HEADER_ONLY_NO_PACTG_EMIT,mpaid=24342.79;marker=CSO_CONTROLLED_NO_PACTG_HISTORY
9010805052C,HEADER_ONLY_NO_PACTG_EMIT,mpaid=9366.10;marker=CSO_CONTROLLED_NO_PACTG_HISTORY
9010808366C,HEADER_ONLY_NO_PACTG_EMIT,mpaid=6500.00;marker=CSO_CONTROLLED_NO_PACTG_HISTORY
9010809547C,HEADER_ONLY_NO_PACTG_EMIT,mpaid=5744.77;marker=CSO_CONTROLLED_NO_PACTG_HISTORY
9010812482C,HEADER_ONLY_NO_PACTG_EMIT,mpaid=25000.00;marker=CSO_CONTROLLED_NO_PACTG_HISTORY
9010813281C,HEADER_ONLY_NO_PACTG_EMIT,mpaid=22193.20;marker=CSO_CONTROLLED_NO_PACTG_HISTORY
9010814350C,HEADER_ONLY_NO_PACTG_EMIT,mpaid=16469.50;marker=CSO_CONTROLLED_NO_PACTG_HISTORY
9010814718C,HEADER_ONLY_NO_PACTG_EMIT,mpaid=6000.00;marker=CSO_CONTROLLED_NO_PACTG_HISTORY
9010816236C,HEADER_ONLY_NO_PACTG_EMIT,mpaid=9482.83;marker=CSO_CONTROLLED_NO_PACTG_HISTORY
9010817544C,HEADER_ONLY_NO_PACTG_EMIT,mpaid=7282.35;marker=CSO_CONTROLLED_NO_PACTG_HISTORY
9010821068C,HEADER_ONLY_NO_PACTG_EMIT,mpaid=18125.98;marker=CSO_CONTROLLED_NO_PACTG_HISTORY
9010822220C,HEADER_ONLY_NO_PACTG_EMIT,mpaid=18864.16;marker=CSO_CONTROLLED_NO_PACTG_HISTORY
9010826586C,HEADER_ONLY_NO_PACTG_EMIT,mpaid=13101.90;marker=CSO_CONTROLLED_NO_PACTG_HISTORY
9010826610C,HEADER_ONLY_NO_PACTG_EMIT,mpaid=9789.88;marker=CSO_CONTROLLED_NO_PACTG_HISTORY
9010827515C,HEADER_ONLY_NO_PACTG_EMIT,mpaid=7908.01;marker=CSO_CONTROLLED_NO_PACTG_HISTORY
9010831778C,HEADER_ONLY_NO_PACTG_EMIT,mpaid=5075.49;marker=CSO_CONTROLLED_NO_PACTG_HISTORY
9010834742C,HEADER_ONLY_NO_PACTG_EMIT,mpaid=7653.69;marker=CSO_CONTROLLED_NO_PACTG_HISTORY
9010836490C,HEADER_ONLY_NO_PACTG_EMIT,mpaid=3000.00;marker=CSO_CONTROLLED_NO_PACTG_HISTORY
9010838566C,HEADER_ONLY_NO_PACTG_EMIT,mpaid=7633.35;marker=CSO_CONTROLLED_NO_PACTG_HISTORY
9010839906C,HEADER_ONLY_NO_PACTG_EMIT,mpaid=13448.16;marker=CSO_CONTROLLED_NO_PACTG_HISTORY
9010841126C,HEADER_ONLY_NO_PACTG_EMIT,mpaid=3322.79;marker=CSO_CONTROLLED_NO_PACTG_HISTORY
9010842023C,HEADER_ONLY_NO_PACTG_EMIT,mpaid=10140.60;marker=CSO_CONTROLLED_NO_PACTG_HISTORY
9010850123C,HEADER_ONLY_NO_PACTG_EMIT,mpaid=10656.12;marker=CSO_CONTROLLED_NO_PACTG_HISTORY
9010853078C,HEADER_ONLY_NO_PACTG_EMIT,mpaid=50000.00;marker=CSO_CONTROLLED_NO_PACTG_HISTORY
9010853959C,HEADER_ONLY_NO_PACTG_EMIT,mpaid=6126.92;marker=CSO_CONTROLLED_NO_PACTG_HISTORY
9010857994C,HEADER_ONLY_NO_PACTG_EMIT,mpaid=50645.69;marker=CSO_CONTROLLED_NO_PACTG_HISTORY
9010865122C,HEADER_ONLY_NO_PACTG_EMIT,mpaid=5441.66;marker=CSO_CONTROLLED_NO_PACTG_HISTORY
9010866114C,HEADER_ONLY_NO_PACTG_EMIT,mpaid=14028.68;marker=CSO_CONTROLLED_NO_PACTG_HISTORY
9010869269C,HEADER_ONLY_NO_PACTG_EMIT,mpaid=14122.06;marker=CSO_CONTROLLED_NO_PACTG_HISTORY
9010869618C,HEADER_ONLY_NO_PACTG_EMIT,mpaid=10720.11;marker=CSO_CONTROLLED_NO_PACTG_HISTORY
9010871658C,HEADER_ONLY_NO_PACTG_EMIT,mpaid=5000.00;marker=CSO_CONTROLLED_NO_PACTG_HISTORY
9010875128C,HEADER_ONLY_NO_PACTG_EMIT,mpaid=10013.94;marker=CSO_CONTROLLED_NO_PACTG_HISTORY
9010875208C,HEADER_ONLY_NO_PACTG_EMIT,mpaid=5043.79;marker=CSO_CONTROLLED_NO_PACTG_HISTORY
9010876141C,HEADER_ONLY_NO_PACTG_EMIT,mpaid=7721.04;marker=CSO_CONTROLLED_NO_PACTG_HISTORY
9010881271C,HEADER_ONLY_NO_PACTG_EMIT,mpaid=8090.68;marker=CSO_CONTROLLED_NO_PACTG_HISTORY
9010883256C,HEADER_ONLY_NO_PACTG_EMIT,mpaid=9481.16;marker=CSO_CONTROLLED_NO_PACTG_HISTORY
9010887626C,HEADER_ONLY_NO_PACTG_EMIT,mpaid=16257.09;marker=CSO_CONTROLLED_NO_PACTG_HISTORY
9010888345C,HEADER_ONLY_NO_PACTG_EMIT,mpaid=9258.55;marker=CSO_CONTROLLED_NO_PACTG_HISTORY
9010888952C,HEADER_ONLY_NO_PACTG_EMIT,mpaid=24810.94;marker=CSO_CONTROLLED_NO_PACTG_HISTORY
9010889782C,HEADER_ONLY_NO_PACTG_EMIT,mpaid=13782.28;marker=CSO_CONTROLLED_NO_PACTG_HISTORY
9010893392C,HEADER_ONLY_NO_PACTG_EMIT,mpaid=5401.55;marker=CSO_CONTROLLED_NO_PACTG_HISTORY
9010899994C,HEADER_ONLY_NO_PACTG_EMIT,mpaid=6768.66;marker=CSO_CONTROLLED_NO_PACTG_HISTORY
9010903657C,HEADER_ONLY_NO_PACTG_EMIT,mpaid=7664.73;marker=CSO_CONTROLLED_NO_PACTG_HISTORY
9010908719C,HEADER_ONLY_NO_PACTG_EMIT,mpaid=13706.50;marker=CSO_CONTROLLED_NO_PACTG_HISTORY
9010910317C,HEADER_ONLY_NO_PACTG_EMIT,mpaid=24984.47;marker=CSO_CONTROLLED_NO_PACTG_HISTORY
9010912626C,HEADER_ONLY_NO_PACTG_EMIT,mpaid=10174.25;marker=CSO_CONTROLLED_NO_PACTG_HISTORY
9010914390C,HEADER_ONLY_NO_PACTG_EMIT,mpaid=5643.29;marker=CSO_CONTROLLED_NO_PACTG_HISTORY
9010919423C,HEADER_ONLY_NO_PACTG_EMIT,mpaid=10118.03;marker=CSO_CONTROLLED_NO_PACTG_HISTORY
9010932881C,HEADER_ONLY_NO_PACTG_EMIT,mpaid=7697.46;marker=CSO_CONTROLLED_NO_PACTG_HISTORY
9010933485C,HEADER_ONLY_NO_PACTG_EMIT,mpaid=9408.25;marker=CSO_CONTROLLED_NO_PACTG_HISTORY
9010941063C,HEADER_ONLY_NO_PACTG_EMIT,mpaid=5642.04;marker=CSO_CONTROLLED_NO_PACTG_HISTORY
9010943850C,HEADER_ONLY_NO_PACTG_EMIT,mpaid=34467.94;marker=CSO_CONTROLLED_NO_PACTG_HISTORY
9010948242C,HEADER_ONLY_NO_PACTG_EMIT,mpaid=18118.85;marker=CSO_CONTROLLED_NO_PACTG_HISTORY
9010952068C,HEADER_ONLY_NO_PACTG_EMIT,mpaid=14499.62;marker=CSO_CONTROLLED_NO_PACTG_HISTORY
9010960544C,HEADER_ONLY_NO_PACTG_EMIT,mpaid=50665.46;marker=CSO_CONTROLLED_NO_PACTG_HISTORY
9010965144C,HEADER_ONLY_NO_PACTG_EMIT,mpaid=25005.85;marker=CSO_CONTROLLED_NO_PACTG_HISTORY
9010970856C,HEADER_ONLY_NO_PACTG_EMIT,mpaid=5000.00;marker=CSO_CONTROLLED_NO_PACTG_HISTORY
9010972547C,HEADER_ONLY_NO_PACTG_EMIT,mpaid=6666.67;marker=CSO_CONTROLLED_NO_PACTG_HISTORY
9010976092C,HEADER_ONLY_NO_PACTG_EMIT,mpaid=5006.67;marker=CSO_CONTROLLED_NO_PACTG_HISTORY
9010979714C,HEADER_ONLY_NO_PACTG_EMIT,mpaid=50154.02;marker=CSO_CONTROLLED_NO_PACTG_HISTORY
9010984311C,HEADER_ONLY_NO_PACTG_EMIT,mpaid=8231.38;marker=CSO_CONTROLLED_NO_PACTG_HISTORY
9011001123C,HEADER_ONLY_NO_PACTG_EMIT,mpaid=9313.01;marker=CSO_CONTROLLED_NO_PACTG_HISTORY
9011004375C,HEADER_ONLY_NO_PACTG_EMIT,mpaid=6105.21;marker=CSO_CONTROLLED_NO_PACTG_HISTORY
9011023411C,HEADER_ONLY_NO_PACTG_EMIT,mpaid=4233.65;marker=CSO_CONTROLLED_NO_PACTG_HISTORY
9011030667C,HEADER_ONLY_NO_PACTG_EMIT,mpaid=25136.86;marker=CSO_CONTROLLED_NO_PACTG_HISTORY
9011032922C,HEADER_ONLY_NO_PACTG_EMIT,mpaid=150140.57;marker=CSO_CONTROLLED_NO_PACTG_HISTORY
9011035089C,HEADER_ONLY_NO_PACTG_EMIT,mpaid=16925.60;marker=CSO_CONTROLLED_NO_PACTG_HISTORY
9011035090C,HEADER_ONLY_NO_PACTG_EMIT,mpaid=16925.60;marker=CSO_CONTROLLED_NO_PACTG_HISTORY
9011036771C,HEADER_ONLY_NO_PACTG_EMIT,mpaid=6619.23;marker=CSO_CONTROLLED_NO_PACTG_HISTORY
9011038069C,HEADER_ONLY_NO_PACTG_EMIT,mpaid=5000.00;marker=CSO_CONTROLLED_NO_PACTG_HISTORY
9011040031C,HEADER_ONLY_NO_PACTG_EMIT,mpaid=7059.25;marker=CSO_CONTROLLED_NO_PACTG_HISTORY
9011041422C,HEADER_ONLY_NO_PACTG_EMIT,mpaid=19618.78;marker=CSO_CONTROLLED_NO_PACTG_HISTORY
9011042062C,HEADER_ONLY_NO_PACTG_EMIT,mpaid=37067.07;marker=CSO_CONTROLLED_NO_PACTG_HISTORY
9011043975C,HEADER_ONLY_NO_PACTG_EMIT,mpaid=5028.98;marker=CSO_CONTROLLED_NO_PACTG_HISTORY
9011045347C,HEADER_ONLY_NO_PACTG_EMIT,mpaid=20625.27;marker=CSO_CONTROLLED_NO_PACTG_HISTORY
9011052662C,HEADER_ONLY_NO_PACTG_EMIT,mpaid=25008.84;marker=CSO_CONTROLLED_NO_PACTG_HISTORY
9011052997C,HEADER_ONLY_NO_PACTG_EMIT,mpaid=6547.25;marker=CSO_CONTROLLED_NO_PACTG_HISTORY
9011062308C,HEADER_ONLY_NO_PACTG_EMIT,mpaid=4091.46;marker=CSO_CONTROLLED_NO_PACTG_HISTORY
9011064340C,HEADER_ONLY_NO_PACTG_EMIT,mpaid=7304.85;marker=CSO_CONTROLLED_NO_PACTG_HISTORY
9011064872C,HEADER_ONLY_NO_PACTG_EMIT,mpaid=6689.88;marker=CSO_CONTROLLED_NO_PACTG_HISTORY
9011067672C,HEADER_ONLY_NO_PACTG_EMIT,mpaid=6275.75;marker=CSO_CONTROLLED_NO_PACTG_HISTORY
9011073960C,HEADER_ONLY_NO_PACTG_EMIT,mpaid=25743.72;marker=CSO_CONTROLLED_NO_PACTG_HISTORY
9011077202C,HEADER_ONLY_NO_PACTG_EMIT,mpaid=7095.67;marker=CSO_CONTROLLED_NO_PACTG_HISTORY
9011078992C,HEADER_ONLY_NO_PACTG_EMIT,mpaid=5890.47;marker=CSO_CONTROLLED_NO_PACTG_HISTORY
9011083330C,HEADER_ONLY_NO_PACTG_EMIT,mpaid=20238.43;marker=CSO_CONTROLLED_NO_PACTG_HISTORY
9011084701C,HEADER_ONLY_NO_PACTG_EMIT,mpaid=5026.41;marker=CSO_CONTROLLED_NO_PACTG_HISTORY
9011091293C,HEADER_ONLY_NO_PACTG_EMIT,mpaid=5034.18;marker=CSO_CONTROLLED_NO_PACTG_HISTORY
9011091568C,HEADER_ONLY_NO_PACTG_EMIT,mpaid=3000.00;marker=CSO_CONTROLLED_NO_PACTG_HISTORY
9011096596C,HEADER_ONLY_NO_PACTG_EMIT,mpaid=5016.40;marker=CSO_CONTROLLED_NO_PACTG_HISTORY
9011097344C,HEADER_ONLY_NO_PACTG_EMIT,mpaid=5012.02;marker=CSO_CONTROLLED_NO_PACTG_HISTORY
9011098653C,HEADER_ONLY_NO_PACTG_EMIT,mpaid=4000.00;marker=CSO_CONTROLLED_NO_PACTG_HISTORY
9011100081C,HEADER_ONLY_NO_PACTG_EMIT,mpaid=20054.12;marker=CSO_CONTROLLED_NO_PACTG_HISTORY
9011100913C,HEADER_ONLY_NO_PACTG_EMIT,mpaid=6023.53;marker=CSO_CONTROLLED_NO_PACTG_HISTORY
9011104638C,HEADER_ONLY_NO_PACTG_EMIT,mpaid=5034.58;marker=CSO_CONTROLLED_NO_PACTG_HISTORY
9011104705C,HEADER_ONLY_NO_PACTG_EMIT,mpaid=5011.18;marker=CSO_CONTROLLED_NO_PACTG_HISTORY
9011106555C,HEADER_ONLY_NO_PACTG_EMIT,mpaid=25028.22;marker=CSO_CONTROLLED_NO_PACTG_HISTORY
9011110508C,HEADER_ONLY_NO_PACTG_EMIT,mpaid=25101.72;marker=CSO_CONTROLLED_NO_PACTG_HISTORY
9011114073C,HEADER_ONLY_NO_PACTG_EMIT,mpaid=5027.88;marker=CSO_CONTROLLED_NO_PACTG_HISTORY
9011114755C,HEADER_ONLY_NO_PACTG_EMIT,mpaid=5036.38;marker=CSO_CONTROLLED_NO_PACTG_HISTORY
9011115692C,HEADER_ONLY_NO_PACTG_EMIT,mpaid=5171.08;marker=CSO_CONTROLLED_NO_PACTG_HISTORY
9011120148C,HEADER_ONLY_NO_PACTG_EMIT,mpaid=5052.85;marker=CSO_CONTROLLED_NO_PACTG_HISTORY
9011120587C,HEADER_ONLY_NO_PACTG_EMIT,mpaid=5107.97;marker=CSO_CONTROLLED_NO_PACTG_HISTORY
9011122330C,HEADER_ONLY_NO_PACTG_EMIT,mpaid=5762.98;marker=CSO_CONTROLLED_NO_PACTG_HISTORY
9011122804C,HEADER_ONLY_NO_PACTG_EMIT,mpaid=5003.30;marker=CSO_CONTROLLED_NO_PACTG_HISTORY
9011129202C,HEADER_ONLY_NO_PACTG_EMIT,mpaid=5023.17;marker=CSO_CONTROLLED_NO_PACTG_HISTORY
9011130756C,HEADER_ONLY_NO_PACTG_EMIT,mpaid=5457.25;marker=CSO_CONTROLLED_NO_PACTG_HISTORY
9011132206C,HEADER_ONLY_NO_PACTG_EMIT,mpaid=5294.30;marker=CSO_CONTROLLED_NO_PACTG_HISTORY
9011132283C,HEADER_ONLY_NO_PACTG_EMIT,mpaid=50042.07;marker=CSO_CONTROLLED_NO_PACTG_HISTORY
9011132652C,HEADER_ONLY_NO_PACTG_EMIT,mpaid=50842.58;marker=CSO_CONTROLLED_NO_PACTG_HISTORY
9011132938C,HEADER_ONLY_NO_PACTG_EMIT,mpaid=5013.63;marker=CSO_CONTROLLED_NO_PACTG_HISTORY
9011133285C,HEADER_ONLY_NO_PACTG_EMIT,mpaid=5017.93;marker=CSO_CONTROLLED_NO_PACTG_HISTORY
9011134326C,HEADER_ONLY_NO_PACTG_EMIT,mpaid=3010.52;marker=CSO_CONTROLLED_NO_PACTG_HISTORY
9011134872C,HEADER_ONLY_NO_PACTG_EMIT,mpaid=5335.04;marker=CSO_CONTROLLED_NO_PACTG_HISTORY
9011135536C,HEADER_ONLY_NO_PACTG_EMIT,mpaid=7503.44;marker=CSO_CONTROLLED_NO_PACTG_HISTORY
9011136024C,HEADER_ONLY_NO_PACTG_EMIT,mpaid=5024.63;marker=CSO_CONTROLLED_NO_PACTG_HISTORY
9011136171C,HEADER_ONLY_NO_PACTG_EMIT,mpaid=10014.33;marker=CSO_CONTROLLED_NO_PACTG_HISTORY
9011136518C,HEADER_ONLY_NO_PACTG_EMIT,mpaid=5012.30;marker=CSO_CONTROLLED_NO_PACTG_HISTORY
9011138172C,HEADER_ONLY_NO_PACTG_EMIT,mpaid=3330.56;marker=CSO_CONTROLLED_NO_PACTG_HISTORY
9011138882C,HEADER_ONLY_NO_PACTG_EMIT,mpaid=5001.49;marker=CSO_CONTROLLED_NO_PACTG_HISTORY
9011139585C,HEADER_ONLY_NO_PACTG_EMIT,mpaid=5066.42;marker=CSO_CONTROLLED_NO_PACTG_HISTORY
9011140125C,HEADER_ONLY_NO_PACTG_EMIT,mpaid=3013.27;marker=CSO_CONTROLLED_NO_PACTG_HISTORY
9011143632C,HEADER_ONLY_NO_PACTG_EMIT,mpaid=5020.45;marker=CSO_CONTROLLED_NO_PACTG_HISTORY
9011144227C,HEADER_ONLY_NO_PACTG_EMIT,mpaid=5034.47;marker=CSO_CONTROLLED_NO_PACTG_HISTORY
9011145143C,HEADER_ONLY_NO_PACTG_EMIT,mpaid=5311.99;marker=CSO_CONTROLLED_NO_PACTG_HISTORY
9011146179C,HEADER_ONLY_NO_PACTG_EMIT,mpaid=10177.05;marker=CSO_CONTROLLED_NO_PACTG_HISTORY
9011146185C,HEADER_ONLY_NO_PACTG_EMIT,mpaid=5086.99;marker=CSO_CONTROLLED_NO_PACTG_HISTORY
9011146727C,HEADER_ONLY_NO_PACTG_EMIT,mpaid=5001.98;marker=CSO_CONTROLLED_NO_PACTG_HISTORY
9011146841C,HEADER_ONLY_NO_PACTG_EMIT,mpaid=5065.72;marker=CSO_CONTROLLED_NO_PACTG_HISTORY
9011147328C,HEADER_ONLY_NO_PACTG_EMIT,mpaid=5014.03;marker=CSO_CONTROLLED_NO_PACTG_HISTORY
9011147429C,HEADER_ONLY_NO_PACTG_EMIT,mpaid=5126.07;marker=CSO_CONTROLLED_NO_PACTG_HISTORY
9011147435C,HEADER_ONLY_NO_PACTG_EMIT,mpaid=4010.93;marker=CSO_CONTROLLED_NO_PACTG_HISTORY
9011147627C,HEADER_ONLY_NO_PACTG_EMIT,mpaid=5023.94;marker=CSO_CONTROLLED_NO_PACTG_HISTORY
9011148994C,HEADER_ONLY_NO_PACTG_EMIT,mpaid=10044.59;marker=CSO_CONTROLLED_NO_PACTG_HISTORY
9011150312C,HEADER_ONLY_NO_PACTG_EMIT,mpaid=5038.48;marker=CSO_CONTROLLED_NO_PACTG_HISTORY
9011150350C,HEADER_ONLY_NO_PACTG_EMIT,mpaid=5009.54;marker=CSO_CONTROLLED_NO_PACTG_HISTORY
9011150666C,HEADER_ONLY_NO_PACTG_EMIT,mpaid=5008.99;marker=CSO_CONTROLLED_NO_PACTG_HISTORY
9011154119C,HEADER_ONLY_NO_PACTG_EMIT,mpaid=3118.54;marker=CSO_CONTROLLED_NO_PACTG_HISTORY
9011154802C,HEADER_ONLY_NO_PACTG_EMIT,mpaid=4009.94;marker=CSO_CONTROLLED_NO_PACTG_HISTORY
9011154804C,HEADER_ONLY_NO_PACTG_EMIT,mpaid=5016.60;marker=CSO_CONTROLLED_NO_PACTG_HISTORY
9011155863C,HEADER_ONLY_NO_PACTG_EMIT,mpaid=3004.23;marker=CSO_CONTROLLED_NO_PACTG_HISTORY
9011159741C,HEADER_ONLY_NO_PACTG_EMIT,mpaid=23.02;marker=CSO_CONTROLLED_NO_PACTG_HISTORY
9011160986C,HEADER_ONLY_NO_PACTG_EMIT,mpaid=5008.46;marker=CSO_CONTROLLED_NO_PACTG_HISTORY
9011161003C,HEADER_ONLY_NO_PACTG_EMIT,mpaid=5312.37;marker=CSO_CONTROLLED_NO_PACTG_HISTORY
9011161531C,HEADER_ONLY_NO_PACTG_EMIT,mpaid=5043.93;marker=CSO_CONTROLLED_NO_PACTG_HISTORY
9011162156C,HEADER_ONLY_NO_PACTG_EMIT,mpaid=3003.62;marker=CSO_CONTROLLED_NO_PACTG_HISTORY
9011162250C,HEADER_ONLY_NO_PACTG_EMIT,mpaid=5001.43;marker=CSO_CONTROLLED_NO_PACTG_HISTORY
9011174791C,HEADER_ONLY_NO_PACTG_EMIT,mpaid=3395.93;marker=CSO_CONTROLLED_NO_PACTG_HISTORY
9011176027C,HEADER_ONLY_NO_PACTG_EMIT,mpaid=5039.48;marker=CSO_CONTROLLED_NO_PACTG_HISTORY
9011176028C,HEADER_ONLY_NO_PACTG_EMIT,mpaid=5009.90;marker=CSO_CONTROLLED_NO_PACTG_HISTORY
9011176032C,HEADER_ONLY_NO_PACTG_EMIT,mpaid=5013.37;marker=CSO_CONTROLLED_NO_PACTG_HISTORY
9011176086C,HEADER_ONLY_NO_PACTG_EMIT,mpaid=20650.11;marker=CSO_CONTROLLED_NO_PACTG_HISTORY
9011177106C,HEADER_ONLY_NO_PACTG_EMIT,mpaid=5086.02;marker=CSO_CONTROLLED_NO_PACTG_HISTORY
9011177472C,HEADER_ONLY_NO_PACTG_EMIT,mpaid=5019.38;marker=CSO_CONTROLLED_NO_PACTG_HISTORY
9011178151C,HEADER_ONLY_NO_PACTG_EMIT,mpaid=10349.07;marker=CSO_CONTROLLED_NO_PACTG_HISTORY
9011178464C,HEADER_ONLY_NO_PACTG_EMIT,mpaid=3036.85;marker=CSO_CONTROLLED_NO_PACTG_HISTORY
9011178802C,HEADER_ONLY_NO_PACTG_EMIT,mpaid=3429.90;marker=CSO_CONTROLLED_NO_PACTG_HISTORY
9011182103C,HEADER_ONLY_NO_PACTG_EMIT,mpaid=10040.90;marker=CSO_CONTROLLED_NO_PACTG_HISTORY
9011182782C,HEADER_ONLY_NO_PACTG_EMIT,mpaid=10030.07;marker=CSO_CONTROLLED_NO_PACTG_HISTORY
9011183933C,HEADER_ONLY_NO_PACTG_EMIT,mpaid=3065.51;marker=CSO_CONTROLLED_NO_PACTG_HISTORY
9011184265C,HEADER_ONLY_NO_PACTG_EMIT,mpaid=5048.50;marker=CSO_CONTROLLED_NO_PACTG_HISTORY
9011184570C,HEADER_ONLY_NO_PACTG_EMIT,mpaid=6706.57;marker=CSO_CONTROLLED_NO_PACTG_HISTORY
9011184880C,HEADER_ONLY_NO_PACTG_EMIT,mpaid=9219.53;marker=CSO_CONTROLLED_NO_PACTG_HISTORY
9011185283C,HEADER_ONLY_NO_PACTG_EMIT,mpaid=5024.21;marker=CSO_CONTROLLED_NO_PACTG_HISTORY
9011188135C,HEADER_ONLY_NO_PACTG_EMIT,mpaid=5078.98;marker=CSO_CONTROLLED_NO_PACTG_HISTORY
9011188160C,HEADER_ONLY_NO_PACTG_EMIT,mpaid=5016.28;marker=CSO_CONTROLLED_NO_PACTG_HISTORY
9011189173C,HEADER_ONLY_NO_PACTG_EMIT,mpaid=5149.93;marker=CSO_CONTROLLED_NO_PACTG_HISTORY
9011189886C,HEADER_ONLY_NO_PACTG_EMIT,mpaid=5008.23;marker=CSO_CONTROLLED_NO_PACTG_HISTORY
9011190614C,HEADER_ONLY_NO_PACTG_EMIT,mpaid=5008.83;marker=CSO_CONTROLLED_NO_PACTG_HISTORY
9011190776C,HEADER_ONLY_NO_PACTG_EMIT,mpaid=5073.56;marker=CSO_CONTROLLED_NO_PACTG_HISTORY
9011190872C,HEADER_ONLY_NO_PACTG_EMIT,mpaid=5421.17;marker=CSO_CONTROLLED_NO_PACTG_HISTORY
9011191663C,HEADER_ONLY_NO_PACTG_EMIT,mpaid=5040.67;marker=CSO_CONTROLLED_NO_PACTG_HISTORY
9011191685C,HEADER_ONLY_NO_PACTG_EMIT,mpaid=5081.60;marker=CSO_CONTROLLED_NO_PACTG_HISTORY
9011191729C,HEADER_ONLY_NO_PACTG_EMIT,mpaid=3058.28;marker=CSO_CONTROLLED_NO_PACTG_HISTORY
9011191888C,HEADER_ONLY_NO_PACTG_EMIT,mpaid=10128.31;marker=CSO_CONTROLLED_NO_PACTG_HISTORY
9011192069C,HEADER_ONLY_NO_PACTG_EMIT,mpaid=5016.25;marker=CSO_CONTROLLED_NO_PACTG_HISTORY
9011192326C,HEADER_ONLY_NO_PACTG_EMIT,mpaid=10028.40;marker=CSO_CONTROLLED_NO_PACTG_HISTORY
9011193204C,HEADER_ONLY_NO_PACTG_EMIT,mpaid=10128.67;marker=CSO_CONTROLLED_NO_PACTG_HISTORY
9011194320C,HEADER_ONLY_NO_PACTG_EMIT,mpaid=5275.06;marker=CSO_CONTROLLED_NO_PACTG_HISTORY
9011194380C,HEADER_ONLY_NO_PACTG_EMIT,mpaid=5027.56;marker=CSO_CONTROLLED_NO_PACTG_HISTORY
9011195701C,HEADER_ONLY_NO_PACTG_EMIT,mpaid=3026.42;marker=CSO_CONTROLLED_NO_PACTG_HISTORY
9011195983C,HEADER_ONLY_NO_PACTG_EMIT,mpaid=3000.00;marker=CSO_CONTROLLED_NO_PACTG_HISTORY
9011196279C,HEADER_ONLY_NO_PACTG_EMIT,mpaid=5034.00;marker=CSO_CONTROLLED_NO_PACTG_HISTORY
9011196389C,HEADER_ONLY_NO_PACTG_EMIT,mpaid=10173.84;marker=CSO_CONTROLLED_NO_PACTG_HISTORY
9011197306C,HEADER_ONLY_NO_PACTG_EMIT,mpaid=5136.41;marker=CSO_CONTROLLED_NO_PACTG_HISTORY
9011197876C,HEADER_ONLY_NO_PACTG_EMIT,mpaid=5013.68;marker=CSO_CONTROLLED_NO_PACTG_HISTORY
9011203306C,HEADER_ONLY_NO_PACTG_EMIT,mpaid=10052.20;marker=CSO_CONTROLLED_NO_PACTG_HISTORY
9011204760C,HEADER_ONLY_NO_PACTG_EMIT,mpaid=10114.65;marker=CSO_CONTROLLED_NO_PACTG_HISTORY
9011205110C,HEADER_ONLY_NO_PACTG_EMIT,mpaid=24997.96;marker=CSO_CONTROLLED_NO_PACTG_HISTORY
9011209067C,HEADER_ONLY_NO_PACTG_EMIT,mpaid=13140.28;marker=CSO_CONTROLLED_NO_PACTG_HISTORY
9011211691C,HEADER_ONLY_NO_PACTG_EMIT,mpaid=10035.86;marker=CSO_CONTROLLED_NO_PACTG_HISTORY
9011220812C,HEADER_ONLY_NO_PACTG_EMIT,mpaid=16263.97;marker=CSO_CONTROLLED_NO_PACTG_HISTORY
9011230764C,HEADER_ONLY_NO_PACTG_EMIT,mpaid=10034.81;marker=CSO_CONTROLLED_NO_PACTG_HISTORY
9011231062C,HEADER_ONLY_NO_PACTG_EMIT,mpaid=432.92;marker=CSO_CONTROLLED_NO_PACTG_HISTORY
9011232739C,HEADER_ONLY_NO_PACTG_EMIT,mpaid=7008.44;marker=CSO_CONTROLLED_NO_PACTG_HISTORY
9011237598C,HEADER_ONLY_NO_PACTG_EMIT,mpaid=10182.57;marker=CSO_CONTROLLED_NO_PACTG_HISTORY
9011237655C,HEADER_ONLY_NO_PACTG_EMIT,mpaid=10038.97;marker=CSO_CONTROLLED_NO_PACTG_HISTORY
9011252141C,HEADER_ONLY_NO_PACTG_EMIT,mpaid=20000.00;marker=CSO_CONTROLLED_NO_PACTG_HISTORY
9011252161C,HEADER_ONLY_NO_PACTG_EMIT,mpaid=5061.39;marker=CSO_CONTROLLED_NO_PACTG_HISTORY
9011253009C,HEADER_ONLY_NO_PACTG_EMIT,mpaid=5005.49;marker=CSO_CONTROLLED_NO_PACTG_HISTORY
9011253220C,HEADER_ONLY_NO_PACTG_EMIT,mpaid=10098.24;marker=CSO_CONTROLLED_NO_PACTG_HISTORY
9011255829C,HEADER_ONLY_NO_PACTG_EMIT,mpaid=5060.59;marker=CSO_CONTROLLED_NO_PACTG_HISTORY
9011256132C,HEADER_ONLY_NO_PACTG_EMIT,mpaid=5030.79;marker=CSO_CONTROLLED_NO_PACTG_HISTORY
9011258782C,HEADER_ONLY_NO_PACTG_EMIT,mpaid=5003.57;marker=CSO_CONTROLLED_NO_PACTG_HISTORY
9011259489C,HEADER_ONLY_NO_PACTG_EMIT,mpaid=7529.52;marker=CSO_CONTROLLED_NO_PACTG_HISTORY
9011264069C,HEADER_ONLY_NO_PACTG_EMIT,mpaid=26394.66;marker=CSO_CONTROLLED_NO_PACTG_HISTORY
9011264451C,HEADER_ONLY_NO_PACTG_EMIT,mpaid=5003.71;marker=CSO_CONTROLLED_NO_PACTG_HISTORY
9011266876C,HEADER_ONLY_NO_PACTG_EMIT,mpaid=4292.55;marker=CSO_CONTROLLED_NO_PACTG_HISTORY
9011268909C,HEADER_ONLY_NO_PACTG_EMIT,mpaid=15009.12;marker=CSO_CONTROLLED_NO_PACTG_HISTORY
9015000068C,HEADER_ONLY_NO_PACTG_EMIT,mpaid=3034.49;marker=CSO_CONTROLLED_NO_PACTG_HISTORY
9015000156C,HEADER_ONLY_NO_PACTG_EMIT,mpaid=3000.00;marker=CSO_CONTROLLED_NO_PACTG_HISTORY
9015000193C,HEADER_ONLY_NO_PACTG_EMIT,mpaid=2059.21;marker=CSO_CONTROLLED_NO_PACTG_HISTORY
9015000385C,HEADER_ONLY_NO_PACTG_EMIT,mpaid=5482.48;marker=CSO_CONTROLLED_NO_PACTG_HISTORY
9015000580C,HEADER_ONLY_NO_PACTG_EMIT,mpaid=7531.46;marker=CSO_CONTROLLED_NO_PACTG_HISTORY
9019769982C,HEADER_ONLY_NO_PACTG_EMIT,mpaid=1000.00;marker=CSO_CONTROLLED_NO_PACTG_HISTORY
