cfic_plan,ql_plan,gender,uwclass,band,issue_age,policy_year,cash_value,pup_ins,term_rsv,mean_rsv,rl_netprem,fy_netprem,death_ben,source_file
Q1FN,10Q1FN,F,NS,00,20,1,0.00,0,0.00,0.22,0.441820,0.441820,1000.00,cifi0007.DBF
Q1FN,10Q1FN,F,NS,00,20,2,0.00,0,0.06,0.29,0.517590,0.441820,1000.00,cifi0007.DBF
Q1FN,10Q1FN,F,NS,00,20,3,0.00,0,0.11,0.34,0.517590,0.441820,1000.00,cifi0007.DBF
Q1FN,10Q1FN,F,NS,00,20,4,0.00,0,0.16,0.39,0.517590,0.441820,1000.00,cifi0007.DBF
Q1FN,10Q1FN,F,NS,00,20,5,0.00,0,0.19,0.44,0.517590,0.441820,1000.00,cifi0007.DBF
Q1FN,10Q1FN,F,NS,00,20,6,0.00,0,0.22,0.47,0.517590,0.441820,1000.00,cifi0007.DBF
Q1FN,10Q1FN,F,NS,00,20,7,0.00,0,0.20,0.47,0.517590,0.441820,1000.00,cifi0007.DBF
Q1FN,10Q1FN,F,NS,00,20,8,0.00,0,0.17,0.45,0.517590,0.441820,1000.00,cifi0007.DBF
Q1FN,10Q1FN,F,NS,00,20,9,0.00,0,0.10,0.39,0.517590,0.441820,1000.00,cifi0007.DBF
Q1FN,10Q1FN,F,NS,00,20,10,0.00,0,0.00,0.31,0.517590,0.441820,1000.00,cifi0007.DBF
Q1FN,10Q1FN,F,NS,00,21,1,0.00,0,0.00,0.23,0.461450,0.461450,1000.00,cifi0007.DBF
Q1FN,10Q1FN,F,NS,00,21,2,0.00,0,0.07,0.30,0.537500,0.461450,1000.00,cifi0007.DBF
Q1FN,10Q1FN,F,NS,00,21,3,0.00,0,0.14,0.37,0.537500,0.461450,1000.00,cifi0007.DBF
Q1FN,10Q1FN,F,NS,00,21,4,0.00,0,0.19,0.44,0.537500,0.461450,1000.00,cifi0007.DBF
Q1FN,10Q1FN,F,NS,00,21,5,0.00,0,0.24,0.49,0.537500,0.461450,1000.00,cifi0007.DBF
Q1FN,10Q1FN,F,NS,00,21,6,0.00,0,0.25,0.51,0.537500,0.461450,1000.00,cifi0007.DBF
Q1FN,10Q1FN,F,NS,00,21,7,0.00,0,0.23,0.51,0.537500,0.461450,1000.00,cifi0007.DBF
Q1FN,10Q1FN,F,NS,00,21,8,0.00,0,0.19,0.48,0.537500,0.461450,1000.00,cifi0007.DBF
Q1FN,10Q1FN,F,NS,00,21,9,0.00,0,0.11,0.42,0.537500,0.461450,1000.00,cifi0007.DBF
Q1FN,10Q1FN,F,NS,00,21,10,0.00,0,0.00,0.32,0.537500,0.461450,1000.00,cifi0007.DBF
Q1FN,10Q1FN,F,NS,00,22,1,0.00,0,0.00,0.24,0.471270,0.471270,1000.00,cifi0007.DBF
Q1FN,10Q1FN,F,NS,00,22,2,0.00,0,0.09,0.33,0.560580,0.471270,1000.00,cifi0007.DBF
Q1FN,10Q1FN,F,NS,00,22,3,0.00,0,0.17,0.41,0.560580,0.471270,1000.00,cifi0007.DBF
Q1FN,10Q1FN,F,NS,00,22,4,0.00,0,0.24,0.48,0.560580,0.471270,1000.00,cifi0007.DBF
Q1FN,10Q1FN,F,NS,00,22,5,0.00,0,0.27,0.53,0.560580,0.471270,1000.00,cifi0007.DBF
Q1FN,10Q1FN,F,NS,00,22,6,0.00,0,0.28,0.55,0.560580,0.471270,1000.00,cifi0007.DBF
Q1FN,10Q1FN,F,NS,00,22,7,0.00,0,0.26,0.55,0.560580,0.471270,1000.00,cifi0007.DBF
Q1FN,10Q1FN,F,NS,00,22,8,0.00,0,0.21,0.51,0.560580,0.471270,1000.00,cifi0007.DBF
Q1FN,10Q1FN,F,NS,00,22,9,0.00,0,0.13,0.45,0.560580,0.471270,1000.00,cifi0007.DBF
Q1FN,10Q1FN,F,NS,00,22,10,0.00,0,0.00,0.34,0.560580,0.471270,1000.00,cifi0007.DBF
Q1FN,10Q1FN,F,NS,00,23,1,0.00,0,0.00,0.24,0.471270,0.471270,1000.00,cifi0007.DBF
Q1FN,10Q1FN,F,NS,00,23,2,0.00,0,0.10,0.34,0.588290,0.471270,1000.00,cifi0007.DBF
Q1FN,10Q1FN,F,NS,00,23,3,0.00,0,0.20,0.44,0.588290,0.471270,1000.00,cifi0007.DBF
Q1FN,10Q1FN,F,NS,00,23,4,0.00,0,0.25,0.52,0.588290,0.471270,1000.00,cifi0007.DBF
Q1FN,10Q1FN,F,NS,00,23,5,0.00,0,0.29,0.57,0.588290,0.471270,1000.00,cifi0007.DBF
Q1FN,10Q1FN,F,NS,00,23,6,0.00,0,0.30,0.59,0.588290,0.471270,1000.00,cifi0007.DBF
Q1FN,10Q1FN,F,NS,00,23,7,0.00,0,0.28,0.59,0.588290,0.471270,1000.00,cifi0007.DBF
Q1FN,10Q1FN,F,NS,00,23,8,0.00,0,0.23,0.55,0.588290,0.471270,1000.00,cifi0007.DBF
Q1FN,10Q1FN,F,NS,00,23,9,0.00,0,0.14,0.48,0.588290,0.471270,1000.00,cifi0007.DBF
Q1FN,10Q1FN,F,NS,00,23,10,0.00,0,0.00,0.36,0.588290,0.471270,1000.00,cifi0007.DBF
Q1FN,10Q1FN,F,NS,00,24,1,0.00,0,0.00,0.25,0.490910,0.490910,1000.00,cifi0007.DBF
Q1FN,10Q1FN,F,NS,00,24,2,0.00,0,0.12,0.37,0.619110,0.490910,1000.00,cifi0007.DBF
Q1FN,10Q1FN,F,NS,00,24,3,0.00,0,0.21,0.48,0.619110,0.490910,1000.00,cifi0007.DBF
Q1FN,10Q1FN,F,NS,00,24,4,0.00,0,0.28,0.55,0.619110,0.490910,1000.00,cifi0007.DBF
Q1FN,10Q1FN,F,NS,00,24,5,0.00,0,0.32,0.61,0.619110,0.490910,1000.00,cifi0007.DBF
Q1FN,10Q1FN,F,NS,00,24,6,0.00,0,0.33,0.64,0.619110,0.490910,1000.00,cifi0007.DBF
Q1FN,10Q1FN,F,NS,00,24,7,0.00,0,0.32,0.64,0.619110,0.490910,1000.00,cifi0007.DBF
Q1FN,10Q1FN,F,NS,00,24,8,0.00,0,0.26,0.60,0.619110,0.490910,1000.00,cifi0007.DBF
Q1FN,10Q1FN,F,NS,00,24,9,0.00,0,0.16,0.52,0.619110,0.490910,1000.00,cifi0007.DBF
Q1FN,10Q1FN,F,NS,00,24,10,0.00,0,0.00,0.39,0.619110,0.490910,1000.00,cifi0007.DBF
Q1FN,10Q1FN,F,NS,00,25,1,0.00,0,0.00,0.25,0.500730,0.500730,1000.00,cifi0007.DBF
Q1FN,10Q1FN,F,NS,00,25,2,0.00,0,0.12,0.39,0.655400,0.500730,1000.00,cifi0007.DBF
Q1FN,10Q1FN,F,NS,00,25,3,0.00,0,0.22,0.50,0.655400,0.500730,1000.00,cifi0007.DBF
Q1FN,10Q1FN,F,NS,00,25,4,0.00,0,0.30,0.59,0.655400,0.500730,1000.00,cifi0007.DBF
Q1FN,10Q1FN,F,NS,00,25,5,0.00,0,0.35,0.65,0.655400,0.500730,1000.00,cifi0007.DBF
Q1FN,10Q1FN,F,NS,00,25,6,0.00,0,0.37,0.69,0.655400,0.500730,1000.00,cifi0007.DBF
Q1FN,10Q1FN,F,NS,00,25,7,0.00,0,0.35,0.69,0.655400,0.500730,1000.00,cifi0007.DBF
Q1FN,10Q1FN,F,NS,00,25,8,0.00,0,0.29,0.65,0.655400,0.500730,1000.00,cifi0007.DBF
Q1FN,10Q1FN,F,NS,00,25,9,0.00,0,0.18,0.56,0.655400,0.500730,1000.00,cifi0007.DBF
Q1FN,10Q1FN,F,NS,00,25,10,0.00,0,0.00,0.42,0.655400,0.500730,1000.00,cifi0007.DBF
Q1FN,10Q1FN,F,NS,00,26,1,0.00,0,0.00,0.27,0.540000,0.540000,1000.00,cifi0007.DBF
Q1FN,10Q1FN,F,NS,00,26,2,0.00,0,0.14,0.42,0.694380,0.540000,1000.00,cifi0007.DBF
Q1FN,10Q1FN,F,NS,00,26,3,0.00,0,0.25,0.54,0.694380,0.540000,1000.00,cifi0007.DBF
Q1FN,10Q1FN,F,NS,00,26,4,0.00,0,0.34,0.65,0.694380,0.540000,1000.00,cifi0007.DBF
Q1FN,10Q1FN,F,NS,00,26,5,0.00,0,0.40,0.72,0.694380,0.540000,1000.00,cifi0007.DBF
Q1FN,10Q1FN,F,NS,00,26,6,0.00,0,0.43,0.76,0.694380,0.540000,1000.00,cifi0007.DBF
Q1FN,10Q1FN,F,NS,00,26,7,0.00,0,0.41,0.77,0.694380,0.540000,1000.00,cifi0007.DBF
Q1FN,10Q1FN,F,NS,00,26,8,0.00,0,0.34,0.72,0.694380,0.540000,1000.00,cifi0007.DBF
Q1FN,10Q1FN,F,NS,00,26,9,0.00,0,0.21,0.62,0.694380,0.540000,1000.00,cifi0007.DBF
Q1FN,10Q1FN,F,NS,00,26,10,0.00,0,0.00,0.45,0.694380,0.540000,1000.00,cifi0007.DBF
Q1FN,10Q1FN,F,NS,00,27,1,0.00,0,0.00,0.28,0.559640,0.559640,1000.00,cifi0007.DBF
Q1FN,10Q1FN,F,NS,00,27,2,0.00,0,0.16,0.45,0.738770,0.559640,1000.00,cifi0007.DBF
Q1FN,10Q1FN,F,NS,00,27,3,0.00,0,0.29,0.59,0.738770,0.559640,1000.00,cifi0007.DBF
Q1FN,10Q1FN,F,NS,00,27,4,0.00,0,0.39,0.71,0.738770,0.559640,1000.00,cifi0007.DBF
Q1FN,10Q1FN,F,NS,00,27,5,0.00,0,0.46,0.79,0.738770,0.559640,1000.00,cifi0007.DBF
Q1FN,10Q1FN,F,NS,00,27,6,0.00,0,0.49,0.84,0.738770,0.559640,1000.00,cifi0007.DBF
Q1FN,10Q1FN,F,NS,00,27,7,0.00,0,0.47,0.85,0.738770,0.559640,1000.00,cifi0007.DBF
Q1FN,10Q1FN,F,NS,00,27,8,0.00,0,0.39,0.80,0.738770,0.559640,1000.00,cifi0007.DBF
Q1FN,10Q1FN,F,NS,00,27,9,0.00,0,0.23,0.68,0.738770,0.559640,1000.00,cifi0007.DBF
Q1FN,10Q1FN,F,NS,00,27,10,0.00,0,0.00,0.49,0.738770,0.559640,1000.00,cifi0007.DBF
Q1FN,10Q1FN,F,NS,00,28,1,0.00,0,0.00,0.29,0.589090,0.589090,1000.00,cifi0007.DBF
Q1FN,10Q1FN,F,NS,00,28,2,0.00,0,0.17,0.48,0.786530,0.589090,1000.00,cifi0007.DBF
Q1FN,10Q1FN,F,NS,00,28,3,0.00,0,0.32,0.64,0.786530,0.589090,1000.00,cifi0007.DBF
Q1FN,10Q1FN,F,NS,00,28,4,0.00,0,0.44,0.78,0.786530,0.589090,1000.00,cifi0007.DBF
Q1FN,10Q1FN,F,NS,00,28,5,0.00,0,0.52,0.87,0.786530,0.589090,1000.00,cifi0007.DBF
Q1FN,10Q1FN,F,NS,00,28,6,0.00,0,0.55,0.93,0.786530,0.589090,1000.00,cifi0007.DBF
Q1FN,10Q1FN,F,NS,00,28,7,0.00,0,0.52,0.93,0.786530,0.589090,1000.00,cifi0007.DBF
Q1FN,10Q1FN,F,NS,00,28,8,0.00,0,0.42,0.86,0.786530,0.589090,1000.00,cifi0007.DBF
Q1FN,10Q1FN,F,NS,00,28,9,0.00,0,0.24,0.73,0.786530,0.589090,1000.00,cifi0007.DBF
Q1FN,10Q1FN,F,NS,00,28,10,0.00,0,0.00,0.52,0.786530,0.589090,1000.00,cifi0007.DBF
Q1FN,10Q1FN,F,NS,00,29,1,0.00,0,0.00,0.31,0.618540,0.618540,1000.00,cifi0007.DBF
Q1FN,10Q1FN,F,NS,00,29,2,0.00,0,0.20,0.52,0.836850,0.618540,1000.00,cifi0007.DBF
Q1FN,10Q1FN,F,NS,00,29,3,0.00,0,0.36,0.70,0.836850,0.618540,1000.00,cifi0007.DBF
Q1FN,10Q1FN,F,NS,00,29,4,0.00,0,0.49,0.84,0.836850,0.618540,1000.00,cifi0007.DBF
Q1FN,10Q1FN,F,NS,00,29,5,0.00,0,0.57,0.95,0.836850,0.618540,1000.00,cifi0007.DBF
Q1FN,10Q1FN,F,NS,00,29,6,0.00,0,0.59,1.00,0.836850,0.618540,1000.00,cifi0007.DBF
Q1FN,10Q1FN,F,NS,00,29,7,0.00,0,0.55,0.99,0.836850,0.618540,1000.00,cifi0007.DBF
Q1FN,10Q1FN,F,NS,00,29,8,0.00,0,0.43,0.91,0.836850,0.618540,1000.00,cifi0007.DBF
Q1FN,10Q1FN,F,NS,00,29,9,0.00,0,0.24,0.75,0.836850,0.618540,1000.00,cifi0007.DBF
Q1FN,10Q1FN,F,NS,00,29,10,0.00,0,0.00,0.54,0.836850,0.618540,1000.00,cifi0007.DBF
Q1FN,10Q1FN,F,NS,00,30,1,0.00,0,0.00,0.32,0.648000,0.648000,1000.00,cifi0007.DBF
Q1FN,10Q1FN,F,NS,00,30,2,0.00,0,0.21,0.55,0.890770,0.648000,1000.00,cifi0007.DBF
Q1FN,10Q1FN,F,NS,00,30,3,0.00,0,0.39,0.75,0.890770,0.648000,1000.00,cifi0007.DBF
Q1FN,10Q1FN,F,NS,00,30,4,0.00,0,0.52,0.90,0.890770,0.648000,1000.00,cifi0007.DBF
Q1FN,10Q1FN,F,NS,00,30,5,0.00,0,0.60,1.01,0.890770,0.648000,1000.00,cifi0007.DBF
Q1FN,10Q1FN,F,NS,00,30,6,0.00,0,0.61,1.05,0.890770,0.648000,1000.00,cifi0007.DBF
Q1FN,10Q1FN,F,NS,00,30,7,0.00,0,0.55,1.03,0.890770,0.648000,1000.00,cifi0007.DBF
Q1FN,10Q1FN,F,NS,00,30,8,0.00,0,0.43,0.94,0.890770,0.648000,1000.00,cifi0007.DBF
Q1FN,10Q1FN,F,NS,00,30,9,0.00,0,0.25,0.78,0.890770,0.648000,1000.00,cifi0007.DBF
Q1FN,10Q1FN,F,NS,00,30,10,0.00,0,0.00,0.57,0.890770,0.648000,1000.00,cifi0007.DBF
Q1FN,10Q1FN,F,NS,00,31,1,0.00,0,0.00,0.34,0.687270,0.687270,1000.00,cifi0007.DBF
Q1FN,10Q1FN,F,NS,00,31,2,0.00,0,0.23,0.59,0.948060,0.687270,1000.00,cifi0007.DBF
Q1FN,10Q1FN,F,NS,00,31,3,0.00,0,0.42,0.80,0.948060,0.687270,1000.00,cifi0007.DBF
Q1FN,10Q1FN,F,NS,00,31,4,0.00,0,0.55,0.96,0.948060,0.687270,1000.00,cifi0007.DBF
Q1FN,10Q1FN,F,NS,00,31,5,0.00,0,0.62,1.06,0.948060,0.687270,1000.00,cifi0007.DBF
Q1FN,10Q1FN,F,NS,00,31,6,0.00,0,0.62,1.09,0.948060,0.687270,1000.00,cifi0007.DBF
Q1FN,10Q1FN,F,NS,00,31,7,0.00,0,0.56,1.06,0.948060,0.687270,1000.00,cifi0007.DBF
Q1FN,10Q1FN,F,NS,00,31,8,0.00,0,0.44,0.97,0.948060,0.687270,1000.00,cifi0007.DBF
Q1FN,10Q1FN,F,NS,00,31,9,0.00,0,0.26,0.82,0.948060,0.687270,1000.00,cifi0007.DBF
Q1FN,10Q1FN,F,NS,00,31,10,0.00,0,0.00,0.60,0.948060,0.687270,1000.00,cifi0007.DBF
Q1FN,10Q1FN,F,NS,00,32,1,0.00,0,0.00,0.36,0.726540,0.726540,1000.00,cifi0007.DBF
Q1FN,10Q1FN,F,NS,00,32,2,0.00,0,0.24,0.63,1.009770,0.726540,1000.00,cifi0007.DBF
Q1FN,10Q1FN,F,NS,00,32,3,0.00,0,0.43,0.84,1.009770,0.726540,1000.00,cifi0007.DBF
Q1FN,10Q1FN,F,NS,00,32,4,0.00,0,0.56,1.00,1.009770,0.726540,1000.00,cifi0007.DBF
Q1FN,10Q1FN,F,NS,00,32,5,0.00,0,0.62,1.10,1.009770,0.726540,1000.00,cifi0007.DBF
Q1FN,10Q1FN,F,NS,00,32,6,0.00,0,0.62,1.13,1.009770,0.726540,1000.00,cifi0007.DBF
Q1FN,10Q1FN,F,NS,00,32,7,0.00,0,0.58,1.11,1.009770,0.726540,1000.00,cifi0007.DBF
Q1FN,10Q1FN,F,NS,00,32,8,0.00,0,0.46,1.02,1.009770,0.726540,1000.00,cifi0007.DBF
Q1FN,10Q1FN,F,NS,00,32,9,0.00,0,0.28,0.88,1.009770,0.726540,1000.00,cifi0007.DBF
Q1FN,10Q1FN,F,NS,00,32,10,0.00,0,0.00,0.64,1.009770,0.726540,1000.00,cifi0007.DBF
Q1FN,10Q1FN,F,NS,00,33,1,0.00,0,0.00,0.39,0.775640,0.775640,1000.00,cifi0007.DBF
Q1FN,10Q1FN,F,NS,00,33,2,0.00,0,0.25,0.66,1.075700,0.775640,1000.00,cifi0007.DBF
Q1FN,10Q1FN,F,NS,00,33,3,0.00,0,0.44,0.88,1.075700,0.775640,1000.00,cifi0007.DBF
Q1FN,10Q1FN,F,NS,00,33,4,0.00,0,0.56,1.04,1.075700,0.775640,1000.00,cifi0007.DBF
Q1FN,10Q1FN,F,NS,00,33,5,0.00,0,0.63,1.14,1.075700,0.775640,1000.00,cifi0007.DBF
Q1FN,10Q1FN,F,NS,00,33,6,0.00,0,0.65,1.18,1.075700,0.775640,1000.00,cifi0007.DBF
Q1FN,10Q1FN,F,NS,00,33,7,0.00,0,0.61,1.17,1.075700,0.775640,1000.00,cifi0007.DBF
Q1FN,10Q1FN,F,NS,00,33,8,0.00,0,0.50,1.09,1.075700,0.775640,1000.00,cifi0007.DBF
Q1FN,10Q1FN,F,NS,00,33,9,0.00,0,0.30,0.94,1.075700,0.775640,1000.00,cifi0007.DBF
Q1FN,10Q1FN,F,NS,00,33,10,0.00,0,0.00,0.69,1.075700,0.775640,1000.00,cifi0007.DBF
Q1FN,10Q1FN,F,NS,00,34,1,0.00,0,0.00,0.42,0.834540,0.834540,1000.00,cifi0007.DBF
Q1FN,10Q1FN,F,NS,00,34,2,0.00,0,0.25,0.70,1.146560,0.834540,1000.00,cifi0007.DBF
Q1FN,10Q1FN,F,NS,00,34,3,0.00,0,0.44,0.92,1.146560,0.834540,1000.00,cifi0007.DBF
Q1FN,10Q1FN,F,NS,00,34,4,0.00,0,0.58,1.09,1.146560,0.834540,1000.00,cifi0007.DBF
Q1FN,10Q1FN,F,NS,00,34,5,0.00,0,0.67,1.20,1.146560,0.834540,1000.00,cifi0007.DBF
Q1FN,10Q1FN,F,NS,00,34,6,0.00,0,0.71,1.26,1.146560,0.834540,1000.00,cifi0007.DBF
Q1FN,10Q1FN,F,NS,00,34,7,0.00,0,0.67,1.26,1.146560,0.834540,1000.00,cifi0007.DBF
Q1FN,10Q1FN,F,NS,00,34,8,0.00,0,0.55,1.18,1.146560,0.834540,1000.00,cifi0007.DBF
Q1FN,10Q1FN,F,NS,00,34,9,0.00,0,0.34,1.02,1.146560,0.834540,1000.00,cifi0007.DBF
Q1FN,10Q1FN,F,NS,00,34,10,0.00,0,0.00,0.74,1.146560,0.834540,1000.00,cifi0007.DBF
Q1FN,10Q1FN,F,NS,00,35,1,0.00,0,0.00,0.45,0.903270,0.903270,1000.00,cifi0007.DBF
Q1FN,10Q1FN,F,NS,00,35,2,0.00,0,0.26,0.74,1.223090,0.903270,1000.00,cifi0007.DBF
Q1FN,10Q1FN,F,NS,00,35,3,0.00,0,0.47,0.98,1.223090,0.903270,1000.00,cifi0007.DBF
Q1FN,10Q1FN,F,NS,00,35,4,0.00,0,0.64,1.17,1.223090,0.903270,1000.00,cifi0007.DBF
Q1FN,10Q1FN,F,NS,00,35,5,0.00,0,0.75,1.30,1.223090,0.903270,1000.00,cifi0007.DBF
Q1FN,10Q1FN,F,NS,00,35,6,0.00,0,0.79,1.38,1.223090,0.903270,1000.00,cifi0007.DBF
Q1FN,10Q1FN,F,NS,00,35,7,0.00,0,0.76,1.39,1.223090,0.903270,1000.00,cifi0007.DBF
Q1FN,10Q1FN,F,NS,00,35,8,0.00,0,0.63,1.31,1.223090,0.903270,1000.00,cifi0007.DBF
Q1FN,10Q1FN,F,NS,00,35,9,0.00,0,0.39,1.12,1.223090,0.903270,1000.00,cifi0007.DBF
Q1FN,10Q1FN,F,NS,00,35,10,0.00,0,0.00,0.81,1.223090,0.903270,1000.00,cifi0007.DBF
Q1FN,10Q1FN,F,NS,00,36,1,0.00,0,0.00,0.49,0.972000,0.972000,1000.00,cifi0007.DBF
Q1FN,10Q1FN,F,NS,00,36,2,0.00,0,0.29,0.80,1.307370,0.972000,1000.00,cifi0007.DBF
Q1FN,10Q1FN,F,NS,00,36,3,0.00,0,0.53,1.06,1.307370,0.972000,1000.00,cifi0007.DBF
Q1FN,10Q1FN,F,NS,00,36,4,0.00,0,0.73,1.29,1.307370,0.972000,1000.00,cifi0007.DBF
Q1FN,10Q1FN,F,NS,00,36,5,0.00,0,0.86,1.45,1.307370,0.972000,1000.00,cifi0007.DBF
Q1FN,10Q1FN,F,NS,00,36,6,0.00,0,0.92,1.54,1.307370,0.972000,1000.00,cifi0007.DBF
Q1FN,10Q1FN,F,NS,00,36,7,0.00,0,0.88,1.55,1.307370,0.972000,1000.00,cifi0007.DBF
Q1FN,10Q1FN,F,NS,00,36,8,0.00,0,0.74,1.46,1.307370,0.972000,1000.00,cifi0007.DBF
Q1FN,10Q1FN,F,NS,00,36,9,0.00,0,0.45,1.25,1.307370,0.972000,1000.00,cifi0007.DBF
Q1FN,10Q1FN,F,NS,00,36,10,0.00,0,0.00,0.88,1.307370,0.972000,1000.00,cifi0007.DBF
Q1FN,10Q1FN,F,NS,00,37,1,0.00,0,0.00,0.52,1.030910,1.030910,1000.00,cifi0007.DBF
Q1FN,10Q1FN,F,NS,00,37,2,0.00,0,0.34,0.87,1.403800,1.030910,1000.00,cifi0007.DBF
Q1FN,10Q1FN,F,NS,00,37,3,0.00,0,0.62,1.18,1.403800,1.030910,1000.00,cifi0007.DBF
Q1FN,10Q1FN,F,NS,00,37,4,0.00,0,0.85,1.44,1.403800,1.030910,1000.00,cifi0007.DBF
Q1FN,10Q1FN,F,NS,00,37,5,0.00,0,1.01,1.63,1.403800,1.030910,1000.00,cifi0007.DBF
Q1FN,10Q1FN,F,NS,00,37,6,0.00,0,1.08,1.74,1.403800,1.030910,1000.00,cifi0007.DBF
Q1FN,10Q1FN,F,NS,00,37,7,0.00,0,1.04,1.76,1.403800,1.030910,1000.00,cifi0007.DBF
Q1FN,10Q1FN,F,NS,00,37,8,0.00,0,0.86,1.65,1.403800,1.030910,1000.00,cifi0007.DBF
Q1FN,10Q1FN,F,NS,00,37,9,0.00,0,0.53,1.40,1.403800,1.030910,1000.00,cifi0007.DBF
Q1FN,10Q1FN,F,NS,00,37,10,0.00,0,0.00,0.97,1.403800,1.030910,1000.00,cifi0007.DBF
Q1FN,10Q1FN,F,NS,00,38,1,0.00,0,0.00,0.54,1.080000,1.080000,1000.00,cifi0007.DBF
Q1FN,10Q1FN,F,NS,00,38,2,0.00,0,0.39,0.95,1.516960,1.080000,1000.00,cifi0007.DBF
Q1FN,10Q1FN,F,NS,00,38,3,0.00,0,0.73,1.32,1.516960,1.080000,1000.00,cifi0007.DBF
Q1FN,10Q1FN,F,NS,00,38,4,0.00,0,1.00,1.62,1.516960,1.080000,1000.00,cifi0007.DBF
Q1FN,10Q1FN,F,NS,00,38,5,0.00,0,1.18,1.85,1.516960,1.080000,1000.00,cifi0007.DBF
Q1FN,10Q1FN,F,NS,00,38,6,0.00,0,1.27,1.98,1.516960,1.080000,1000.00,cifi0007.DBF
Q1FN,10Q1FN,F,NS,00,38,7,0.00,0,1.22,2.00,1.516960,1.080000,1000.00,cifi0007.DBF
Q1FN,10Q1FN,F,NS,00,38,8,0.00,0,1.02,1.88,1.516960,1.080000,1000.00,cifi0007.DBF
Q1FN,10Q1FN,F,NS,00,38,9,0.00,0,0.62,1.58,1.516960,1.080000,1000.00,cifi0007.DBF
Q1FN,10Q1FN,F,NS,00,38,10,0.00,0,0.00,1.07,1.516960,1.080000,1000.00,cifi0007.DBF
Q1FN,10Q1FN,F,NS,00,39,1,0.00,0,0.00,0.57,1.138910,1.138910,1000.00,cifi0007.DBF
Q1FN,10Q1FN,F,NS,00,39,2,0.00,0,0.46,1.05,1.648020,1.138910,1000.00,cifi0007.DBF
Q1FN,10Q1FN,F,NS,00,39,3,0.00,0,0.85,1.48,1.648020,1.138910,1000.00,cifi0007.DBF
Q1FN,10Q1FN,F,NS,00,39,4,0.00,0,1.17,1.83,1.648020,1.138910,1000.00,cifi0007.DBF
Q1FN,10Q1FN,F,NS,00,39,5,0.00,0,1.39,2.10,1.648020,1.138910,1000.00,cifi0007.DBF
Q1FN,10Q1FN,F,NS,00,39,6,0.00,0,1.48,2.26,1.648020,1.138910,1000.00,cifi0007.DBF
Q1FN,10Q1FN,F,NS,00,39,7,0.00,0,1.42,2.28,1.648020,1.138910,1000.00,cifi0007.DBF
Q1FN,10Q1FN,F,NS,00,39,8,0.00,0,1.18,2.13,1.648020,1.138910,1000.00,cifi0007.DBF
Q1FN,10Q1FN,F,NS,00,39,9,0.00,0,0.72,1.77,1.648020,1.138910,1000.00,cifi0007.DBF
Q1FN,10Q1FN,F,NS,00,39,10,0.00,0,0.00,1.18,1.648020,1.138910,1000.00,cifi0007.DBF
Q1FN,10Q1FN,F,NS,00,40,1,0.00,0,0.00,0.60,1.207630,1.207630,1000.00,cifi0007.DBF
Q1FN,10Q1FN,F,NS,00,40,2,0.00,0,0.53,1.17,1.799160,1.207630,1000.00,cifi0007.DBF
Q1FN,10Q1FN,F,NS,00,40,3,0.00,0,0.99,1.66,1.799160,1.207630,1000.00,cifi0007.DBF
Q1FN,10Q1FN,F,NS,00,40,4,0.00,0,1.36,2.08,1.799160,1.207630,1000.00,cifi0007.DBF
Q1FN,10Q1FN,F,NS,00,40,5,0.00,0,1.61,2.39,1.799160,1.207630,1000.00,cifi0007.DBF
Q1FN,10Q1FN,F,NS,00,40,6,0.00,0,1.72,2.57,1.799160,1.207630,1000.00,cifi0007.DBF
Q1FN,10Q1FN,F,NS,00,40,7,0.00,0,1.65,2.58,1.799160,1.207630,1000.00,cifi0007.DBF
Q1FN,10Q1FN,F,NS,00,40,8,0.00,0,1.36,2.40,1.799160,1.207630,1000.00,cifi0007.DBF
Q1FN,10Q1FN,F,NS,00,40,9,0.00,0,0.82,1.99,1.799160,1.207630,1000.00,cifi0007.DBF
Q1FN,10Q1FN,F,NS,00,40,10,0.00,0,0.00,1.31,1.799160,1.207630,1000.00,cifi0007.DBF
Q1FN,10Q1FN,F,NS,00,41,1,0.00,0,0.00,0.64,1.286180,1.286180,1000.00,cifi0007.DBF
Q1FN,10Q1FN,F,NS,00,41,2,0.00,0,0.62,1.30,1.972620,1.286180,1000.00,cifi0007.DBF
Q1FN,10Q1FN,F,NS,00,41,3,0.00,0,1.15,1.87,1.972620,1.286180,1000.00,cifi0007.DBF
Q1FN,10Q1FN,F,NS,00,41,4,0.00,0,1.58,2.35,1.972620,1.286180,1000.00,cifi0007.DBF
Q1FN,10Q1FN,F,NS,00,41,5,0.00,0,1.86,2.71,1.972620,1.286180,1000.00,cifi0007.DBF
Q1FN,10Q1FN,F,NS,00,41,6,0.00,0,1.98,2.91,1.972620,1.286180,1000.00,cifi0007.DBF
Q1FN,10Q1FN,F,NS,00,41,7,0.00,0,1.88,2.91,1.972620,1.286180,1000.00,cifi0007.DBF
Q1FN,10Q1FN,F,NS,00,41,8,0.00,0,1.55,2.70,1.972620,1.286180,1000.00,cifi0007.DBF
Q1FN,10Q1FN,F,NS,00,41,9,0.00,0,0.93,2.23,1.972620,1.286180,1000.00,cifi0007.DBF
Q1FN,10Q1FN,F,NS,00,41,10,0.00,0,0.00,1.45,1.972620,1.286180,1000.00,cifi0007.DBF
Q1FN,10Q1FN,F,NS,00,42,1,0.00,0,0.00,0.69,1.374540,1.374540,1000.00,cifi0007.DBF
Q1FN,10Q1FN,F,NS,00,42,2,0.00,0,0.72,1.44,2.171670,1.374540,1000.00,cifi0007.DBF
Q1FN,10Q1FN,F,NS,00,42,3,0.00,0,1.33,2.11,2.171670,1.374540,1000.00,cifi0007.DBF
Q1FN,10Q1FN,F,NS,00,42,4,0.00,0,1.81,2.65,2.171670,1.374540,1000.00,cifi0007.DBF
Q1FN,10Q1FN,F,NS,00,42,5,0.00,0,2.13,3.06,2.171670,1.374540,1000.00,cifi0007.DBF
Q1FN,10Q1FN,F,NS,00,42,6,0.00,0,2.25,3.27,2.171670,1.374540,1000.00,cifi0007.DBF
Q1FN,10Q1FN,F,NS,00,42,7,0.00,0,2.13,3.28,2.171670,1.374540,1000.00,cifi0007.DBF
Q1FN,10Q1FN,F,NS,00,42,8,0.00,0,1.75,3.03,2.171670,1.374540,1000.00,cifi0007.DBF
Q1FN,10Q1FN,F,NS,00,42,9,0.00,0,1.06,2.49,2.171670,1.374540,1000.00,cifi0007.DBF
Q1FN,10Q1FN,F,NS,00,42,10,0.00,0,0.00,1.62,2.171670,1.374540,1000.00,cifi0007.DBF
Q1FN,10Q1FN,F,NS,00,43,1,0.00,0,0.00,0.74,1.482540,1.482540,1000.00,cifi0007.DBF
Q1FN,10Q1FN,F,NS,00,43,2,0.00,0,0.82,1.61,2.398380,1.482540,1000.00,cifi0007.DBF
Q1FN,10Q1FN,F,NS,00,43,3,0.00,0,1.52,2.37,2.398380,1.482540,1000.00,cifi0007.DBF
Q1FN,10Q1FN,F,NS,00,43,4,0.00,0,2.06,2.99,2.398380,1.482540,1000.00,cifi0007.DBF
Q1FN,10Q1FN,F,NS,00,43,5,0.00,0,2.41,3.43,2.398380,1.482540,1000.00,cifi0007.DBF
Q1FN,10Q1FN,F,NS,00,43,6,0.00,0,2.54,3.67,2.398380,1.482540,1000.00,cifi0007.DBF
Q1FN,10Q1FN,F,NS,00,43,7,0.00,0,2.41,3.67,2.398380,1.482540,1000.00,cifi0007.DBF
Q1FN,10Q1FN,F,NS,00,43,8,0.00,0,1.98,3.39,2.398380,1.482540,1000.00,cifi0007.DBF
Q1FN,10Q1FN,F,NS,00,43,9,0.00,0,1.20,2.79,2.398380,1.482540,1000.00,cifi0007.DBF
Q1FN,10Q1FN,F,NS,00,43,10,0.00,0,0.00,1.80,2.398380,1.482540,1000.00,cifi0007.DBF
Q1FN,10Q1FN,F,NS,00,44,1,0.00,0,0.00,0.81,1.610180,1.610180,1000.00,cifi0007.DBF
Q1FN,10Q1FN,F,NS,00,44,2,0.00,0,0.93,1.79,2.653050,1.610180,1000.00,cifi0007.DBF
Q1FN,10Q1FN,F,NS,00,44,3,0.00,0,1.71,2.65,2.653050,1.610180,1000.00,cifi0007.DBF
Q1FN,10Q1FN,F,NS,00,44,4,0.00,0,2.32,3.34,2.653050,1.610180,1000.00,cifi0007.DBF
Q1FN,10Q1FN,F,NS,00,44,5,0.00,0,2.71,3.84,2.653050,1.610180,1000.00,cifi0007.DBF
Q1FN,10Q1FN,F,NS,00,44,6,0.00,0,2.85,4.10,2.653050,1.610180,1000.00,cifi0007.DBF
Q1FN,10Q1FN,F,NS,00,44,7,0.00,0,2.70,4.10,2.653050,1.610180,1000.00,cifi0007.DBF
Q1FN,10Q1FN,F,NS,00,44,8,0.00,0,2.21,3.78,2.653050,1.610180,1000.00,cifi0007.DBF
Q1FN,10Q1FN,F,NS,00,44,9,0.00,0,1.32,3.09,2.653050,1.610180,1000.00,cifi0007.DBF
Q1FN,10Q1FN,F,NS,00,44,10,0.00,0,0.00,1.99,2.653050,1.610180,1000.00,cifi0007.DBF
Q1FN,10Q1FN,F,NS,00,45,1,0.00,0,0.00,0.88,1.757450,1.757450,1000.00,cifi0007.DBF
Q1FN,10Q1FN,F,NS,00,45,2,0.00,0,1.04,1.99,2.936000,1.757450,1000.00,cifi0007.DBF
Q1FN,10Q1FN,F,NS,00,45,3,0.00,0,1.91,2.94,2.936000,1.757450,1000.00,cifi0007.DBF
Q1FN,10Q1FN,F,NS,00,45,4,0.00,0,2.58,3.71,2.936000,1.757450,1000.00,cifi0007.DBF
Q1FN,10Q1FN,F,NS,00,45,5,0.00,0,3.01,4.26,2.936000,1.757450,1000.00,cifi0007.DBF
Q1FN,10Q1FN,F,NS,00,45,6,0.00,0,3.16,4.55,2.936000,1.757450,1000.00,cifi0007.DBF
Q1FN,10Q1FN,F,NS,00,45,7,0.00,0,2.99,4.54,2.936000,1.757450,1000.00,cifi0007.DBF
Q1FN,10Q1FN,F,NS,00,45,8,0.00,0,2.43,4.17,2.936000,1.757450,1000.00,cifi0007.DBF
Q1FN,10Q1FN,F,NS,00,45,9,0.00,0,1.44,3.40,2.936000,1.757450,1000.00,cifi0007.DBF
Q1FN,10Q1FN,F,NS,00,45,10,0.00,0,0.00,2.19,2.936000,1.757450,1000.00,cifi0007.DBF
Q1FN,10Q1FN,F,NS,00,46,1,0.00,0,0.00,0.97,1.934180,1.934180,1000.00,cifi0007.DBF
Q1FN,10Q1FN,F,NS,00,46,2,0.00,0,1.15,2.20,3.249940,1.934180,1000.00,cifi0007.DBF
Q1FN,10Q1FN,F,NS,00,46,3,0.00,0,2.12,3.26,3.249940,1.934180,1000.00,cifi0007.DBF
Q1FN,10Q1FN,F,NS,00,46,4,0.00,0,2.86,4.11,3.249940,1.934180,1000.00,cifi0007.DBF
Q1FN,10Q1FN,F,NS,00,46,5,0.00,0,3.33,4.72,3.249940,1.934180,1000.00,cifi0007.DBF
Q1FN,10Q1FN,F,NS,00,46,6,0.00,0,3.49,5.04,3.249940,1.934180,1000.00,cifi0007.DBF
Q1FN,10Q1FN,F,NS,00,46,7,0.00,0,3.28,5.01,3.249940,1.934180,1000.00,cifi0007.DBF
Q1FN,10Q1FN,F,NS,00,46,8,0.00,0,2.66,4.59,3.249940,1.934180,1000.00,cifi0007.DBF
Q1FN,10Q1FN,F,NS,00,46,9,0.00,0,1.59,3.75,3.249940,1.934180,1000.00,cifi0007.DBF
Q1FN,10Q1FN,F,NS,00,46,10,0.00,0,0.00,2.42,3.249940,1.934180,1000.00,cifi0007.DBF
Q1FN,10Q1FN,F,NS,00,47,1,0.00,0,0.00,1.07,2.140360,2.140360,1000.00,cifi0007.DBF
Q1FN,10Q1FN,F,NS,00,47,2,0.00,0,1.28,2.44,3.595830,2.140360,1000.00,cifi0007.DBF
Q1FN,10Q1FN,F,NS,00,47,3,0.00,0,2.34,3.61,3.595830,2.140360,1000.00,cifi0007.DBF
Q1FN,10Q1FN,F,NS,00,47,4,0.00,0,3.16,4.55,3.595830,2.140360,1000.00,cifi0007.DBF
Q1FN,10Q1FN,F,NS,00,47,5,0.00,0,3.67,5.21,3.595830,2.140360,1000.00,cifi0007.DBF
Q1FN,10Q1FN,F,NS,00,47,6,0.00,0,3.82,5.54,3.595830,2.140360,1000.00,cifi0007.DBF
Q1FN,10Q1FN,F,NS,00,47,7,0.00,0,3.58,5.50,3.595830,2.140360,1000.00,cifi0007.DBF
Q1FN,10Q1FN,F,NS,00,47,8,0.00,0,2.92,5.05,3.595830,2.140360,1000.00,cifi0007.DBF
Q1FN,10Q1FN,F,NS,00,47,9,0.00,0,1.75,4.13,3.595830,2.140360,1000.00,cifi0007.DBF
Q1FN,10Q1FN,F,NS,00,47,10,0.00,0,0.00,2.67,3.595830,2.140360,1000.00,cifi0007.DBF
Q1FN,10Q1FN,F,NS,00,48,1,0.00,0,0.00,1.18,2.366180,2.366180,1000.00,cifi0007.DBF
Q1FN,10Q1FN,F,NS,00,48,2,0.00,0,1.41,2.69,3.975070,2.366180,1000.00,cifi0007.DBF
Q1FN,10Q1FN,F,NS,00,48,3,0.00,0,2.58,3.98,3.975070,2.366180,1000.00,cifi0007.DBF
Q1FN,10Q1FN,F,NS,00,48,4,0.00,0,3.46,5.01,3.975070,2.366180,1000.00,cifi0007.DBF
Q1FN,10Q1FN,F,NS,00,48,5,0.00,0,4.00,5.72,3.975070,2.366180,1000.00,cifi0007.DBF
Q1FN,10Q1FN,F,NS,00,48,6,0.00,0,4.16,6.07,3.975070,2.366180,1000.00,cifi0007.DBF
Q1FN,10Q1FN,F,NS,00,48,7,0.00,0,3.92,6.03,3.975070,2.366180,1000.00,cifi0007.DBF
Q1FN,10Q1FN,F,NS,00,48,8,0.00,0,3.18,5.54,3.975070,2.366180,1000.00,cifi0007.DBF
Q1FN,10Q1FN,F,NS,00,48,9,0.00,0,1.90,4.53,3.975070,2.366180,1000.00,cifi0007.DBF
Q1FN,10Q1FN,F,NS,00,48,10,0.00,0,0.00,2.94,3.975070,2.366180,1000.00,cifi0007.DBF
Q1FN,10Q1FN,F,NS,00,49,1,0.00,0,0.00,1.31,2.621450,2.621450,1000.00,cifi0007.DBF
Q1FN,10Q1FN,F,NS,00,49,2,0.00,0,1.54,2.96,4.386890,2.621450,1000.00,cifi0007.DBF
Q1FN,10Q1FN,F,NS,00,49,3,0.00,0,2.81,4.37,4.386890,2.621450,1000.00,cifi0007.DBF
Q1FN,10Q1FN,F,NS,00,49,4,0.00,0,3.75,5.47,4.386890,2.621450,1000.00,cifi0007.DBF
Q1FN,10Q1FN,F,NS,00,49,5,0.00,0,4.33,6.24,4.386890,2.621450,1000.00,cifi0007.DBF
Q1FN,10Q1FN,F,NS,00,49,6,0.00,0,4.53,6.62,4.386890,2.621450,1000.00,cifi0007.DBF
Q1FN,10Q1FN,F,NS,00,49,7,0.00,0,4.25,6.58,4.386890,2.621450,1000.00,cifi0007.DBF
Q1FN,10Q1FN,F,NS,00,49,8,0.00,0,3.43,6.03,4.386890,2.621450,1000.00,cifi0007.DBF
Q1FN,10Q1FN,F,NS,00,49,9,0.00,0,2.03,4.93,4.386890,2.621450,1000.00,cifi0007.DBF
Q1FN,10Q1FN,F,NS,00,49,10,0.00,0,0.00,3.21,4.386890,2.621450,1000.00,cifi0007.DBF
Q1FN,10Q1FN,F,NS,00,50,1,0.00,0,0.00,1.45,2.906180,2.906180,1000.00,cifi0007.DBF
Q1FN,10Q1FN,F,NS,00,50,2,0.00,0,1.66,3.25,4.829580,2.906180,1000.00,cifi0007.DBF
Q1FN,10Q1FN,F,NS,00,50,3,0.00,0,3.02,4.76,4.829580,2.906180,1000.00,cifi0007.DBF
Q1FN,10Q1FN,F,NS,00,50,4,0.00,0,4.04,5.94,4.829580,2.906180,1000.00,cifi0007.DBF
Q1FN,10Q1FN,F,NS,00,50,5,0.00,0,4.68,6.77,4.829580,2.906180,1000.00,cifi0007.DBF
Q1FN,10Q1FN,F,NS,00,50,6,0.00,0,4.86,7.18,4.829580,2.906180,1000.00,cifi0007.DBF
Q1FN,10Q1FN,F,NS,00,50,7,0.00,0,4.54,7.12,4.829580,2.906180,1000.00,cifi0007.DBF
Q1FN,10Q1FN,F,NS,00,50,8,0.00,0,3.65,6.51,4.829580,2.906180,1000.00,cifi0007.DBF
Q1FN,10Q1FN,F,NS,00,50,9,0.00,0,2.15,5.32,4.829580,2.906180,1000.00,cifi0007.DBF
Q1FN,10Q1FN,F,NS,00,50,10,0.00,0,0.00,3.49,4.829580,2.906180,1000.00,cifi0007.DBF
Q1FN,10Q1FN,F,NS,00,51,1,0.00,0,0.00,1.62,3.230180,3.230180,1000.00,cifi0007.DBF
Q1FN,10Q1FN,F,NS,00,51,2,0.00,0,1.78,3.54,5.301880,3.230180,1000.00,cifi0007.DBF
Q1FN,10Q1FN,F,NS,00,51,3,0.00,0,3.23,5.16,5.301880,3.230180,1000.00,cifi0007.DBF
Q1FN,10Q1FN,F,NS,00,51,4,0.00,0,4.33,6.43,5.301880,3.230180,1000.00,cifi0007.DBF
Q1FN,10Q1FN,F,NS,00,51,5,0.00,0,5.00,7.32,5.301880,3.230180,1000.00,cifi0007.DBF
Q1FN,10Q1FN,F,NS,00,51,6,0.00,0,5.17,7.74,5.301880,3.230180,1000.00,cifi0007.DBF
Q1FN,10Q1FN,F,NS,00,51,7,0.00,0,4.81,7.64,5.301880,3.230180,1000.00,cifi0007.DBF
Q1FN,10Q1FN,F,NS,00,51,8,0.00,0,3.85,6.98,5.301880,3.230180,1000.00,cifi0007.DBF
Q1FN,10Q1FN,F,NS,00,51,9,0.00,0,2.27,5.71,5.301880,3.230180,1000.00,cifi0007.DBF
Q1FN,10Q1FN,F,NS,00,51,10,0.00,0,0.00,3.78,5.301880,3.230180,1000.00,cifi0007.DBF
Q1FN,10Q1FN,F,NS,00,52,1,0.00,0,0.00,1.80,3.593450,3.593450,1000.00,cifi0007.DBF
Q1FN,10Q1FN,F,NS,00,52,2,0.00,0,1.91,3.86,5.805200,3.593450,1000.00,cifi0007.DBF
Q1FN,10Q1FN,F,NS,00,52,3,0.00,0,3.47,5.59,5.805200,3.593450,1000.00,cifi0007.DBF
Q1FN,10Q1FN,F,NS,00,52,4,0.00,0,4.63,6.95,5.805200,3.593450,1000.00,cifi0007.DBF
Q1FN,10Q1FN,F,NS,00,52,5,0.00,0,5.31,7.87,5.805200,3.593450,1000.00,cifi0007.DBF
Q1FN,10Q1FN,F,NS,00,52,6,0.00,0,5.47,8.29,5.805200,3.593450,1000.00,cifi0007.DBF
Q1FN,10Q1FN,F,NS,00,52,7,0.00,0,5.07,8.18,5.805200,3.593450,1000.00,cifi0007.DBF
Q1FN,10Q1FN,F,NS,00,52,8,0.00,0,4.07,7.47,5.805200,3.593450,1000.00,cifi0007.DBF
Q1FN,10Q1FN,F,NS,00,52,9,0.00,0,2.41,6.14,5.805200,3.593450,1000.00,cifi0007.DBF
Q1FN,10Q1FN,F,NS,00,52,10,0.00,0,0.00,4.11,5.805200,3.593450,1000.00,cifi0007.DBF
Q1FN,10Q1FN,F,NS,00,53,1,0.00,0,0.00,1.99,3.976360,3.976360,1000.00,cifi0007.DBF
Q1FN,10Q1FN,F,NS,00,53,2,0.00,0,2.05,4.19,6.341850,3.976360,1000.00,cifi0007.DBF
Q1FN,10Q1FN,F,NS,00,53,3,0.00,0,3.70,6.04,6.341850,3.976360,1000.00,cifi0007.DBF
Q1FN,10Q1FN,F,NS,00,53,4,0.00,0,4.90,7.47,6.341850,3.976360,1000.00,cifi0007.DBF
Q1FN,10Q1FN,F,NS,00,53,5,0.00,0,5.61,8.43,6.341850,3.976360,1000.00,cifi0007.DBF
Q1FN,10Q1FN,F,NS,00,53,6,0.00,0,5.77,8.86,6.341850,3.976360,1000.00,cifi0007.DBF
Q1FN,10Q1FN,F,NS,00,53,7,0.00,0,5.37,8.74,6.341850,3.976360,1000.00,cifi0007.DBF
Q1FN,10Q1FN,F,NS,00,53,8,0.00,0,4.33,8.02,6.341850,3.976360,1000.00,cifi0007.DBF
Q1FN,10Q1FN,F,NS,00,53,9,0.00,0,2.56,6.62,6.341850,3.976360,1000.00,cifi0007.DBF
Q1FN,10Q1FN,F,NS,00,53,10,0.00,0,0.00,4.45,6.341850,3.976360,1000.00,cifi0007.DBF
Q1FN,10Q1FN,F,NS,00,54,1,0.00,0,0.00,2.19,4.378900,4.378900,1000.00,cifi0007.DBF
Q1FN,10Q1FN,F,NS,00,54,2,0.00,0,2.16,4.54,6.914220,4.378900,1000.00,cifi0007.DBF
Q1FN,10Q1FN,F,NS,00,54,3,0.00,0,3.90,6.49,6.914220,4.378900,1000.00,cifi0007.DBF
Q1FN,10Q1FN,F,NS,00,54,4,0.00,0,5.16,7.98,6.914220,4.378900,1000.00,cifi0007.DBF
Q1FN,10Q1FN,F,NS,00,54,5,0.00,0,5.90,8.98,6.914220,4.378900,1000.00,cifi0007.DBF
Q1FN,10Q1FN,F,NS,00,54,6,0.00,0,6.09,9.45,6.914220,4.378900,1000.00,cifi0007.DBF
Q1FN,10Q1FN,F,NS,00,54,7,0.00,0,5.69,9.35,6.914220,4.378900,1000.00,cifi0007.DBF
Q1FN,10Q1FN,F,NS,00,54,8,0.00,0,4.59,8.59,6.914220,4.378900,1000.00,cifi0007.DBF
Q1FN,10Q1FN,F,NS,00,54,9,0.00,0,2.72,7.11,6.914220,4.378900,1000.00,cifi0007.DBF
Q1FN,10Q1FN,F,NS,00,54,10,0.00,0,0.00,4.82,6.914220,4.378900,1000.00,cifi0007.DBF
Q1FN,10Q1FN,F,NS,00,55,1,0.00,0,0.00,2.42,4.840360,4.840360,1000.00,cifi0007.DBF
Q1FN,10Q1FN,F,NS,00,55,2,0.00,0,2.28,4.90,7.522190,4.840360,1000.00,cifi0007.DBF
Q1FN,10Q1FN,F,NS,00,55,3,0.00,0,4.10,6.95,7.522190,4.840360,1000.00,cifi0007.DBF
Q1FN,10Q1FN,F,NS,00,55,4,0.00,0,5.43,8.52,7.522190,4.840360,1000.00,cifi0007.DBF
Q1FN,10Q1FN,F,NS,00,55,5,0.00,0,6.24,9.60,7.522190,4.840360,1000.00,cifi0007.DBF
Q1FN,10Q1FN,F,NS,00,55,6,0.00,0,6.47,10.12,7.522190,4.840360,1000.00,cifi0007.DBF
Q1FN,10Q1FN,F,NS,00,55,7,0.00,0,6.05,10.02,7.522190,4.840360,1000.00,cifi0007.DBF
Q1FN,10Q1FN,F,NS,00,55,8,0.00,0,4.88,9.22,7.522190,4.840360,1000.00,cifi0007.DBF
Q1FN,10Q1FN,F,NS,00,55,9,0.00,0,2.90,7.65,7.522190,4.840360,1000.00,cifi0007.DBF
Q1FN,10Q1FN,F,NS,00,55,10,0.00,0,0.00,5.21,7.522190,4.840360,1000.00,cifi0007.DBF
Q1FN,10Q1FN,F,NS,00,56,1,0.00,0,0.00,2.67,5.341080,5.341080,1000.00,cifi0007.DBF
Q1FN,10Q1FN,F,NS,00,56,2,0.00,0,2.40,5.28,8.170050,5.341080,1000.00,cifi0007.DBF
Q1FN,10Q1FN,F,NS,00,56,3,0.00,0,4.33,7.45,8.170050,5.341080,1000.00,cifi0007.DBF
Q1FN,10Q1FN,F,NS,00,56,4,0.00,0,5.77,9.14,8.170050,5.341080,1000.00,cifi0007.DBF
Q1FN,10Q1FN,F,NS,00,56,5,0.00,0,6.66,10.30,8.170050,5.341080,1000.00,cifi0007.DBF
Q1FN,10Q1FN,F,NS,00,56,6,0.00,0,6.92,10.87,8.170050,5.341080,1000.00,cifi0007.DBF
Q1FN,10Q1FN,F,NS,00,56,7,0.00,0,6.47,10.78,8.170050,5.341080,1000.00,cifi0007.DBF
Q1FN,10Q1FN,F,NS,00,56,8,0.00,0,5.25,9.95,8.170050,5.341080,1000.00,cifi0007.DBF
Q1FN,10Q1FN,F,NS,00,56,9,0.00,0,3.14,8.28,8.170050,5.341080,1000.00,cifi0007.DBF
Q1FN,10Q1FN,F,NS,00,56,10,0.00,0,0.00,5.66,8.170050,5.341080,1000.00,cifi0007.DBF
Q1FN,10Q1FN,F,NS,00,57,1,0.00,0,0.00,2.94,5.871260,5.871260,1000.00,cifi0007.DBF
Q1FN,10Q1FN,F,NS,00,57,2,0.00,0,2.55,5.71,8.862670,5.871260,1000.00,cifi0007.DBF
Q1FN,10Q1FN,F,NS,00,57,3,0.00,0,4.63,8.02,8.862670,5.871260,1000.00,cifi0007.DBF
Q1FN,10Q1FN,F,NS,00,57,4,0.00,0,6.19,9.84,8.862670,5.871260,1000.00,cifi0007.DBF
Q1FN,10Q1FN,F,NS,00,57,5,0.00,0,7.15,11.11,8.862670,5.871260,1000.00,cifi0007.DBF
Q1FN,10Q1FN,F,NS,00,57,6,0.00,0,7.45,11.73,8.862670,5.871260,1000.00,cifi0007.DBF
Q1FN,10Q1FN,F,NS,00,57,7,0.00,0,7.00,11.65,8.862670,5.871260,1000.00,cifi0007.DBF
Q1FN,10Q1FN,F,NS,00,57,8,0.00,0,5.70,10.78,8.862670,5.871260,1000.00,cifi0007.DBF
Q1FN,10Q1FN,F,NS,00,57,9,0.00,0,3.41,8.98,8.862670,5.871260,1000.00,cifi0007.DBF
Q1FN,10Q1FN,F,NS,00,57,10,0.00,0,0.00,6.14,8.862670,5.871260,1000.00,cifi0007.DBF
Q1FN,10Q1FN,F,NS,00,58,1,0.00,0,0.00,3.21,6.421080,6.421080,1000.00,cifi0007.DBF
Q1FN,10Q1FN,F,NS,00,58,2,0.00,0,2.75,6.18,9.609150,6.421080,1000.00,cifi0007.DBF
Q1FN,10Q1FN,F,NS,00,58,3,0.00,0,5.00,8.68,9.609150,6.421080,1000.00,cifi0007.DBF
Q1FN,10Q1FN,F,NS,00,58,4,0.00,0,6.69,10.65,9.609150,6.421080,1000.00,cifi0007.DBF
Q1FN,10Q1FN,F,NS,00,58,5,0.00,0,7.74,12.02,9.609150,6.421080,1000.00,cifi0007.DBF
Q1FN,10Q1FN,F,NS,00,58,6,0.00,0,8.09,12.72,9.609150,6.421080,1000.00,cifi0007.DBF
Q1FN,10Q1FN,F,NS,00,58,7,0.00,0,7.62,12.66,9.609150,6.421080,1000.00,cifi0007.DBF
Q1FN,10Q1FN,F,NS,00,58,8,0.00,0,6.22,11.73,9.609150,6.421080,1000.00,cifi0007.DBF
Q1FN,10Q1FN,F,NS,00,58,9,0.00,0,3.73,9.78,9.609150,6.421080,1000.00,cifi0007.DBF
Q1FN,10Q1FN,F,NS,00,58,10,0.00,0,0.00,6.67,9.609150,6.421080,1000.00,cifi0007.DBF
Q1FN,10Q1FN,F,NS,00,59,1,0.00,0,0.00,3.49,6.980720,6.980720,1000.00,cifi0007.DBF
Q1FN,10Q1FN,F,NS,00,59,2,0.00,0,2.98,6.70,10.421220,6.980720,1000.00,cifi0007.DBF
Q1FN,10Q1FN,F,NS,00,59,3,0.00,0,5.42,9.41,10.421220,6.980720,1000.00,cifi0007.DBF
Q1FN,10Q1FN,F,NS,00,59,4,0.00,0,7.27,11.56,10.421220,6.980720,1000.00,cifi0007.DBF
Q1FN,10Q1FN,F,NS,00,59,5,0.00,0,8.44,13.06,10.421220,6.980720,1000.00,cifi0007.DBF
Q1FN,10Q1FN,F,NS,00,59,6,0.00,0,8.85,13.85,10.421220,6.980720,1000.00,cifi0007.DBF
Q1FN,10Q1FN,F,NS,00,59,7,0.00,0,8.35,13.81,10.421220,6.980720,1000.00,cifi0007.DBF
Q1FN,10Q1FN,F,NS,00,59,8,0.00,0,6.83,12.80,10.421220,6.980720,1000.00,cifi0007.DBF
Q1FN,10Q1FN,F,NS,00,59,9,0.00,0,4.11,10.68,10.421220,6.980720,1000.00,cifi0007.DBF
Q1FN,10Q1FN,F,NS,00,59,10,0.00,0,0.00,7.27,10.421220,6.980720,1000.00,cifi0007.DBF
Q1FN,10Q1FN,F,NS,00,60,1,0.00,0,0.00,3.78,7.569810,7.569810,1000.00,cifi0007.DBF
Q1FN,10Q1FN,F,NS,00,60,2,0.00,0,3.23,7.27,11.307550,7.569810,1000.00,cifi0007.DBF
Q1FN,10Q1FN,F,NS,00,60,3,0.00,0,5.90,10.22,11.307550,7.569810,1000.00,cifi0007.DBF
Q1FN,10Q1FN,F,NS,00,60,4,0.00,0,7.94,12.57,11.307550,7.569810,1000.00,cifi0007.DBF
Q1FN,10Q1FN,F,NS,00,60,5,0.00,0,9.25,14.25,11.307550,7.569810,1000.00,cifi0007.DBF
Q1FN,10Q1FN,F,NS,00,60,6,0.00,0,9.70,15.13,11.307550,7.569810,1000.00,cifi0007.DBF
Q1FN,10Q1FN,F,NS,00,60,7,0.00,0,9.18,15.10,11.307550,7.569810,1000.00,cifi0007.DBF
Q1FN,10Q1FN,F,NS,00,60,8,0.00,0,7.51,14.00,11.307550,7.569810,1000.00,cifi0007.DBF
Q1FN,10Q1FN,F,NS,00,60,9,0.00,0,4.52,11.67,11.307550,7.569810,1000.00,cifi0007.DBF
Q1FN,10Q1FN,F,NS,00,60,10,0.00,0,0.00,7.91,11.307550,7.569810,1000.00,cifi0007.DBF
Q1FN,10Q1FN,F,NS,00,61,1,0.00,0,0.00,4.11,8.217810,8.217810,1000.00,cifi0007.DBF
Q1FN,10Q1FN,F,NS,00,61,2,0.00,0,3.53,7.91,12.278390,8.217810,1000.00,cifi0007.DBF
Q1FN,10Q1FN,F,NS,00,61,3,0.00,0,6.47,11.14,12.278390,8.217810,1000.00,cifi0007.DBF
Q1FN,10Q1FN,F,NS,00,61,4,0.00,0,8.73,13.74,12.278390,8.217810,1000.00,cifi0007.DBF
Q1FN,10Q1FN,F,NS,00,61,5,0.00,0,10.18,15.59,12.278390,8.217810,1000.00,cifi0007.DBF
Q1FN,10Q1FN,F,NS,00,61,6,0.00,0,10.70,16.58,12.278390,8.217810,1000.00,cifi0007.DBF
Q1FN,10Q1FN,F,NS,00,61,7,0.00,0,10.13,16.56,12.278390,8.217810,1000.00,cifi0007.DBF
Q1FN,10Q1FN,F,NS,00,61,8,0.00,0,8.30,15.36,12.278390,8.217810,1000.00,cifi0007.DBF
Q1FN,10Q1FN,F,NS,00,61,9,0.00,0,5.01,12.80,12.278390,8.217810,1000.00,cifi0007.DBF
Q1FN,10Q1FN,F,NS,00,61,10,0.00,0,0.00,8.64,12.278390,8.217810,1000.00,cifi0007.DBF
Q1FN,10Q1FN,F,NS,00,62,1,0.00,0,0.00,4.45,8.905080,8.905080,1000.00,cifi0007.DBF
Q1FN,10Q1FN,F,NS,00,62,2,0.00,0,3.90,8.62,13.350640,8.905080,1000.00,cifi0007.DBF
Q1FN,10Q1FN,F,NS,00,62,3,0.00,0,7.15,12.20,13.350640,8.905080,1000.00,cifi0007.DBF
Q1FN,10Q1FN,F,NS,00,62,4,0.00,0,9.65,15.08,13.350640,8.905080,1000.00,cifi0007.DBF
Q1FN,10Q1FN,F,NS,00,62,5,0.00,0,11.27,17.13,13.350640,8.905080,1000.00,cifi0007.DBF
Q1FN,10Q1FN,F,NS,00,62,6,0.00,0,11.86,18.24,13.350640,8.905080,1000.00,cifi0007.DBF
Q1FN,10Q1FN,F,NS,00,62,7,0.00,0,11.25,18.23,13.350640,8.905080,1000.00,cifi0007.DBF
Q1FN,10Q1FN,F,NS,00,62,8,0.00,0,9.25,16.92,13.350640,8.905080,1000.00,cifi0007.DBF
Q1FN,10Q1FN,F,NS,00,62,9,0.00,0,5.61,14.10,13.350640,8.905080,1000.00,cifi0007.DBF
Q1FN,10Q1FN,F,NS,00,62,10,0.00,0,0.00,9.48,13.350640,8.905080,1000.00,cifi0007.DBF
Q1FN,10Q1FN,F,NS,00,63,1,0.00,0,0.00,4.82,9.631620,9.631620,1000.00,cifi0007.DBF
Q1FN,10Q1FN,F,NS,00,63,2,0.00,0,4.31,9.42,14.537520,9.631620,1000.00,cifi0007.DBF
Q1FN,10Q1FN,F,NS,00,63,3,0.00,0,7.91,13.38,14.537520,9.631620,1000.00,cifi0007.DBF
Q1FN,10Q1FN,F,NS,00,63,4,0.00,0,10.69,16.57,14.537520,9.631620,1000.00,cifi0007.DBF
Q1FN,10Q1FN,F,NS,00,63,5,0.00,0,12.50,18.87,14.537520,9.631620,1000.00,cifi0007.DBF
Q1FN,10Q1FN,F,NS,00,63,6,0.00,0,13.17,20.11,14.537520,9.631620,1000.00,cifi0007.DBF
Q1FN,10Q1FN,F,NS,00,63,7,0.00,0,12.53,20.12,14.537520,9.631620,1000.00,cifi0007.DBF
Q1FN,10Q1FN,F,NS,00,63,8,0.00,0,10.33,18.70,14.537520,9.631620,1000.00,cifi0007.DBF
Q1FN,10Q1FN,F,NS,00,63,9,0.00,0,6.25,15.56,14.537520,9.631620,1000.00,cifi0007.DBF
Q1FN,10Q1FN,F,NS,00,63,10,0.00,0,0.00,10.39,14.537520,9.631620,1000.00,cifi0007.DBF
Q1FN,10Q1FN,F,NS,00,64,1,0.00,0,0.00,5.21,10.426890,10.426890,1000.00,cifi0007.DBF
Q1FN,10Q1FN,F,NS,00,64,2,0.00,0,4.76,10.31,15.849660,10.426890,1000.00,cifi0007.DBF
Q1FN,10Q1FN,F,NS,00,64,3,0.00,0,8.76,14.69,15.849660,10.426890,1000.00,cifi0007.DBF
Q1FN,10Q1FN,F,NS,00,64,4,0.00,0,11.85,18.23,15.849660,10.426890,1000.00,cifi0007.DBF
Q1FN,10Q1FN,F,NS,00,64,5,0.00,0,13.87,20.79,15.849660,10.426890,1000.00,cifi0007.DBF
Q1FN,10Q1FN,F,NS,00,64,6,0.00,0,14.65,22.19,15.849660,10.426890,1000.00,cifi0007.DBF
Q1FN,10Q1FN,F,NS,00,64,7,0.00,0,13.95,22.23,15.849660,10.426890,1000.00,cifi0007.DBF
Q1FN,10Q1FN,F,NS,00,64,8,0.00,0,11.47,20.64,15.849660,10.426890,1000.00,cifi0007.DBF
Q1FN,10Q1FN,F,NS,00,64,9,0.00,0,6.93,17.13,15.849660,10.426890,1000.00,cifi0007.DBF
Q1FN,10Q1FN,F,NS,00,64,10,0.00,0,0.00,11.39,15.849660,10.426890,1000.00,cifi0007.DBF
Q1FN,10Q1FN,F,NS,00,65,1,0.00,0,0.00,5.66,11.310530,11.310530,1000.00,cifi0007.DBF
Q1FN,10Q1FN,F,NS,00,65,2,0.00,0,5.28,11.29,17.299750,11.310530,1000.00,cifi0007.DBF
Q1FN,10Q1FN,F,NS,00,65,3,0.00,0,9.72,16.15,17.299750,11.310530,1000.00,cifi0007.DBF
Q1FN,10Q1FN,F,NS,00,65,4,0.00,0,13.15,20.08,17.299750,11.310530,1000.00,cifi0007.DBF
Q1FN,10Q1FN,F,NS,00,65,5,0.00,0,15.42,22.93,17.299750,11.310530,1000.00,cifi0007.DBF
Q1FN,10Q1FN,F,NS,00,65,6,0.00,0,16.29,24.51,17.299750,11.310530,1000.00,cifi0007.DBF
Q1FN,10Q1FN,F,NS,00,65,7,0.00,0,15.48,24.54,17.299750,11.310530,1000.00,cifi0007.DBF
Q1FN,10Q1FN,F,NS,00,65,8,0.00,0,12.72,22.75,17.299750,11.310530,1000.00,cifi0007.DBF
Q1FN,10Q1FN,F,NS,00,65,9,0.00,0,7.69,18.85,17.299750,11.310530,1000.00,cifi0007.DBF
Q1FN,10Q1FN,F,NS,00,65,10,0.00,0,0.00,12.49,17.299750,11.310530,1000.00,cifi0007.DBF
